{"type":"FeatureCollection","features":[{"type":"Feature","id":"FL-12011-998-2022","properties":{"state_po":"FL","county_fips":"12011","county_name":"Broward County","precinct_id":"998","geometry_vintage":"2022"},"geometry":{"type":"MultiPolygon","coordinates":[[[[-80.3302070003521,26.1192199997041],[-80.3302129997295,26.1189160000742],[-80.3403100004056,26.1213420004339],[-80.3440609998146,26.1222370003381],[-80.3451919998103,26.1225110003832],[-80.3462530001752,26.1227669995982],[-80.3462730001981,26.1207500001133],[-80.3529169999189,26.1228040004052],[-80.3593350000096,26.1251050003963],[-80.3603940002822,26.1254960004409],[-80.362601999582,26.1262320002075],[-80.3625960002046,26.1266850004133],[-80.3685749998357,26.1281410001079],[-80.3686479996048,26.1278900002242],[-80.3863199997675,26.1320919997469],[-80.4005640001279,26.1355279999181],[-80.4006270003351,26.1353099997575],[-80.4057979995774,26.1365320003524],[-80.4114209998786,26.1378609995863],[-80.4145229999359,26.1384240003682],[-80.4144999997745,26.1386130000907],[-80.4194559998938,26.1398020000631],[-80.4195210001934,26.1395249998797],[-80.4196059996165,26.1395449999027],[-80.4250659995956,26.1408649996209],[-80.4285429998589,26.1416889998483],[-80.4328679996578,26.1424269997071],[-80.4362249997832,26.1425200003986],[-80.438956999865,26.1410190004274],[-80.4398719997923,26.1389209999051],[-80.4396050000701,26.1359650002854],[-80.4389030000727,26.1328060002975],[-80.438125000168,26.1306469996602],[-80.4385950002584,26.1302910003303],[-80.4344289996979,26.1111610003807],[-80.4341729995836,26.1087099997675],[-80.4339360003455,26.087766999848],[-80.4344299997441,26.0877649997558],[-80.4342640001828,26.0731929995582],[-80.4341890003215,26.0663980000685],[-80.4344370000669,26.0618930000628],[-80.4419999998994,26.0619360002471],[-80.4424669998515,26.0814499999184],[-80.4432859998483,26.1129330002586],[-80.4497520003539,26.1407460004285],[-80.4497110002618,26.1418409996633],[-80.4496110001469,26.1446050003214],[-80.4478239995773,26.1446899997446],[-80.447525000178,26.1452490003419],[-80.4473649999941,26.1455449996029],[-80.4470659996955,26.1460909996008],[-80.446442999744,26.1460529996471],[-80.4448289999577,26.148492999753],[-80.4430060004259,26.1492709996578],[-80.4427369997121,26.149332999819],[-80.4425150002664,26.1483260001457],[-80.4426399997355,26.1495600003946],[-80.4411910003637,26.1493349999112],[-80.4405959999048,26.1465770004291],[-80.4401289999527,26.1462119997848],[-80.4276530001851,26.1431929999579],[-80.4212879998407,26.1416760001482],[-80.4214989996784,26.141209000196],[-80.4122290002675,26.1389820000202],[-80.3871070000873,26.1332979996039],[-80.3709159998729,26.1294169995957],[-80.3684139996058,26.1287389998059],[-80.3666999997046,26.1282780001305],[-80.3661100003756,26.1281480004308],[-80.3658340002382,26.1280789999467],[-80.3626140001354,26.1272739996962],[-80.3599909996842,26.1266200001138],[-80.3601069996377,26.1263700002762],[-80.3462530001752,26.1230639998046],[-80.3450630001567,26.1227790001516],[-80.3439940003222,26.1225219999912],[-80.3402189998063,26.1216150004328],[-80.3302070003521,26.1192199997041]]],[[[-80.2070750004103,26.0662420000691],[-80.2078880001304,26.0662309995619],[-80.2077500000618,26.0682819997154],[-80.2071890002715,26.0701070002387],[-80.2067050004348,26.0717319996329],[-80.2058349998847,26.0717420000941],[-80.205796999931,26.0703010001919],[-80.2032280001714,26.0703450004223],[-80.2032440000099,26.0709220000511],[-80.2009100002956,26.070961000051],[-80.2020719999222,26.0686709996678],[-80.2025670002662,26.0677349996714],[-80.2070750004103,26.0662420000691]]],[[[-80.2066129997895,26.0720439996318],[-80.2056260001391,26.0752809996193],[-80.2046389995895,26.0784659999068],[-80.2037649997543,26.0797010002018],[-80.203062999757,26.0815370003332],[-80.2015760004314,26.0824900002142],[-80.1991439997951,26.0825320003524],[-80.195718000085,26.0832690001651],[-80.195374999556,26.0777239998636],[-80.1979319996614,26.076663000398],[-80.1992130002791,26.0747470001748],[-80.2001310003448,26.0727820003899],[-80.205472000232,26.0726929998829],[-80.2054560003934,26.0720610004157],[-80.2066129997895,26.0720439996318]]],[[[-80.1363289997829,26.0891319998428],[-80.1350039998341,26.0890270003966],[-80.1293629996021,26.0891450004423],[-80.1282450002059,26.0891760000732],[-80.1281429999988,26.0854039996957],[-80.128063999953,26.0824639999145],[-80.1280579996763,26.0821360000772],[-80.1280609998146,26.0820309997317],[-80.1281310003448,26.0797729999249],[-80.1278900000228,26.0726149998832],[-80.1299169999689,26.0725650002754],[-80.1298509996233,26.070696000421],[-80.131943999915,26.0706480000061],[-80.1320840000759,26.0744809995993],[-80.1312270001253,26.0743839996227],[-80.1308810003572,26.0754540004027],[-80.1308770001727,26.0781549999542],[-80.1312050000101,26.0810759997585],[-80.1312019998717,26.0812060003575],[-80.131253000425,26.0816219997564],[-80.1345210000434,26.0812770000344],[-80.1363289997829,26.0891319998428]]],[[[-80.1695629999318,26.2888859997899],[-80.1690136868315,26.2888988169277],[-80.1690139997956,26.2890819998353],[-80.1645856858801,26.2890228172501],[-80.1619156850601,26.2890638173422],[-80.1594876846083,26.2891018172959],[-80.1541677108705,26.2891822877332],[-80.1530069999724,26.289189000273],[-80.1525596825827,26.2891598172726],[-80.1522950004133,26.2762790002765],[-80.1561710001909,26.276234],[-80.1561530002601,26.2754709998876],[-80.1581669996067,26.2754489997724],[-80.1581646838524,26.2744738145158],[-80.1630259997494,26.2743929996381],[-80.1683539999365,26.2742409998232],[-80.168783999981,26.2742300002152],[-80.1689709996113,26.2742239999385],[-80.1693350002095,26.274219999754],[-80.1693350002095,26.2745460003985],[-80.1694599996786,26.281946999955],[-80.1695629999318,26.2888859997899]]]]}},{"type":"Feature","id":"FL-12011-A001-2022","properties":{"state_po":"FL","county_fips":"12011","county_name":"Broward County","precinct_id":"A001","geometry_vintage":"2022"},"geometry":{"type":"MultiPolygon","coordinates":[[[[-80.0793866608651,26.3052918228602],[-80.0794446608418,26.3052908228141],[-80.0794588620362,26.3052018357969],[-80.0794596624328,26.3051968229759],[-80.0795616608413,26.3051608231144],[-80.0795616608413,26.3051838232757],[-80.0795626608875,26.3052258243132],[-80.0795646609797,26.3052558229987],[-80.0795666610719,26.3052798232061],[-80.0795686620634,26.305298823183],[-80.0796346624091,26.3056948243575],[-80.0796486621554,26.305750824242],[-80.0796776607947,26.3058348227198],[-80.079685662063,26.3058698243338],[-80.0796916623397,26.3059418231575],[-80.0797176608408,26.3061138229954],[-80.0797416610482,26.3062668228565],[-80.0797576608867,26.3064838229709],[-80.0797876622701,26.3067008239847],[-80.0798166609095,26.306803824238],[-80.0798316607019,26.3068768240071],[-80.0798366609325,26.3069498228769],[-80.0798476623391,26.3070218243985],[-80.0798956609553,26.3071988226684],[-80.0799766619927,26.3076288227129],[-80.0799936618773,26.3076988241423],[-80.0799906608397,26.3077288237271],[-80.0799866606552,26.3077718239114],[-80.0799886607475,26.3078448236806],[-80.0800266607012,26.3080968236104],[-80.0800722149601,26.3084428701432],[-80.0800836624304,26.3085298237932],[-80.0800896618078,26.3086028235624],[-80.0800896618078,26.3086308239542],[-80.0800906618539,26.3087118240922],[-80.0801366621766,26.3088118242072],[-80.0801501753896,26.3088548198949],[-80.0801696618997,26.3089168236534],[-80.0801859189443,26.3090436964104],[-80.0802206606543,26.3093148240207],[-80.0802376623376,26.3093858236976],[-80.0802623433318,26.3094475270826],[-80.0802656618302,26.3094558251271],[-80.0802776623835,26.3094878239048],[-80.0803346623142,26.3095848238814],[-80.0803436618299,26.3096188236507],[-80.0804236619218,26.3100668236259],[-80.0804596617833,26.3102658238096],[-80.0804866621291,26.3103608236939],[-80.0804986617832,26.3104068249159],[-80.0805086622443,26.3105148236011],[-80.0807216621743,26.3119548252558],[-80.0807386620589,26.3120648249326],[-80.0807966620356,26.3124978251154],[-80.0808066615975,26.312586824723],[-80.0808126618742,26.3126428246076],[-80.0808206622431,26.3126788253684],[-80.080859662243,26.3127818247223],[-80.0809026624273,26.3129218248832],[-80.0809076617586,26.3129458250906],[-80.0809186622658,26.3129928245601],[-80.0809416624271,26.3131368249054],[-80.0809686618736,26.3132428261964],[-80.0809596623579,26.3132778251124],[-80.0809536620812,26.3133508248815],[-80.0809596623579,26.3134598254115],[-80.0809726620581,26.313553826149],[-80.0809996633032,26.3137488261483],[-80.0810269757137,26.3140125802172],[-80.0810316620809,26.3140578260088],[-80.0810336621731,26.3140748258934],[-80.0810704300557,26.3142720400235],[-80.0810886620115,26.3143698260075],[-80.0810936622421,26.3143968245547],[-80.0810966632797,26.3144278259842],[-80.0810946613889,26.3144397599878],[-80.0810716621269,26.3145768247615],[-80.0810506620577,26.3147938257753],[-80.0810486619655,26.314902825406],[-80.0810566623344,26.3149668256593],[-80.0810626617118,26.3150118259359],[-80.0810796615965,26.3150828256127],[-80.0811262590689,26.3152414057672],[-80.0811416617576,26.3152938245512],[-80.081251663233,26.3155578259338],[-80.0812096621955,26.3156748259333],[-80.0811906622186,26.3157298257717],[-80.0811826618497,26.3157658256332],[-80.0811786616653,26.3158748261632],[-80.0811896621725,26.3159828257477],[-80.0811876620803,26.3162018259543],[-80.0812106622416,26.3164188260689],[-80.081211663187,26.3165648256071],[-80.0811986616882,26.3168188256292],[-80.081196661596,26.3169648260667],[-80.0811716622418,26.3171818270805],[-80.0811376615732,26.3173608263419],[-80.0811016608124,26.3174895768834],[-80.0810786615504,26.317571827079],[-80.0810196633262,26.3178208268706],[-80.0809816615738,26.3179998270313],[-80.0809286618276,26.3182128269613],[-80.0808986622428,26.3183178264074],[-80.0808646615742,26.3184968256688],[-80.0808486617357,26.3186788268672],[-80.0808046633039,26.3188928268433],[-80.0807296616439,26.3191378264504],[-80.0806916616902,26.3192798267035],[-80.0806516616442,26.3194808269794],[-80.0806146617366,26.3196738268865],[-80.0805966618058,26.3198178272318],[-80.0805676622671,26.3199608266317],[-80.0805426620136,26.3201418268847],[-80.0805136615755,26.3204318267682],[-80.0805096622904,26.3206858267903],[-80.0805186618061,26.3207618266978],[-80.0805233427774,26.3208062972737],[-80.0805246620828,26.3208188266284],[-80.0799396620851,26.3209088271815],[-80.079564661879,26.3209618269277],[-80.0793856617183,26.3207838268131],[-80.0777796623009,26.3208618268127],[-80.0769506609436,26.3208938273891],[-80.0768036613592,26.3208908272508],[-80.0767596611288,26.3208948274352],[-80.0757906614093,26.3209198267894],[-80.0757356597722,26.3209148265589],[-80.0757186598876,26.3209318273428],[-80.0754486006717,26.3209486383698],[-80.0752666606272,26.3209608268815],[-80.0748376606289,26.321036826789],[-80.0747396606062,26.3210548267198],[-80.0744046613454,26.3210358267429],[-80.0734006600118,26.3209788268123],[-80.0730666598978,26.3209608277809],[-80.0721476588867,26.3209608277809],[-80.0704956591467,26.3209608277809],[-80.0715986596498,26.3093448236056],[-80.0721696590019,26.3052658243592],[-80.0730196604283,26.3052888227219],[-80.0755716603032,26.3053588241513],[-80.0762156612232,26.3053758231366],[-80.0764236600232,26.3053818243126],[-80.0767246613134,26.3053948231135],[-80.0772406608272,26.3053888228368],[-80.0775826613101,26.3053678227677],[-80.0786196623669,26.3053378231829],[-80.0789536606823,26.3053328229523],[-80.0791226621805,26.3053158230676],[-80.0791646623187,26.3053008232753],[-80.0793866608651,26.3052918228602]]]]}},{"type":"Feature","id":"FL-12011-A002-2022","properties":{"state_po":"FL","county_fips":"12011","county_name":"Broward County","precinct_id":"A002","geometry_vintage":"2022"},"geometry":{"type":"MultiPolygon","coordinates":[[[[-80.0906637069638,26.3180352045619],[-80.0906396123276,26.3183714961485],[-80.0906386653415,26.3183848258999],[-80.0906345671309,26.3185395974253],[-80.090634480796,26.3185425552956],[-80.0906343153208,26.3185488262682],[-80.0906337694323,26.3185694306356],[-80.090632620998,26.3186128094345],[-80.0906309914265,26.318674380619],[-80.0906303520085,26.3186984941411],[-80.0906299554075,26.3187135002287],[-80.0906294751695,26.318731621568],[-80.0906273122999,26.3188133132846],[-80.0906222167413,26.3190056971561],[-80.0906217311074,26.3190240712048],[-80.0906216645576,26.3190268267276],[-80.0906170771158,26.319142050566],[-80.0906135481761,26.3192307965649],[-80.0906126794309,26.3192526419967],[-80.090610548937,26.31930618943],[-80.0906005080064,26.3195587271544],[-80.0905946579165,26.3197058112751],[-80.0905947343588,26.3197101792822],[-80.0905976013975,26.319875549318],[-80.0906106649496,26.3206288268597],[-80.0908226558402,26.3206268051838],[-80.0908356564398,26.3224518057071],[-80.0908421378537,26.3226592451289],[-80.0908525915732,26.3229937974267],[-80.0908638411927,26.3233896735954],[-80.0908696930812,26.323754220082],[-80.0908725043619,26.3239293900302],[-80.0908748461965,26.3240753014349],[-80.0908775684444,26.3242448218419],[-80.0908796782539,26.3243763207115],[-80.09088115584,26.3244683573297],[-80.0908819787197,26.3245196519612],[-80.0908821495909,26.3245302783505],[-80.0908842450112,26.3246186637212],[-80.0908994336613,26.3251618326534],[-80.0909076552634,26.3254628069639],[-80.0909116554479,26.3256118066404],[-80.0907806548027,26.3255508074247],[-80.0900976547823,26.3253408067337],[-80.0895016551766,26.3250468066657],[-80.0892556564227,26.3248528067126],[-80.0891366554317,26.3246978067593],[-80.0890018704393,26.324362337153],[-80.0890390825869,26.3241821345987],[-80.0890393020215,26.3241795121756],[-80.0890396545557,26.3241778061617],[-80.0890426546941,26.3241418063002],[-80.0890306550401,26.3239968068081],[-80.0890306550401,26.3239558067159],[-80.0890306550401,26.3238618059784],[-80.0890316442943,26.3237074850133],[-80.089057083417,26.3235871350391],[-80.0890700840165,26.3235321352008],[-80.0890702180155,26.3235296530719],[-80.089070655086,26.3235278058644],[-80.0890726551783,26.3234908068561],[-80.0890286549478,26.3233348068567],[-80.0889736551094,26.3231388050127],[-80.0889476548098,26.3230708063735],[-80.0889306549252,26.323037805751],[-80.0889236932732,26.3230039912421],[-80.0889430835558,26.3228721344423],[-80.0889500838786,26.3228281351112],[-80.0889501090596,26.3228272393865],[-80.0889506549481,26.3228238057749],[-80.0889526550403,26.3227508051065],[-80.0889476548098,26.3227068057753],[-80.0889376543486,26.3226178061677],[-80.0889256546946,26.3224978051305],[-80.0889026554325,26.3223898064453],[-80.0888916549253,26.3223568058228],[-80.0888636554327,26.3222728064457],[-80.0888226544413,26.3221518062617],[-80.0888096547411,26.3221118062157],[-80.0887786551102,26.322044805824],[-80.0887596551333,26.3220128052477],[-80.0886496536579,26.3218618063781],[-80.0886236551569,26.3218318049947],[-80.0885656219053,26.3217650294334],[-80.0885506535892,26.3217478056176],[-80.0885496544423,26.3217328058252],[-80.0885466552033,26.3216758049953],[-80.0885366538428,26.321630805618],[-80.0885306535662,26.3216038052723],[-80.0884266550654,26.3213428058267],[-80.0884216548349,26.3213308052733],[-80.0883666549965,26.3212608056426],[-80.0882826538208,26.3211528051587],[-80.0882366543974,26.3210938051359],[-80.0879096537069,26.3207768040071],[-80.0879076554133,26.3207608050679],[-80.0878336546987,26.3207608050679],[-80.0876263726583,26.3207608050679],[-80.087611652555,26.3207608050679],[-80.0876093152171,26.3207608050679],[-80.0873173638046,26.3207599624032],[-80.0872766541936,26.3207598050219],[-80.0864966541966,26.3207598050219],[-80.0862366538978,26.3207598050219],[-80.0858906541297,26.3207658052985],[-80.0856366541076,26.3207698045837],[-80.0848526539262,26.3207858053215],[-80.0845076533049,26.320792804745],[-80.0842216527064,26.3207988050217],[-80.083957269112,26.3208052774424],[-80.0833636527097,26.3208198050908],[-80.0830786530568,26.3208278045604],[-80.0829176528268,26.3208318047448],[-80.0824346530362,26.3208438052982],[-80.0822746528523,26.3208488046295],[-80.0821556527605,26.3208518047679],[-80.0817976533384,26.3208628052751],[-80.0816796532927,26.3208668045602],[-80.0814256523713,26.3208558058516],[-80.0813866523715,26.3208448053444],[-80.0813829192857,26.3208446668488],[-80.0813356886904,26.3208428906877],[-80.080614651844,26.3208158058057],[-80.0805956518672,26.3208158058057],[-80.0805416520749,26.3208178049986],[-80.0805246521903,26.3208188050447],[-80.0805237924384,26.3208106212141],[-80.0805191393462,26.3207664384213],[-80.0805169710807,26.3207476120136],[-80.0805137676955,26.320720567601],[-80.0805103808487,26.320691958368],[-80.0805096523979,26.3206858052066],[-80.0805125203359,26.320503686197],[-80.080513651683,26.3204318051845],[-80.0805420810515,26.3201461346373],[-80.0805670813051,26.3199651343843],[-80.0805960808438,26.3198221349844],[-80.0806140807746,26.319678134639],[-80.0806510806822,26.3194851347321],[-80.0806910807281,26.3192841335568],[-80.0807290806819,26.319142134203],[-80.0808040823418,26.3188971345959],[-80.0808480807736,26.3186831346198],[-80.0808640824108,26.3185011334214],[-80.0808980812808,26.31832213416],[-80.0809280808656,26.3182171347138],[-80.0809810824103,26.3180041347838],[-80.0810190823641,26.3178251346231],[-80.081078079689,26.3175761348317],[-80.0811010798503,26.317493884636],[-80.0811370824098,26.3173651340945],[-80.0811710812797,26.3171861348332],[-80.0811960824326,26.3169691338193],[-80.0811980807262,26.3168231333818],[-80.081211082225,26.3165691333597],[-80.0812100812796,26.3164231338214],[-80.0811870811182,26.316206133707],[-80.0811890812105,26.315987132601],[-80.0811780807032,26.3158791330164],[-80.0811820808877,26.3157701333858],[-80.0811900812566,26.3157341344236],[-80.0812090812334,26.3156791336859],[-80.081251082271,26.3155621336864],[-80.0811410807956,26.3152981323038],[-80.0811256781069,26.3152457144191],[-80.0810790824331,26.3150871333654],[-80.0810620807497,26.3150161336885],[-80.0810560813724,26.314971133412],[-80.0810480810035,26.3149071331586],[-80.0810500810957,26.3147981344272],[-80.0810710811648,26.3145811334135],[-80.0810940804268,26.3144440677404],[-80.08109361188,26.3144322029847],[-80.0810934194251,26.3144273079748],[-80.0810904192867,26.3143963074445],[-80.0810863228749,26.3143741904174],[-80.0810854190562,26.314369307998],[-80.0810698490936,26.3142763459775],[-80.0810263947517,26.3140168879699],[-80.0809990823411,26.3137531330016],[-80.080972081096,26.3135581330023],[-80.0809590813959,26.3134641331641],[-80.0809530811192,26.3133551326341],[-80.0809590813959,26.313282132865],[-80.0809680809115,26.3132471348483],[-80.0809410805658,26.313141132658],[-80.0809180813038,26.3129971323126],[-80.0809070807965,26.3129501328432],[-80.0809020805659,26.3129261326358],[-80.0808590812809,26.3127861315756],[-80.080820081281,26.312683133121],[-80.0808120809122,26.3126471323602],[-80.0808060824341,26.3125911315763],[-80.0807960810736,26.3125021319687],[-80.0807380810969,26.3120691326852],[-80.0807210812123,26.3119591330084],[-80.0805080812823,26.3105191313537],[-80.0804980808211,26.3104111326685],[-80.0804860811671,26.3103651314465],[-80.0804590808213,26.3102701315622],[-80.0804230809598,26.3100711313785],[-80.0803430808678,26.3096231314033],[-80.0803340813521,26.309589131634],[-80.0802770814215,26.3094921316574],[-80.0802650808681,26.3094601319804],[-80.0802617623698,26.3094518348352],[-80.0802370813756,26.3093901314503],[-80.0802200796923,26.3093191317734],[-80.0801853379823,26.3090480041629],[-80.0801495944276,26.3088591276475],[-80.0801360812145,26.3088161328591],[-80.0800900808919,26.3087161318449],[-80.0800890808458,26.3086351317069],[-80.0800890808458,26.3086071313149],[-80.0800830805691,26.3085341324451],[-80.080071633998,26.3084471796944],[-80.0800260797391,26.308101131363],[-80.0799880797854,26.3078491314332],[-80.0799860796932,26.307776131664],[-80.0799900798776,26.3077331305804],[-80.0799930809153,26.3077031309956],[-80.0799760810307,26.3076331295662],[-80.0798950799932,26.307203130421],[-80.0798470813771,26.3070261321512],[-80.0798360799704,26.3069541306295],[-80.0798310797399,26.3068811317597],[-80.0798160799475,26.3068081319906],[-80.0797870813081,26.3067051317373],[-80.0797570799247,26.3064881307235],[-80.0797410800861,26.3062711306091],[-80.0797170798787,26.306118130748],[-80.0796910813776,26.3059461300107],[-80.0796850811009,26.3058741320864],[-80.0796770798327,26.305839129573],[-80.0796480811933,26.3057551319946],[-80.0796340814471,26.3056991321101],[-80.0795680811014,26.3053031318349],[-80.0795660801098,26.3052841318581],[-80.0795616509488,26.30516080243],[-80.0794650169963,26.3051948858362],[-80.0794596534396,26.3051968013921],[-80.0794608927054,26.3051896050171],[-80.0800886509698,26.301542800161],[-80.0802416508309,26.3006527995879],[-80.0802764204198,26.2979583084301],[-80.0802926513841,26.2970507998554],[-80.0804976509452,26.2970647996017],[-80.0807146519589,26.2970628004088],[-80.080855652166,26.2970667996939],[-80.0809749157591,26.2970781257558],[-80.0810676520499,26.297087799763],[-80.0812046520724,26.2970528008469],[-80.082040317406,26.2970459507109],[-80.082120130439,26.2970454003258],[-80.0823068207026,26.2970441142953],[-80.0823634312267,26.2970437239895],[-80.0823660230728,26.2970437060031],[-80.0823677272881,26.2970436943119],[-80.0823701914305,26.2970436772248],[-80.0823717850292,26.297043666433],[-80.082375811294,26.2970436376546],[-80.0823788078351,26.2970436169702],[-80.0823819932338,26.2970435962858],[-80.0823873909646,26.2970435594136],[-80.082398651376,26.2970434811726],[-80.0824088290036,26.2970434110255],[-80.0824976523441,26.2970427985871],[-80.0825936522746,26.2970568001321],[-80.082665725742,26.297107928389],[-80.0827386517667,26.2971597985867],[-80.0827838867663,26.297195711214],[-80.0828696524119,26.2972637997854],[-80.0828780556771,26.2973257244035],[-80.0828886523888,26.2974038008456],[-80.0829186519736,26.2974737995771],[-80.0829188534217,26.2974851975847],[-80.0829235883523,26.2977028020435],[-80.0829256522964,26.2977607993223],[-80.0829246522503,26.297907799806],[-80.0842224189289,26.2978663077848],[-80.0871284189407,26.2978113088457],[-80.0891862674316,26.297765897579],[-80.0891874320537,26.2977658705993],[-80.0891906543246,26.2977657995529],[-80.0891746535867,26.2973367995545],[-80.0890906542097,26.2948217986879],[-80.0890786545556,26.2944697986431],[-80.0890743324139,26.294339015634],[-80.0890682017355,26.2941536293874],[-80.0890666540022,26.2941067980911],[-80.0890692377545,26.2941067351386],[-80.0903586551272,26.2940747984141],[-80.0907386537652,26.2940497981605],[-80.0908896544333,26.2940467980222],[-80.0913426537398,26.2940377994058],[-80.0914647663852,26.2940353721356],[-80.0914936544079,26.2940347983681],[-80.0915575638298,26.2940324538355],[-80.0916299880329,26.2940297810504],[-80.0918119964258,26.2940230837992],[-80.0920740732592,26.2940134385702],[-80.0921723592663,26.2940106057057],[-80.0922618993665,26.2940086370898],[-80.092293674213,26.294008014759],[-80.0923538784281,26.2940068330498],[-80.0924465050015,26.2940050173186],[-80.0925608079343,26.2940027753087],[-80.0926175452629,26.2940016637467],[-80.0926714865992,26.294000653808],[-80.0927263398481,26.2939998471161],[-80.0927526890847,26.2939994604076],[-80.0927788602555,26.2939990745985],[-80.092797655187,26.2939987994059],[-80.0928468103314,26.2939973317124],[-80.092876376443,26.2939964485781],[-80.0928927387083,26.2939959602463],[-80.092910342038,26.2939954350422],[-80.0931646550242,26.2939887998441],[-80.0931648339892,26.2939929412221],[-80.0932986549083,26.297090799002],[-80.0931886561309,26.2970927990943],[-80.0925253215856,26.2971045226565],[-80.0922346544051,26.2971108008236],[-80.0922496703853,26.2973083153274],[-80.0922501847975,26.2973263494323],[-80.0922545905762,26.297480579566],[-80.0922572165966,26.2975724534069],[-80.0922651423218,26.2978224172716],[-80.0922656549354,26.297838799322],[-80.0927816553485,26.2978307998524],[-80.0928086547949,26.2978297998063],[-80.0928206553483,26.2978297998063],[-80.0929196554171,26.297838799322],[-80.0940056560356,26.2976627992996],[-80.0941764193057,26.2976713077855],[-80.0941798529172,26.2976712628194],[-80.0941790848962,26.297676129051],[-80.0941660842967,26.2977581283358],[-80.0940750836975,26.2983101286104],[-80.0937660847364,26.3002121299867],[-80.0936630835838,26.3008471286929],[-80.0936170850597,26.3011121301216],[-80.0936020843681,26.3012061308591],[-80.0935720847832,26.3013771297516],[-80.0934820842302,26.3019101300493],[-80.0934460843686,26.3021281293106],[-80.0934380848991,26.3021761297255],[-80.0933390848302,26.3027581295849],[-80.0930460848083,26.3045071311001],[-80.0929490848317,26.3050901310056],[-80.092911084878,26.3053161306358],[-80.0927990842097,26.3059941304256],[-80.0927900837947,26.3060521304023],[-80.0927620843021,26.3062211310013],[-80.092758085017,26.3062431311165],[-80.0927440843714,26.3063231321077],[-80.0926940838642,26.3066291318298],[-80.092678084925,26.3067321320831],[-80.0926230841873,26.3070601328197],[-80.0924600838651,26.3080471306714],[-80.0924060849722,26.3083761305548],[-80.0923330843037,26.3088131318215],[-80.0922790854108,26.3091361314282],[-80.0921300839356,26.3100341305715],[-80.0921160841893,26.3101241320239],[-80.092044083567,26.3105621324373],[-80.0920110838438,26.3107501330131],[-80.0919980850429,26.310827133866],[-80.0918947502418,26.3114290384203],[-80.0918028808976,26.3119750653978],[-80.0917740837064,26.3121581313935],[-80.0917210839602,26.3124961325913],[-80.0916760836836,26.3127851324288],[-80.0915570826925,26.3135101325874],[-80.0915020837535,26.3138481319866],[-80.091475084307,26.313990133139],[-80.0913960842612,26.3144191331373],[-80.0913710840077,26.3145621334366],[-80.0912074190865,26.3145573076745],[-80.0911770705647,26.3147514083517],[-80.0909850841936,26.31585213357],[-80.0908770207573,26.3166704680685],[-80.0908750854162,26.3166851333131],[-80.0907960835717,26.3172241329882],[-80.0907460839639,26.3175751329869],[-80.0906870839411,26.3179071348073],[-80.0906646647419,26.3180218253478],[-80.0906644255222,26.3180251744232],[-80.0906637069638,26.3180352045619]]]]}},{"type":"Feature","id":"FL-12011-A003-2022","properties":{"state_po":"FL","county_fips":"12011","county_name":"Broward County","precinct_id":"A003","geometry_vintage":"2022"},"geometry":{"type":"MultiPolygon","coordinates":[[[[-80.1015047428489,26.3187124848941],[-80.101503198713,26.3187166271715],[-80.1015074111374,26.3187173106562],[-80.1014364105612,26.3189703106322],[-80.1012664108155,26.3195253119445],[-80.1011274116001,26.3199303117354],[-80.1010644104935,26.3201293119191],[-80.101008410609,26.3202763106041],[-80.1009434112088,26.3203973116875],[-80.100876410817,26.3204943116641],[-80.1008054111401,26.3206013112024],[-80.1007314113249,26.3207233105333],[-80.1005794106106,26.3209503120082],[-80.1004464107726,26.3211483112464],[-80.1002814112575,26.3213423111996],[-80.1001724107275,26.3214573120062],[-80.1001154098976,26.3215153119829],[-80.0999684112126,26.3216213123745],[-80.0997744112594,26.3217473118898],[-80.0997214106139,26.3217783115207],[-80.0996834106602,26.321829312074],[-80.0992344106389,26.3223923119565],[-80.0989804106168,26.3227113122781],[-80.0989364112857,26.3227653129697],[-80.098893410202,26.3228193118626],[-80.0988284099025,26.3228443121162],[-80.0988276742571,26.3228438138918],[-80.0988137887247,26.3228344231709],[-80.0982707429997,26.3226044854096],[-80.0981577431846,26.3225714847871],[-80.09792774337,26.3225144848565],[-80.0977727425174,26.3224814851333],[-80.097351742888,26.3223774848339],[-80.0972737428883,26.3223644851337],[-80.0972337428423,26.3223634850876],[-80.097219743096,26.3223574848109],[-80.0971977429808,26.3223494853414],[-80.0971297425429,26.3223104853415],[-80.0970927426353,26.3223054851109],[-80.0970137425895,26.3223234850417],[-80.0969347425437,26.3223284852722],[-80.0968557424978,26.3223234850417],[-80.0966577432596,26.3223224849955],[-80.0966187432597,26.3223314854106],[-80.0965067425914,26.3223674852721],[-80.0964357429145,26.3224004849953],[-80.0963697425689,26.3224404850412],[-80.0963447432147,26.3224684845338],[-80.0962507433765,26.3226294847638],[-80.0961927425004,26.322764484694],[-80.0961327433308,26.3228584845323],[-80.0960787426392,26.3229554854082],[-80.0959477428934,26.3232984850379],[-80.0958127429631,26.3236404846215],[-80.0957477426636,26.3238494852664],[-80.095691742779,26.3239854852428],[-80.0956357428946,26.324159485173],[-80.0955347427335,26.324271484942],[-80.0954937426414,26.3243344851492],[-80.0954587428261,26.3243994845495],[-80.0954337425725,26.324424484803],[-80.0953727433568,26.3244724852179],[-80.0953297431724,26.3245184846412],[-80.0948847433356,26.3249974851467],[-80.0948247432667,26.3250454846623],[-80.0946487432442,26.3251294849387],[-80.0945827428986,26.3251694849846],[-80.0945517432677,26.3251924851459],[-80.0945227428297,26.3252194845924],[-80.0944957424839,26.325244484846],[-80.0944637428068,26.3252624847767],[-80.09444474283,26.3252684850534],[-80.0943137430841,26.3253114852377],[-80.0942427425079,26.3253444849609],[-80.0941807432461,26.3253614848455],[-80.0941297426928,26.325377484684],[-80.094090742693,26.3253854850529],[-80.094059743062,26.3254074851682],[-80.0940037431776,26.3254584848221],[-80.0939107424861,26.3255264852599],[-80.0938767427169,26.3255454852368],[-80.0938517433626,26.3255624851214],[-80.0936587425563,26.3257024852824],[-80.0931377428119,26.3260974846121],[-80.0931107433654,26.3261194847273],[-80.0929917432737,26.3262154846578],[-80.0928957433432,26.3262684853032],[-80.0928667429052,26.3262814850034],[-80.092853743205,26.3262874852801],[-80.0927767432514,26.3263094853953],[-80.0927467427673,26.3263194849571],[-80.0927027425369,26.3263324846573],[-80.092663742537,26.3263254852338],[-80.0925727428371,26.3263424851185],[-80.0924447432296,26.3263574849109],[-80.0922467430921,26.3263654852798],[-80.0920487429545,26.3263594850031],[-80.0919687428625,26.3263664853259],[-80.0919317429549,26.3263574849109],[-80.0918747430243,26.3263204850032],[-80.0917117427021,26.3262024849576],[-80.0916527426793,26.3261534853959],[-80.091626743279,26.326125485004],[-80.0915527425644,26.3260974846121],[-80.0914497432104,26.326044484866],[-80.0914217428185,26.3260184845663],[-80.0913717432107,26.3259614846357],[-80.0912567433034,26.3258144850513],[-80.0911467427274,26.3257704848209],[-80.0910467426124,26.325711484798],[-80.0909567429587,26.3256404851211],[-80.0909117426821,26.3256124847293],[-80.0909077424977,26.3254634850527],[-80.0908357427746,26.3224524846953],[-80.0908227430745,26.3206274850713],[-80.0906107431906,26.3206294851635],[-80.0905974080433,26.3197113115287],[-80.0906414082737,26.318390310865],[-80.0906635181062,26.3180816203713],[-80.0906674076741,26.3180273112123],[-80.0907494078583,26.3175763110988],[-80.0908784075119,26.3166863105257],[-80.0908803437522,26.316671653375],[-80.0909884080879,26.3158533107825],[-80.0912107429807,26.314558484887],[-80.0912141711964,26.3145585856111],[-80.0913744079019,26.3145633097498],[-80.0915054076478,26.3138493100985],[-80.0915604074862,26.3135113098],[-80.0916794075779,26.3127863096413],[-80.0917244078545,26.3124973098039],[-80.0917774076006,26.3121593086061],[-80.0918062056912,26.3119762363151],[-80.0918194077388,26.3118923097832],[-80.0918644089146,26.311626310107],[-80.0918940757504,26.3114539775199],[-80.09204474277,26.3105584847871],[-80.0924067432759,26.3083724847033],[-80.0927587433207,26.3062394852649],[-80.0927907429977,26.3060484845508],[-80.0929497431355,26.305086485154],[-80.0936637427868,26.30084348464],[-80.0941797432,26.297672484998],[-80.0973717429109,26.2976304848598],[-80.0981197432309,26.2975984851828],[-80.0988737429282,26.2975944849983],[-80.0996537429252,26.2975784851598],[-80.1004217432682,26.2975544849524],[-80.1011987431268,26.2975364850216],[-80.1034667424955,26.2974714847221],[-80.1042247432766,26.297470484676],[-80.1050367429507,26.2974604851142],[-80.1059007432241,26.2974644852986],[-80.1059040266488,26.2974545603805],[-80.1059044115587,26.2974453063567],[-80.1059064116509,26.2974063063568],[-80.1059154120659,26.2972303063344],[-80.1059324119506,26.297137305643],[-80.1059664117199,26.2970203056435],[-80.106007411812,26.2969193063818],[-80.1062049011346,26.2965450849886],[-80.1063594118567,26.2962523053005],[-80.1064214120179,26.2961093050013],[-80.1064584119255,26.2959533050019],[-80.1064744117641,26.2957433052102],[-80.1064594119716,26.2948253051446],[-80.106442412087,26.2947253050296],[-80.1063776528058,26.2946072618166],[-80.1063324115109,26.2945403045923],[-80.1063144115802,26.2944833046616],[-80.1063004118339,26.2944033045697],[-80.1062967425999,26.2936344849444],[-80.1082297427078,26.2937004852901],[-80.1071677431962,26.2974534847914],[-80.1074837433794,26.297450484653],[-80.1071787428041,26.2985164852484],[-80.1068397433588,26.2997154847827],[-80.1058057433397,26.3033404846765],[-80.1055937425565,26.3041084850195],[-80.1054046690895,26.3047418217785],[-80.105364742788,26.3048794846014],[-80.1051387431578,26.3057034848288],[-80.1049157427667,26.3065354845259],[-80.1046777425831,26.3073324853068],[-80.1044557431374,26.3081304852346],[-80.104210742631,26.3089754846318],[-80.1039717433006,26.3098354847207],[-80.1037197433708,26.3106954848096],[-80.1034787430489,26.311559485083],[-80.1032217428885,26.3124264845954],[-80.1024807428913,26.3151394847004],[-80.1022787425692,26.3160474852041],[-80.1020217433082,26.3169544847626],[-80.1015177425491,26.3186224852404],[-80.1015047428489,26.3187124848941]]]]}},{"type":"Feature","id":"FL-12011-A004-2022","properties":{"state_po":"FL","county_fips":"12011","county_name":"Broward County","precinct_id":"A004","geometry_vintage":"2022"},"geometry":{"type":"MultiPolygon","coordinates":[[[[-80.116749999812,26.313946999855],[-80.1167356016661,26.314043462037],[-80.1167336717209,26.3140538249249],[-80.1166876731969,26.31420082361],[-80.1166516724361,26.3143568236094],[-80.1166286731741,26.3144588247159],[-80.1166066730589,26.3145518236087],[-80.1165786717676,26.3146788249687],[-80.1165466729899,26.3148318248297],[-80.116527673013,26.314925824668],[-80.1164826718372,26.3151408246902],[-80.1164156723448,26.3155058253345],[-80.1162846716996,26.3163878246393],[-80.1161996731757,26.3171768259506],[-80.1161425149645,26.3180170517464],[-80.1161370003217,26.3180540003927],[-80.1164036726907,26.3180418253708],[-80.1164039577758,26.3180617804277],[-80.1164066026819,26.3182469058709],[-80.116406672829,26.3182518260618],[-80.116406672829,26.3183518261767],[-80.1163716730136,26.3190648257819],[-80.116444391295,26.3200497677834],[-80.1163690002285,26.3190600000199],[-80.1164535985541,26.3201744938587],[-80.1164946723906,26.3207308270669],[-80.1165112468959,26.3209339407496],[-80.1165186267325,26.3210243792726],[-80.1166342732524,26.3225426426297],[-80.1170386731956,26.3278518281003],[-80.1167920790905,26.3278498855646],[-80.1167846731735,26.3278498289073],[-80.1165806727592,26.3278478279158],[-80.1163426725756,26.3278568283308],[-80.1158266730619,26.3278528281464],[-80.1155816716562,26.3278538281925],[-80.1153116717956,26.3278558282847],[-80.1135394659729,26.3278540871972],[-80.1127228401863,26.3278563759719],[-80.1119736707476,26.3278598275698],[-80.1107716710751,26.327866828792],[-80.110750671006,26.327866828792],[-80.110690670937,26.327866828792],[-80.1106706709141,26.327866828792],[-80.1103616710536,26.3278678288381],[-80.1101426708469,26.327869828031],[-80.1094366697659,26.3278688288842],[-80.1091286708509,26.3278688288842],[-80.1091166711968,26.3278688288842],[-80.1090816713814,26.3278688288842],[-80.1090706708741,26.3278688288842],[-80.1087106713597,26.3278678288381],[-80.1076346703031,26.3278678288381],[-80.1072756699356,26.3278678288381],[-80.1069726703518,26.3278678288381],[-80.1067336701221,26.3278678288381],[-80.1062976698009,26.3278638286536],[-80.1060656698941,26.3278648286998],[-80.1057636703565,26.3278678288381],[-80.1056236701956,26.3278688288842],[-80.1049956691142,26.327857828377],[-80.1048306695991,26.3278558282847],[-80.104513670269,26.3278438286306],[-80.1037606688192,26.3278418276391],[-80.1033646694433,26.3278258286999],[-80.1027696689844,26.3278118280543],[-80.1026926690308,26.3278118280543],[-80.1023336686632,26.3278138281465],[-80.1019256687339,26.3278058286769],[-80.0999906676345,26.3277848286078],[-80.0997936684424,26.3277748281467],[-80.0996136682355,26.3277388282852],[-80.0994196682824,26.3276818283546],[-80.09924366826,26.3276418283086],[-80.098984667108,26.3275008281016],[-80.0987786684001,26.327259828679],[-80.0985626683318,26.3269748281267],[-80.0984396671562,26.3267348287502],[-80.0983606671105,26.3265088282207],[-80.0983606050572,26.326508142038],[-80.0983579997213,26.3265039997606],[-80.0983591643433,26.3264920783476],[-80.098333667664,26.3262078278299],[-80.0983266673412,26.3261358281068],[-80.0983286683327,26.3260638283838],[-80.098313667641,26.3259558279],[-80.098313667641,26.3259188279924],[-80.0983426671797,26.3257398278317],[-80.0983616671566,26.3255588275787],[-80.0983756678021,26.3254868278557],[-80.0983926676868,26.3254358282018],[-80.0984356669718,26.3253138279717],[-80.0984526677557,26.3252058283871],[-80.0984566670409,26.3250968278572],[-80.0984316676867,26.324953827558],[-80.098405667387,26.3248848279733],[-80.0985166671098,26.3247338273052],[-80.0985338756372,26.3247035057631],[-80.0985425963631,26.3246894412655],[-80.0985426125509,26.3246894151852],[-80.0989346683996,26.324101827838],[-80.0991116351931,26.3238281650387],[-80.0991286665541,26.3238018265939],[-80.0991436681451,26.3234728267105],[-80.0990366677074,26.3231758274034],[-80.0989076671544,26.3230238266891],[-80.098826515031,26.3228407409084],[-80.0988256669703,26.322838827151],[-80.0988906672698,26.3228138268975],[-80.0989336683535,26.3227598280045],[-80.0989776676846,26.322705827313],[-80.0992316677067,26.3223868269914],[-80.099680667728,26.3218238271088],[-80.0997186676817,26.3217728265556],[-80.0997716683272,26.3217418269247],[-80.0999656682803,26.3216158274094],[-80.1001126669653,26.3215098270178],[-80.1001696677953,26.3214518270411],[-80.1002786683252,26.3213368262344],[-80.1004436678404,26.3211428262813],[-80.1005766676784,26.320944827043],[-80.1007286683927,26.3207178255681],[-80.1008026682079,26.3205958262372],[-80.1008736678848,26.3204888266989],[-80.1009406682766,26.3203918267223],[-80.1010056676768,26.3202708256389],[-80.1010616675612,26.3201238269539],[-80.1011246686679,26.3199248267702],[-80.1012636678833,26.3195198269793],[-80.101433667629,26.318964825667],[-80.1015046682052,26.3187118256911],[-80.1015004557808,26.3187111422063],[-80.1015019999167,26.318706999929],[-80.1015149996169,26.3186170002752],[-80.1020190003759,26.3169489997974],[-80.102275999637,26.316042000239],[-80.1024807428913,26.3151394847004],[-80.1027106680622,26.3142738251777],[-80.1027826686846,26.3140628244407],[-80.1032216682447,26.3124258244931],[-80.1034786684052,26.3115588240813],[-80.1037196687271,26.3106948238079],[-80.1039716686569,26.309834823719],[-80.1042106688866,26.3089748236301],[-80.104455669393,26.3081298233336],[-80.1046776688387,26.3073318234058],[-80.1049156690223,26.3065348226248],[-80.1051386694134,26.3057028229278],[-80.1053646690436,26.3048788218011],[-80.1054046690895,26.3047418217785],[-80.1062060001062,26.3047389997059],[-80.107743999985,26.3046940003287],[-80.1096939999775,26.304658999614],[-80.1116680001774,26.3046320001675],[-80.1157480003693,26.3045609995913],[-80.1178756731231,26.30451282201],[-80.1178796724083,26.3046718221477],[-80.1179925849892,26.3046723905193],[-80.1188458599478,26.3046595131269],[-80.1189214191875,26.3046587145289],[-80.1190339999185,26.3046555093451],[-80.1193666726332,26.3046478219403],[-80.1194415304017,26.3046529076065],[-80.119686530908,26.3046479073759],[-80.1171890002715,26.3132219996964],[-80.116749999812,26.313946999855]]]]}},{"type":"Feature","id":"FL-12011-A005-2022","properties":{"state_po":"FL","county_fips":"12011","county_name":"Broward County","precinct_id":"A005","geometry_vintage":"2022"},"geometry":{"type":"MultiPolygon","coordinates":[[[[-80.1095895311313,26.2900289077088],[-80.1114265304094,26.2900179072015],[-80.1116675307313,26.2900129078703],[-80.1121585308908,26.2899979071785],[-80.1125795305202,26.2899869075706],[-80.1135345304936,26.2899679075937],[-80.115452530809,26.2899249074094],[-80.1173035307327,26.2898789079861],[-80.1178575310995,26.2898639072944],[-80.1185425303129,26.2898489075019],[-80.119199530933,26.2898359078018],[-80.1195355311392,26.2898299075251],[-80.119533531047,26.2897839072024],[-80.1195295308625,26.2896489072721],[-80.1195286729093,26.289603818862],[-80.1202925309749,26.2895369075031],[-80.1210585303263,26.2895969075721],[-80.1218165311074,26.2895629078028],[-80.1225765310814,26.2895199076185],[-80.1225535309201,26.2898549077786],[-80.1237415308463,26.289860907156],[-80.1239855304073,26.2898539077326],[-80.1218365311303,26.2972819076348],[-80.1197275310001,26.3044999077454],[-80.119686530908,26.3046479073759],[-80.1194415304017,26.3046529076065],[-80.1193666726332,26.3046478219403],[-80.1189267899388,26.3046585616442],[-80.117995863018,26.3046723410566],[-80.1178795303154,26.3046719075833],[-80.1178755310303,26.3045129074456],[-80.1157505310615,26.3045659071917],[-80.1116705308697,26.3046369077679],[-80.1096965306697,26.3046639072144],[-80.1077465306772,26.3046989079291],[-80.1062085307984,26.3047439073064],[-80.1054046690895,26.3047418217785],[-80.1055935303165,26.3041079076547],[-80.1058055310997,26.3033399073117],[-80.1060817614635,26.3023903041701],[-80.1068395311188,26.2997149074179],[-80.1071785305641,26.2985159078837],[-80.1074835311394,26.2974499072882],[-80.1071676694517,26.2974528201923],[-80.107356031555,26.2967826499002],[-80.1082295304678,26.2936999079252],[-80.1082308146997,26.2936958546808],[-80.108488515432,26.2928029537941],[-80.1085007516077,26.2927592584339],[-80.1085295784766,26.2926563175359],[-80.1086941795921,26.2920685368344],[-80.1090597261248,26.2907631879716],[-80.1092662401442,26.2900298933658],[-80.1092675306713,26.2900249075243],[-80.1095895311313,26.2900289077088]]]]}},{"type":"Feature","id":"FL-12011-A006-2022","properties":{"state_po":"FL","county_fips":"12011","county_name":"Broward County","precinct_id":"A006","geometry_vintage":"2022"},"geometry":{"type":"MultiPolygon","coordinates":[[[[-80.1092676700663,26.2900248193908],[-80.1099368331177,26.2877296137316],[-80.1100622543689,26.2872911429727],[-80.1102493888975,26.2866083408032],[-80.1103776376172,26.2861403965629],[-80.1105924514798,26.2853565978296],[-80.1106887203076,26.2850053415241],[-80.1110899159662,26.2835928015674],[-80.11184600299,26.2809616073931],[-80.1129906717814,26.2769723173195],[-80.1135116706265,26.2752708152968],[-80.11353667088,26.2752698152506],[-80.1136413690533,26.2752698152506],[-80.1136566710179,26.2752688152045],[-80.1137746710635,26.2752688152045],[-80.113933167581,26.275253161605],[-80.1154951218018,26.2752263384256],[-80.1173746716032,26.2751958145361],[-80.1188846719893,26.2751758154124],[-80.1193110963294,26.2751697773642],[-80.1194496719641,26.2751678150435],[-80.1194699804546,26.2758847941488],[-80.1194786724022,26.276944815152],[-80.1194826725866,26.2772998153351],[-80.1194766732092,26.2781668157468],[-80.1194526730018,26.278795815975],[-80.1194266727021,26.2791598156738],[-80.1194306728866,26.2795288156032],[-80.1194326729788,26.2798598155789],[-80.1194386723562,26.2805438156454],[-80.1194426725406,26.2812288157581],[-80.1194486728173,26.2819158168624],[-80.119454673094,26.2826318166059],[-80.1194486728173,26.2833338166032],[-80.1194606724714,26.2839948165084],[-80.119465672702,26.2847568165747],[-80.119477672356,26.2855148173558],[-80.1194796724483,26.2861158180914],[-80.1194806724944,26.2861918179989],[-80.1194706729326,26.2868878177195],[-80.1194806724944,26.2875758179705],[-80.1194886728633,26.2882588179909],[-80.119514673163,26.2891818182871],[-80.1195195753675,26.2893318395936],[-80.1195286729093,26.289603818862],[-80.1195296729554,26.2896488182392],[-80.1195335175572,26.28977857782],[-80.1195356732321,26.2898298184922],[-80.1191961404888,26.289835888916],[-80.1185426724057,26.2898488184691],[-80.1178575310995,26.2898639072944],[-80.1173035307327,26.2898789079861],[-80.1154526720026,26.2899248183766],[-80.1135345304936,26.2899679075937],[-80.1125796708145,26.2899868185377],[-80.1121585308908,26.2899979071785],[-80.1116675307313,26.2900129078703],[-80.1114265304094,26.2900179072015],[-80.111265160558,26.290022834587],[-80.1107809044145,26.2900242735023],[-80.110486573396,26.290025149442],[-80.1095895311313,26.2900289077088],[-80.1095602752858,26.2900288186759],[-80.1094832177756,26.2900275569271],[-80.1094685822086,26.2900272826338],[-80.1094064408539,26.2900262115413],[-80.1093248039958,26.2900248184915],[-80.1092676700663,26.2900248193908]]]]}},{"type":"Feature","id":"FL-12011-A007-2022","properties":{"state_po":"FL","county_fips":"12011","county_name":"Broward County","precinct_id":"A007","geometry_vintage":"2022"},"geometry":{"type":"MultiPolygon","coordinates":[[[[-80.1313386761384,26.2825338156839],[-80.1273366741476,26.2826228170902],[-80.1273653256486,26.2827058478974],[-80.1274346741702,26.2829068157978],[-80.1274436745853,26.2829328169968],[-80.1275670103086,26.2832714414247],[-80.1276108603523,26.283391836365],[-80.1276123748106,26.2833959930315],[-80.1276126751841,26.2833968168105],[-80.1277426748839,26.283754817132],[-80.1277606748146,26.2838038166937],[-80.1278351206936,26.2840359730825],[-80.1278349839966,26.2840359757805],[-80.1278366747221,26.2840408168311],[-80.1309026758172,26.2839608167392],[-80.1309946755631,26.2839668170159],[-80.1310596758627,26.2839828168544],[-80.1311076762776,26.2840208168081],[-80.1311310001948,26.2840590002236],[-80.1304569996901,26.2871929999579],[-80.1304396760495,26.2872428179026],[-80.1304006751504,26.2872758176257],[-80.1303296763728,26.2872808178564],[-80.1302486762348,26.2872748166803],[-80.1287150002964,26.2870719997738],[-80.1284686750886,26.2870348173038],[-80.1282716758965,26.2869808166122],[-80.1280990492311,26.2869044272983],[-80.12800867456,26.2868608173737],[-80.1279146747218,26.286805816636],[-80.1270059997265,26.2861680003538],[-80.1261400002601,26.286616000329],[-80.126140281748,26.286617385285],[-80.1261426748439,26.2866208179972],[-80.1262716753968,26.2868358180195],[-80.1262806749126,26.2868498177657],[-80.126416674889,26.2871028177417],[-80.1264926747965,26.287289817372],[-80.1265556750037,26.2875208172328],[-80.1265826753496,26.2876618183391],[-80.126589674773,26.2877778182926],[-80.1265936749575,26.287913818269],[-80.1265876746807,26.2879868180381],[-80.1265756750267,26.2881428180375],[-80.1265476746348,26.2883768180366],[-80.1265496747271,26.2885428175978],[-80.1265546749576,26.2886128181279],[-80.1265624091272,26.2886940260093],[-80.1265626753266,26.2886968184043],[-80.1265667528527,26.2887153948005],[-80.1265778307016,26.2887698919179],[-80.1265870001893,26.2888150001131],[-80.1266169997741,26.2889390004354],[-80.1266909995893,26.2892460002036],[-80.1267000000043,26.2893149997883],[-80.126706000281,26.2893559998803],[-80.1267070003271,26.2893739998111],[-80.1267119996584,26.2894430002951],[-80.1267526741959,26.2897868183079],[-80.123982999715,26.2898490001321],[-80.1237390001541,26.2898559995556],[-80.1225510002278,26.2898500001783],[-80.1225740003891,26.2895150000181],[-80.1218140004152,26.2895580002024],[-80.121055999634,26.2895919999717],[-80.1202900002826,26.2895319999027],[-80.1195286729093,26.289603818862],[-80.1195169997091,26.2893299995807],[-80.1195120003779,26.2891769997196],[-80.1194860000782,26.2882540003227],[-80.1194779997093,26.2875710003023],[-80.1194680001474,26.2868830000513],[-80.1194779997093,26.2861870003307],[-80.1194769996632,26.2861110004232],[-80.1194749995709,26.2855099996876],[-80.1194629999168,26.2847519998059],[-80.1194579996863,26.2839899997396],[-80.1194460000322,26.2833289998343],[-80.1194520003089,26.282626999837],[-80.1194460000322,26.2819110000934],[-80.1194399997555,26.2812239998885],[-80.1194359995711,26.2805389997759],[-80.1194300001937,26.2798549997094],[-80.1194280001015,26.2795239997337],[-80.119423999917,26.2791549998043],[-80.1194799998015,26.2772950003649],[-80.119475999617,26.2769400001817],[-80.1194496719641,26.2751678150435],[-80.1219336731998,26.2751348153204],[-80.1233876737015,26.2750838147671],[-80.1245766736739,26.2750568153206],[-80.1249646735802,26.2750358152516],[-80.1250875461527,26.2750287420836],[-80.1251097692997,26.2750268885809],[-80.1252086740404,26.2750228146521],[-80.1252066739482,26.2751708151819],[-80.1252166744093,26.2788688148448],[-80.1252056739021,26.2796308158104],[-80.1252443357569,26.2809682920539],[-80.1252476749396,26.281083816266],[-80.1252576754007,26.2809718155977],[-80.125267508588,26.2807250614133],[-80.1253034248125,26.2802788142168],[-80.1253304035746,26.2799521130005],[-80.1253606747547,26.2795928158566],[-80.1255986749383,26.27960481641],[-80.1259746742911,26.2795968160411],[-80.1263834269529,26.2795870413098],[-80.1269256749792,26.2795948159489],[-80.127032675417,26.2796158160179],[-80.1271376748631,26.2796528159256],[-80.1273476746548,26.2797058156717],[-80.127501674562,26.2797468157638],[-80.1279636751828,26.27986981604],[-80.12811767509,26.2799118161782],[-80.1282696749049,26.2799518162242],[-80.1287286753874,26.2800728146096],[-80.1288816752485,26.280113815601],[-80.1290296757783,26.280142816039],[-80.1294766757073,26.2802298146551],[-80.129625675384,26.2802598160385],[-80.1297524600074,26.2802739659716],[-80.1300736753592,26.2803098156464],[-80.1302336764423,26.2803288156232],[-80.1305656755648,26.2803538158768],[-80.1308356763248,26.2803658146315],[-80.1314236755615,26.2803668155769],[-80.1318756757212,26.2803678156231],[-80.1319216760439,26.2803878156461],[-80.1319516756287,26.2804268156459],[-80.1319756767355,26.2804908158993],[-80.1319776768277,26.2805548161527],[-80.1318846761362,26.2809248161282],[-80.1318486762747,26.2810738158048],[-80.1318186757906,26.2812188161963],[-80.1317296761829,26.281653815572],[-80.1317006757449,26.2817998160096],[-80.1316726762524,26.2819318158015],[-80.1316012637866,26.2822751113082],[-80.1315626765756,26.2824638169525],[-80.1315216755842,26.2824968157763],[-80.1314676766913,26.282520816883],[-80.1313386761384,26.2825338156839]]]]}},{"type":"Feature","id":"FL-12011-A008-2022","properties":{"state_po":"FL","county_fips":"12011","county_name":"Broward County","precinct_id":"A008","geometry_vintage":"2022"},"geometry":{"type":"MultiPolygon","coordinates":[[[[-80.1291104564817,26.2899583639882],[-80.1290775979521,26.2899516379586],[-80.1287706746263,26.2898888176157],[-80.128655674719,26.2898648183076],[-80.1285846750421,26.2898548178464],[-80.1281726749284,26.2898018189997],[-80.1280226752056,26.2897918176391],[-80.1278346746299,26.2897798188844],[-80.1277416748378,26.2897738177084],[-80.1276886750916,26.2897708175701],[-80.1274646746543,26.2897738177084],[-80.1273726749084,26.2897758178006],[-80.127248674586,26.2897778178929],[-80.1268756735728,26.2897838181695],[-80.1268001988694,26.2897856581824],[-80.1267675354927,26.2897864558811],[-80.1267526741959,26.2897868183079],[-80.1267226746111,26.2895718182857],[-80.1267146742422,26.2894478188626],[-80.1267091335191,26.289369065231],[-80.1267086748648,26.2893608184479],[-80.1267026745881,26.2893198183558],[-80.1266931417744,26.2892486100362],[-80.1266196743578,26.2889438181036],[-80.126589674773,26.2888198177812],[-80.1265624091272,26.2886940260093],[-80.1265546749576,26.2886128181279],[-80.1265496747271,26.2885428175978],[-80.1265476746348,26.2883768180366],[-80.1265558917403,26.2883081449058],[-80.1265756750267,26.2881428180375],[-80.1265876746807,26.2879868180381],[-80.126589674773,26.2877778173932],[-80.1265826744502,26.2876618174398],[-80.1265556750037,26.2875208172328],[-80.1264926747965,26.287289817372],[-80.126416674889,26.2871028177417],[-80.1263428738239,26.2869655254395],[-80.1262806749126,26.2868498177657],[-80.1261426748439,26.2866208179972],[-80.1262201748206,26.2865804995913],[-80.1270086743102,26.286172818022],[-80.1271366748171,26.2862488179295],[-80.1274810342217,26.2864946961741],[-80.1278056750912,26.2867268165902],[-80.1279146756211,26.2868058175353],[-80.1280726757128,26.2868988173274],[-80.1282716758965,26.2869808166122],[-80.1284686750886,26.2870348173038],[-80.1287176757795,26.287076817442],[-80.1290216754093,26.2871148173958],[-80.1302486753354,26.2872748175797],[-80.1303296763728,26.2872808178564],[-80.1304006751504,26.2872758176257],[-80.1304396760495,26.2872428179026],[-80.1304596751732,26.2871978176261],[-80.1306695850326,26.2861994424512],[-80.130811675218,26.2855638169175],[-80.1309336754481,26.2850408170809],[-80.1311176767387,26.2841858163233],[-80.1311336765772,26.2840638169924],[-80.1311076762776,26.2840208168081],[-80.131059676762,26.2839828168544],[-80.1309946755631,26.2839668170159],[-80.1309026758172,26.2839608167392],[-80.1305226762798,26.2839698171542],[-80.1287234871985,26.2840142067911],[-80.1278340001384,26.2840360000622],[-80.1276099997011,26.2833920000417],[-80.1273339995637,26.2826180003214],[-80.1313386761384,26.2825338165832],[-80.1314676766913,26.282520816883],[-80.1315216764835,26.2824968166756],[-80.1315626756763,26.2824638169525],[-80.1318124192071,26.2812493949445],[-80.1319776768277,26.2805548161527],[-80.1319756767355,26.2804908158993],[-80.1319516756287,26.2804268156459],[-80.1319216760439,26.2803878156461],[-80.1318756766205,26.2803678156231],[-80.1308356754254,26.2803658155308],[-80.1305656755648,26.2803538158768],[-80.1302336764423,26.2803288156232],[-80.129625675384,26.2802598160385],[-80.1288816752485,26.280113815601],[-80.1273476746548,26.2797058156717],[-80.1271376748631,26.2796528159256],[-80.127032675417,26.2796158160179],[-80.1269256749792,26.2795948159489],[-80.126367674428,26.2795868155799],[-80.1259746742911,26.2795968160411],[-80.1255986749383,26.27960481641],[-80.1253606747547,26.2795928158566],[-80.1252686750087,26.2806958154604],[-80.1252576754007,26.2809718155977],[-80.1252476749396,26.281083816266],[-80.1252056739021,26.2796308158104],[-80.1252163767338,26.2788894524871],[-80.1252086740404,26.2750228146521],[-80.1259338513655,26.2749898607943],[-80.126457576955,26.2749720722043],[-80.1273176741707,26.2749498148829],[-80.1290696758242,26.2749688139605],[-80.1303506755426,26.2750028137298],[-80.1310656752401,26.2749908140757],[-80.1312936758618,26.2749988144446],[-80.13208367632,26.2749998144907],[-80.1332885754068,26.274980747964],[-80.1342256761733,26.2749668138682],[-80.1332249996334,26.2795409996183],[-80.1324079997287,26.2832410002728],[-80.132003999984,26.2850920001965],[-80.1312110002868,26.2887649996059],[-80.1308610003342,26.2903329999688],[-80.1308256767629,26.2904968186741],[-80.1291104564817,26.2899583639882]]]]}},{"type":"Feature","id":"FL-12011-A009-2022","properties":{"state_po":"FL","county_fips":"12011","county_name":"Broward County","precinct_id":"A009","geometry_vintage":"2022"},"geometry":{"type":"MultiPolygon","coordinates":[[[[-80.1292197915595,26.3044417539846],[-80.1293346763536,26.3044338219642],[-80.1273116756926,26.3077608234041],[-80.1271076752784,26.3081798229413],[-80.1269436758094,26.308631823101],[-80.1268446757405,26.3091808232373],[-80.1268416756022,26.3094118230981],[-80.1268756753715,26.3096948226588],[-80.1268940008568,26.3097999713925],[-80.1269366754865,26.3100448235107],[-80.1270756756013,26.3105018230016],[-80.1271306754397,26.3106448242002],[-80.1274716758765,26.3117378242421],[-80.1276996755989,26.3125698239391],[-80.1278466751833,26.3131418242366],[-80.1279261536684,26.3136133306915],[-80.1280096764048,26.314108823864],[-80.128094675828,26.3149128249678],[-80.1281186751361,26.3152668251047],[-80.1281331641136,26.3158880452979],[-80.1281546767962,26.3178818260863],[-80.1260046756746,26.3179028261554],[-80.1220476748596,26.3179418261552],[-80.1219926750213,26.318112825947],[-80.1201086735758,26.3181178261776],[-80.116406672829,26.3182518260618],[-80.1164036726907,26.3180418253708],[-80.1161396731068,26.3180588261548],[-80.1167526725971,26.3139518247178],[-80.1171916730566,26.3132268236599],[-80.1196866730009,26.3046478219403],[-80.119727673093,26.3044998223098],[-80.1218366741226,26.2972818204005],[-80.1239856733994,26.2898538186997],[-80.1246047711926,26.2898435988039],[-80.1252721517877,26.2898255503098],[-80.1267451315819,26.2897869873804],[-80.1267526741959,26.2897868183079],[-80.1268001997688,26.2897856581824],[-80.1268756735728,26.2897838181695],[-80.127248674586,26.2897778178929],[-80.1273726749084,26.2897758178006],[-80.1274646746543,26.2897738177084],[-80.1276886750916,26.2897708175701],[-80.1277416748378,26.2897738177084],[-80.1278346746299,26.2897798188844],[-80.1280226752056,26.2897918176391],[-80.1281726749284,26.2898018189997],[-80.1285846750421,26.2898548178464],[-80.128655674719,26.2898648183076],[-80.1287706746263,26.2898888176157],[-80.1290775979521,26.2899516379586],[-80.1291126751092,26.2899588181458],[-80.1292685015395,26.2900059866878],[-80.1295906135154,26.2901035136671],[-80.1296384403611,26.2901179945507],[-80.1305540626192,26.2904116339906],[-80.1306987041812,26.2904584320119],[-80.1308256767629,26.2904968186741],[-80.1299986754978,26.2933638195855],[-80.1287556757332,26.2971578200782],[-80.1264096754655,26.3043668224718],[-80.1263606759038,26.3045208223789],[-80.1278364013282,26.3044930809918],[-80.1282979145165,26.3044842442533],[-80.1289146758709,26.3044628224022],[-80.1292197915595,26.3044417539846]]]]}},{"type":"Feature","id":"FL-12011-A010-2022","properties":{"state_po":"FL","county_fips":"12011","county_name":"Broward County","precinct_id":"A010","geometry_vintage":"2022"},"geometry":{"type":"MultiPolygon","coordinates":[[[[-80.1170360004105,26.3278469996402],[-80.1163690002285,26.3190600000199],[-80.1164040000439,26.3182470002997],[-80.1201059998913,26.3181130004155],[-80.1219900004375,26.3181080001849],[-80.1220450002759,26.3179370003931],[-80.1260020001915,26.3178980003933],[-80.1281520004138,26.3178770003242],[-80.12830899956,26.3178760002781],[-80.1306769999429,26.317866999863],[-80.1306840002657,26.3180179996319],[-80.1359929995766,26.317976000393],[-80.1360850002219,26.3179770004391],[-80.1361119996684,26.3179770004391],[-80.139795999585,26.3179570004161],[-80.1403530000902,26.3179530002316],[-80.1433109998022,26.3179839998626],[-80.146125000068,26.3179920002315],[-80.1461176804859,26.3178258253025],[-80.1465309999051,26.3178229996326],[-80.1502270003751,26.3177970002322],[-80.1526640003427,26.317765999702],[-80.1526689996739,26.317958999609],[-80.1529130001342,26.3223000001458],[-80.1530809997877,26.3222949999152],[-80.1533590000172,26.3248210003897],[-80.1535800003161,26.3277699996866],[-80.153448999671,26.3277719997789],[-80.1485120004278,26.3278030003091],[-80.1368539997117,26.3278550000091],[-80.1361020001066,26.3278420003089],[-80.1283339998136,26.3277179999866],[-80.1281389998143,26.327701000102],[-80.1201249998682,26.3277909997557],[-80.1170360004105,26.3278469996402]]]]}},{"type":"Feature","id":"FL-12011-A011-2022","properties":{"state_po":"FL","county_fips":"12011","county_name":"Broward County","precinct_id":"A011","geometry_vintage":"2022"},"geometry":{"type":"MultiPolygon","coordinates":[[[[-80.1460940004371,26.3135129996261],[-80.1461009998606,26.3137410002478],[-80.1460140003452,26.316022000216],[-80.1460142602493,26.3160266658988],[-80.1460166821235,26.3160268250788],[-80.1460596814085,26.3160418239719],[-80.1460746821002,26.3160878251938],[-80.1460826806705,26.316494825077],[-80.1460876809011,26.316747825053],[-80.1460946821232,26.3170408250749],[-80.1461056808319,26.3174648248427],[-80.1461026806935,26.3175698251882],[-80.1461176813852,26.3178258253025],[-80.1461276809471,26.3179968250943],[-80.1433136806812,26.3179888247254],[-80.1403556800699,26.3179578250944],[-80.1397986786654,26.3179618252789],[-80.1390789197557,26.317965749021],[-80.1379790515913,26.3179717448011],[-80.1364791622829,26.3179799214371],[-80.1361146778494,26.3179818253018],[-80.1359956777576,26.3179808252557],[-80.1349206416736,26.317974824979],[-80.1306866766482,26.3180228235953],[-80.1306796763254,26.3178718247258],[-80.1283116759424,26.3178808260402],[-80.1281546767962,26.3178818260863],[-80.1281485344267,26.3173125696202],[-80.128094675828,26.3149128249678],[-80.1280096764048,26.314108823864],[-80.1279261536684,26.3136133306915],[-80.1278466751833,26.3131418242366],[-80.1276996755989,26.3125698239391],[-80.1274716758765,26.3117378242421],[-80.1271366010726,26.3106919828496],[-80.126875394783,26.3097255210168],[-80.1268416756022,26.3094118230981],[-80.1268446757405,26.3091808232373],[-80.1269436758094,26.308631823101],[-80.1271076752784,26.3081798229413],[-80.1273116756926,26.3077608234041],[-80.1293346763536,26.3044338219642],[-80.1294986767219,26.3044218223101],[-80.1300005020209,26.3044326879191],[-80.1300066767661,26.304432821918],[-80.1301186756357,26.3044308218259],[-80.1304911010828,26.3044264906908],[-80.1306346760488,26.3044248224485],[-80.1310066761166,26.3044088217106],[-80.1315006773138,26.3043938219182],[-80.1322266766192,26.3043878216415],[-80.1325966765947,26.3043968220566],[-80.1331757239798,26.3044300088387],[-80.1332180712564,26.3044324361089],[-80.1337656774434,26.3044638224483],[-80.1344246772564,26.3044778221946],[-80.1362236783794,26.3044388221948],[-80.1363269151544,26.30443490205],[-80.1366168763671,26.3044238898515],[-80.1367766778008,26.3044178221257],[-80.1371827181073,26.3044094413435],[-80.1375196293268,26.3044024868861],[-80.1381816778415,26.3043888216877],[-80.1444266798467,26.3042238212732],[-80.1444256798006,26.3040878212968],[-80.1464251092307,26.3041016834468],[-80.1465309162681,26.3076528588932],[-80.1484115416587,26.3075733956965],[-80.1484380293909,26.3080766626088],[-80.1524723449221,26.3079986608104],[-80.1524840001358,26.3085669999679],[-80.1525596825827,26.311164822999],[-80.1512926826106,26.31119582263],[-80.1512376827722,26.3112168226991],[-80.1511696823343,26.3112288232525],[-80.1506103786654,26.3112333099701],[-80.1479669995768,26.3113109997037],[-80.1453866809499,26.3113688234133],[-80.1453296810193,26.3113558228138],[-80.1452296809044,26.3113448232059],[-80.1443786812305,26.3113518226294],[-80.1443346810001,26.3113698243588],[-80.1443126808849,26.3114008230904],[-80.1442879998906,26.3115210003947],[-80.1443186811616,26.3135268240046],[-80.1453496810423,26.3135058239355],[-80.1454026807884,26.313521823774],[-80.1454376806038,26.3135608237739],[-80.1460940004371,26.3135129996261]]]]}},{"type":"Feature","id":"FL-12011-A012-2022","properties":{"state_po":"FL","county_fips":"12011","county_name":"Broward County","precinct_id":"A012","geometry_vintage":"2022"},"geometry":{"type":"MultiPolygon","coordinates":[[[[-80.1360632294338,26.2948198759374],[-80.1359556777117,26.2948208193262],[-80.1359802076198,26.2956981727334],[-80.1359894562477,26.2962033938724],[-80.135998677896,26.2969588198945],[-80.1361146778494,26.2969468193411],[-80.1361420001525,26.298681000029],[-80.1358750004302,26.2996170000254],[-80.1359892431085,26.2996654761816],[-80.1360616781033,26.2996938201145],[-80.1361246783106,26.2997408213827],[-80.1361686776417,26.2998148211979],[-80.1361786781029,26.2999148213128],[-80.1361919997603,26.3012649995809],[-80.1362099996911,26.3032809999191],[-80.1362250003828,26.3042780000305],[-80.1362236783794,26.3044388221948],[-80.1301160001526,26.304425999661],[-80.1294960003395,26.3044170001453],[-80.1293319999712,26.3044289997994],[-80.1263580004207,26.3045160002141],[-80.1264069999824,26.3043620003069],[-80.1287530002501,26.2971529997121],[-80.1299960000147,26.2933590001186],[-80.1308256767629,26.2904968186741],[-80.132320675558,26.2909728181419],[-80.1327686764326,26.2910978194097],[-80.1334816769372,26.2912618188787],[-80.1340616776037,26.291347818348],[-80.1344636772562,26.2913928186246],[-80.1349106771854,26.2914138186936],[-80.135891676559,26.2914008189935],[-80.1359986769967,26.2913998189474],[-80.1360106775501,26.2916818175627],[-80.1360126776423,26.2917718190151],[-80.1360396770888,26.2928908193567],[-80.1360486784031,26.2932638185712],[-80.1360486784031,26.2932768191707],[-80.1360496775499,26.2933188193089],[-80.136050677596,26.2933328190552],[-80.136050677596,26.2933968193086],[-80.136053676835,26.2935908192618],[-80.1360546768812,26.293655818662],[-80.1360576770196,26.2938878185689],[-80.1360666783339,26.2945868193271],[-80.1360696775729,26.2948198192801],[-80.1360632294338,26.2948198759374]]]]}},{"type":"Feature","id":"FL-12011-A013-2022","properties":{"state_po":"FL","county_fips":"12011","county_name":"Broward County","precinct_id":"A013","geometry_vintage":"2022"},"geometry":{"type":"MultiPolygon","coordinates":[[[[-80.1502996817842,26.2908108178658],[-80.1501506821077,26.2908598183268],[-80.1499436806557,26.2909218175887],[-80.1499086817396,26.2909318180498],[-80.1496376818329,26.2909878179343],[-80.1495396818102,26.2909988184416],[-80.1492636807736,26.291030819018],[-80.1483096808464,26.2910518181877],[-80.1478996808249,26.2910618177495],[-80.1478996052819,26.2910568220156],[-80.1478969999459,26.2910570000814],[-80.1455210000934,26.2911289998044],[-80.1449329999573,26.2911390002655],[-80.1443770003976,26.2911509999196],[-80.1438320004458,26.2911709999426],[-80.143278000079,26.2911829995966],[-80.1427360002655,26.2912010004267],[-80.1421029998529,26.2912170002653],[-80.1402729999983,26.291266999873],[-80.1394190001861,26.2912859998499],[-80.1388390004189,26.2913079999651],[-80.135995999715,26.2913950003798],[-80.1359961040363,26.291399843229],[-80.1358916783576,26.2914008189935],[-80.1358456771356,26.2914018181403],[-80.1353886776447,26.2914098176099],[-80.1352516776222,26.2914128186475],[-80.1352366769305,26.2914128186475],[-80.1351256772076,26.2914128186475],[-80.1349106771854,26.2914138186936],[-80.1344636772562,26.2913928186246],[-80.1340616767043,26.291347818348],[-80.1334816760379,26.2912618188787],[-80.1327686773319,26.291097817611],[-80.1323206773567,26.2909728181419],[-80.1315626756763,26.2907278176356],[-80.1312716757466,26.2906338186967],[-80.1310876762546,26.2905778188121],[-80.1310346756092,26.2905608189275],[-80.1308776755636,26.2905128176133],[-80.1308256758636,26.2904968177748],[-80.1308265086358,26.2904930109446],[-80.1308278171494,26.290487030453],[-80.1308610003342,26.2903329999688],[-80.1312110002868,26.2887649996059],[-80.132003999984,26.2850920001965],[-80.1324106761111,26.2832458170417],[-80.1332276760158,26.2795458154879],[-80.1342256761733,26.2749668138682],[-80.1356606775975,26.2749518140758],[-80.1358016769052,26.2749508140297],[-80.1380556783262,26.2749258137762],[-80.1430582849113,26.2747953752072],[-80.1472096013414,26.2746536933142],[-80.1520666814316,26.2745458142388],[-80.1522186821458,26.2745428141005],[-80.1581646838524,26.2744738145158],[-80.1581696831837,26.2754538138433],[-80.1561556829378,26.2754758139585],[-80.1561736828686,26.2762388140709],[-80.1522976821916,26.2762838143474],[-80.1525596825827,26.2891598172726],[-80.1525606826287,26.2894108180557],[-80.152369682814,26.2895278180552],[-80.1518996818242,26.2898378179618],[-80.1514906818488,26.2901078178224],[-80.1510066820121,26.2904288182362],[-80.1509126821739,26.2904908183974],[-80.1507466817133,26.290590817613],[-80.150728540589,26.2906014008349],[-80.1506986821977,26.2906188180049],[-80.1505926818062,26.2906748178894],[-80.1505086824291,26.2907188181198],[-80.1504866814146,26.2907278176356],[-80.1504726816682,26.2907338179123],[-80.1503186817611,26.2908028183962],[-80.1502996817842,26.2908108178658]]]]}},{"type":"Feature","id":"FL-12011-A014-2022","properties":{"state_po":"FL","county_fips":"12011","county_name":"Broward County","precinct_id":"A014","geometry_vintage":"2022"},"geometry":{"type":"MultiPolygon","coordinates":[[[[-80.1501506821077,26.2908598183268],[-80.1502996817842,26.2908108178658],[-80.1505086824291,26.2907188181198],[-80.1505926818062,26.2906748178894],[-80.1506986821977,26.2906188180049],[-80.1507466817133,26.290590817613],[-80.1510066820121,26.2904288182362],[-80.1514906818488,26.2901078178224],[-80.152369682814,26.2895278180552],[-80.1525606826287,26.2894108180557],[-80.1525596825827,26.2891598172726],[-80.1530069999724,26.289189000273],[-80.159485000132,26.2890969996277],[-80.1619129996845,26.2890589996739],[-80.1645829996051,26.2890179995819],[-80.1686370003966,26.2890809997892],[-80.1690139997956,26.2890819998353],[-80.1690109996572,26.2888940001588],[-80.16917900021,26.2888869998361],[-80.1695629999318,26.2888859997899],[-80.1695629999318,26.2890750004118],[-80.1698070003921,26.3016609998561],[-80.169969999815,26.3051329998889],[-80.169613000439,26.3051509998197],[-80.1694259999093,26.3051600002347],[-80.1694389996095,26.3053320000726],[-80.1694469999784,26.3055189997029],[-80.1696009998856,26.3091639996198],[-80.1699879997457,26.3176089996565],[-80.1699960001147,26.3177820004398],[-80.1696199998624,26.3177879998172],[-80.1658319996464,26.3178449997478],[-80.1608989996884,26.3178930001627],[-80.1605010002203,26.3179039997706],[-80.1547019998967,26.3179380004393],[-80.1528540001113,26.31795600037],[-80.1526689996739,26.317958999609],[-80.1526640003427,26.317765999702],[-80.1502270003751,26.3177970002322],[-80.1465336816834,26.3178278235961],[-80.1461176813852,26.3178258253025],[-80.1461026806935,26.3175698251882],[-80.1461056808319,26.3174648248427],[-80.1460946821232,26.3170408250749],[-80.1460876809011,26.316747825053],[-80.1460826806705,26.316494825077],[-80.1460746821002,26.3160878251938],[-80.1460596814085,26.3160418239719],[-80.1460166821235,26.3160268250788],[-80.1460142602493,26.3160266658988],[-80.1460140003452,26.316022000216],[-80.1461009998606,26.3137410002478],[-80.1460940004371,26.3135129996261],[-80.1454376806038,26.3135608237739],[-80.1454026807884,26.313521823774],[-80.1453496810423,26.3135058239355],[-80.1443186811616,26.3135268240046],[-80.1442879998906,26.3115210003947],[-80.1443126808849,26.3114008230904],[-80.1443346810001,26.3113698243588],[-80.1443786812305,26.3113518226294],[-80.1452296809044,26.3113448232059],[-80.1453296810193,26.3113558228138],[-80.1453866809499,26.3113688234133],[-80.1476974116056,26.3113084986891],[-80.1479652998581,26.3113158389557],[-80.1479696813551,26.3113158227679],[-80.1480366817468,26.311310824336],[-80.1480897246604,26.3113073934223],[-80.1481111429143,26.3113060075671],[-80.1482376820227,26.3112978228371],[-80.1483056815613,26.3112958227449],[-80.1485736813297,26.3112858231831],[-80.1486896821824,26.3112818229986],[-80.1487921176614,26.3112785071982],[-80.148804314267,26.3112781123958],[-80.1492001076982,26.3112682935977],[-80.1506103786654,26.3112333099701],[-80.1511696823343,26.3112288232525],[-80.1512376827722,26.3112168226991],[-80.1512926826106,26.31119582263],[-80.152556999905,26.311159999935],[-80.1524840001358,26.3085669999679],[-80.1524723449221,26.3079986608104],[-80.1484380293909,26.3080766626088],[-80.1484115416587,26.3075733956965],[-80.1465309162681,26.3076528588932],[-80.1464251092307,26.3041016834468],[-80.1444229998209,26.3040830000313],[-80.144423999867,26.3042190000077],[-80.1381789996605,26.3043840004221],[-80.1362236783794,26.3044388221948],[-80.1362250003828,26.3042780000305],[-80.1362099996911,26.3032809999191],[-80.1361919997603,26.3012649995809],[-80.1361786781029,26.2999148213128],[-80.1361686776417,26.2998148211979],[-80.1361246783106,26.2997408213827],[-80.1360616781033,26.2996938201145],[-80.1359892431085,26.2996654761816],[-80.1358776786113,26.2996218203916],[-80.1358786157049,26.2996185342688],[-80.1358791247212,26.2996187501061],[-80.1359186769047,26.2995348199768],[-80.1359536776195,26.2994638202999],[-80.136027678334,26.2992848201392],[-80.1360326776653,26.2992698203468],[-80.1360646782417,26.299179820693],[-80.1361096776189,26.2990278199788],[-80.1361346778724,26.2988618204175],[-80.1361406781491,26.2987398201875],[-80.1361446783336,26.2986858203952],[-80.1361146778494,26.2969468193411],[-80.135998677896,26.2969588198945],[-80.1359556777117,26.2948208193262],[-80.1360696775729,26.2948198192801],[-80.135995999715,26.2913950003798],[-80.1388390004189,26.2913079999651],[-80.1394190001861,26.2912859998499],[-80.1402729999983,26.291266999873],[-80.1421029998529,26.2912170002653],[-80.1427360002655,26.2912010004267],[-80.143278000079,26.2911829995966],[-80.1438320004458,26.2911709999426],[-80.1443770003976,26.2911509999196],[-80.1449329999573,26.2911390002655],[-80.1455210000934,26.2911289998044],[-80.1478996808249,26.2910618177495],[-80.1483096808464,26.2910518181877],[-80.1492636807736,26.291030819018],[-80.1495396818102,26.2909988184416],[-80.1496376818329,26.2909878179343],[-80.1499086817396,26.2909318180498],[-80.1499436806557,26.2909218175887],[-80.1501506821077,26.2908598183268]]]]}},{"type":"Feature","id":"FL-12011-A015-2022","properties":{"state_po":"FL","county_fips":"12011","county_name":"Broward County","precinct_id":"A015","geometry_vintage":"2022"},"geometry":{"type":"MultiPolygon","coordinates":[[[[-80.1703320003209,26.32778200024],[-80.1701489999757,26.3277810001939],[-80.1697850002769,26.3278099997325],[-80.155332000171,26.3277709997327],[-80.1535800003161,26.3277699996866],[-80.1533590000172,26.3248210003897],[-80.1530809997877,26.3222949999152],[-80.1529130001342,26.3223000001458],[-80.1526689996739,26.317958999609],[-80.1528540001113,26.31795600037],[-80.1547019998967,26.3179380004393],[-80.1605010002203,26.3179039997706],[-80.1608989996884,26.3178930001627],[-80.1658319996464,26.3178449997478],[-80.1696199998624,26.3177879998172],[-80.1699960001147,26.3177820004398],[-80.1701259998144,26.3177810003937],[-80.1702300001137,26.3274969996876],[-80.1703249999981,26.3274779997108],[-80.1703320003209,26.32778200024]]]]}},{"type":"Feature","id":"FL-12011-B001-2022","properties":{"state_po":"FL","county_fips":"12011","county_name":"Broward County","precinct_id":"B001","geometry_vintage":"2022"},"geometry":{"type":"MultiPolygon","coordinates":[[[[-80.0944816644966,26.2612378111769],[-80.0946836648186,26.2612318117996],[-80.0955826649074,26.2612008112693],[-80.0960441726998,26.2611978516004],[-80.0961966644439,26.2611958110387],[-80.0964896653651,26.2611898116613],[-80.0967076655257,26.2611888116152],[-80.0970126652017,26.261177811108],[-80.097501665269,26.2611688115923],[-80.0978686660055,26.2611818112924],[-80.0981196658892,26.2611918117536],[-80.0989926656783,26.2611818112924],[-80.0992856657003,26.2611698116383],[-80.0993416655847,26.2611638113616],[-80.0995126662759,26.261146811477],[-80.0994296660456,26.2618308124429],[-80.0989536656785,26.265123812315],[-80.0988406658634,26.2661038134411],[-80.0987786657022,26.2665158135548],[-80.098655665426,26.2673998129519],[-80.0983876656576,26.269188814513],[-80.0979826658667,26.2721978138789],[-80.0977516660059,26.2738778149101],[-80.097639772357,26.2746653925947],[-80.0975246654303,26.2754358148119],[-80.0973406659383,26.2754388149502],[-80.0971576655932,26.2754528146965],[-80.0950506655551,26.2754608150655],[-80.0950566658318,26.2755638153187],[-80.0947546644955,26.2755688146499],[-80.094007665121,26.2755548149037],[-80.0934306645929,26.2755558158491],[-80.0926570003197,26.2755590003484],[-80.0919940003222,26.2755629996336],[-80.0917489998158,26.2755639996797],[-80.0913326640705,26.2755718156876],[-80.0913278778786,26.2756503094151],[-80.0913136640937,26.2759008155711],[-80.0913096639092,26.2759838158013],[-80.0913176633788,26.2763508156385],[-80.0913253471863,26.2765799826809],[-80.0913296594356,26.2766869390518],[-80.0913220232921,26.2768950286835],[-80.0913176633788,26.2770438161201],[-80.0913256637477,26.2777278161867],[-80.0913346641628,26.2792938164573],[-80.0913896640012,26.2797468166631],[-80.0914186635399,26.279866816801],[-80.0902866634981,26.2797708168705],[-80.0884276641047,26.2842308174991],[-80.0882636637364,26.2848218177735],[-80.0869476633034,26.2848148174508],[-80.0850716631261,26.2849038179577],[-80.0829366617969,26.2850058172655],[-80.0809816606745,26.285098817957],[-80.0807686607445,26.2851088175188],[-80.08077900025,26.2795710001025],[-80.0809649998342,26.2757579996329],[-80.08136600034,26.2714559999953],[-80.0811670001563,26.2679550004238],[-80.0816669998315,26.2661540001079],[-80.0817970004306,26.2658919997169],[-80.0825659999203,26.2643559999303],[-80.0837676614478,26.262562812025],[-80.0862750000906,26.2613529999419],[-80.0880789996454,26.260816000359],[-80.088242662768,26.2613228123988],[-80.0882926632751,26.2614408124444],[-80.0884346626289,26.2614338121216],[-80.0894401766222,26.2614000533707],[-80.092117035672,26.2612974353292],[-80.0933876644085,26.2612748119839],[-80.0940276642447,26.2612418113614],[-80.0942626642899,26.261238811223],[-80.0944816644966,26.2612378111769]]]]}},{"type":"Feature","id":"FL-12011-B002-2022","properties":{"state_po":"FL","county_fips":"12011","county_name":"Broward County","precinct_id":"B002","geometry_vintage":"2022"},"geometry":{"type":"MultiPolygon","coordinates":[[[[-80.0927976650795,26.2939988200903],[-80.0914936643005,26.2940348199518],[-80.0907386537652,26.2940497981605],[-80.0903586650197,26.2940748199978],[-80.0890666540022,26.2941067980911],[-80.0890786635488,26.2944698202269],[-80.0891746634793,26.2973368211382],[-80.0891906642171,26.2977658211366],[-80.0871316636947,26.2978118214593],[-80.0843296630828,26.297869821436],[-80.0842256627835,26.2978668212976],[-80.0829246621428,26.2979078213897],[-80.0829256621889,26.297760820906],[-80.0829186618661,26.2974738211608],[-80.0828886622813,26.29740382153],[-80.0828696632037,26.2972638213691],[-80.0827386616593,26.2971598210698],[-80.0825936621671,26.2970568217158],[-80.0824976622367,26.2970428210702],[-80.0812046619649,26.2970528215313],[-80.0810676520499,26.297087799763],[-80.080855652166,26.2970667996939],[-80.0807146618515,26.2970628210932],[-80.0804976608377,26.2970648211854],[-80.0802926612766,26.2970508214391],[-80.0803126612996,26.2938648202062],[-80.080318660677,26.2928068199796],[-80.0807626613671,26.2907388190421],[-80.0805746607913,26.2892978191399],[-80.0807686607445,26.2851088175188],[-80.0808106608827,26.2851058173804],[-80.0809816606745,26.285098817957],[-80.0829366617969,26.2850058172655],[-80.0869476633034,26.2848148174508],[-80.0882636637364,26.2848218177735],[-80.0884276641047,26.2842308174991],[-80.0902866634981,26.2797708168705],[-80.0914186635399,26.279866816801],[-80.0913894769421,26.2797452770238],[-80.0913346641628,26.2792938164573],[-80.0913256637477,26.2777278161867],[-80.0913176633788,26.2770438161201],[-80.0913216635633,26.2769048160054],[-80.0913296639322,26.2766868158447],[-80.0913189997714,26.2764839998376],[-80.0913176633788,26.2763508156385],[-80.0913096639092,26.2759838158013],[-80.0913110003017,26.2758959997015],[-80.0913278778786,26.2756503094151],[-80.0913326640705,26.2755718156876],[-80.091750290343,26.2755688245425],[-80.0919940317985,26.275567826295],[-80.0926596650109,26.275563816218],[-80.0934306645929,26.2755558158491],[-80.094007665121,26.2755548149037],[-80.0947546644955,26.2755688146499],[-80.0950566658318,26.2755638153187],[-80.0950497923134,26.2754608276559],[-80.0962176654123,26.2754478153653],[-80.0971610407488,26.2754525565911],[-80.0973406659383,26.2754388149502],[-80.0975246654303,26.2754358148119],[-80.0975036653612,26.2755448153418],[-80.0970440002797,26.2787930001976],[-80.0969749997957,26.2792990001496],[-80.0966106655491,26.281852816655],[-80.0962567346599,26.2843770796394],[-80.0955616657376,26.2892878186788],[-80.0954926652536,26.2897528185386],[-80.0954286658995,26.2902108198743],[-80.0951856654854,26.2916628193845],[-80.0948266660172,26.2938528205521],[-80.0941797432,26.297672484998],[-80.0940056659281,26.2976628208834],[-80.0929196554171,26.297838799322],[-80.0928206553483,26.2978297998063],[-80.092265500252,26.2978339996402],[-80.0922496649894,26.2973078207002],[-80.092234665197,26.2971108206087],[-80.0932986648009,26.2970908205858],[-80.0931646649167,26.2939888196292],[-80.0927976650795,26.2939988200903]]]]}},{"type":"Feature","id":"FL-12011-C001-2022","properties":{"state_po":"FL","county_fips":"12011","county_name":"Broward County","precinct_id":"C001","geometry_vintage":"2022"},"geometry":{"type":"MultiPolygon","coordinates":[[[[-80.0944816644966,26.2612378111769],[-80.0940276642447,26.2612418113614],[-80.0933876644085,26.2612748119839],[-80.092159663537,26.2612958120529],[-80.0884456226667,26.2614334442989],[-80.0884346626289,26.2614338121216],[-80.0882926632751,26.2614408124444],[-80.088242662768,26.2613228123988],[-80.0880816625381,26.2608208126313],[-80.0862776620838,26.2613578122142],[-80.0854459123983,26.2617569924921],[-80.083777598057,26.2625580357256],[-80.0837676614478,26.262562812025],[-80.0835533745879,26.2620928497061],[-80.0832316610117,26.2613978122601],[-80.0819906208698,26.2592033306701],[-80.0814976610875,26.2583698111188],[-80.081308661365,26.2580478115581],[-80.0811346605355,26.2577548115362],[-80.0790676605434,26.2542638106272],[-80.0786676600838,26.2535638107221],[-80.0803140003902,26.252248000046],[-80.0815950001085,26.2465190002525],[-80.0850340004182,26.2466049997219],[-80.0844236611224,26.2492588082483],[-80.0850176615352,26.2492658085711],[-80.086593662267,26.2492618083866],[-80.0865696620596,26.2494358083168],[-80.0865372828687,26.2497084737679],[-80.0865206615986,26.2499568098598],[-80.0865169995593,26.2503919998917],[-80.0889639999879,26.2503450004223],[-80.0896799997316,26.2503099997076],[-80.0900679996378,26.2503010001919],[-80.0908129998194,26.2466400004366],[-80.091414662456,26.2437428074854],[-80.0914186626405,26.2436698077163],[-80.0914296631478,26.2435978079933],[-80.0915946626629,26.2428118068203],[-80.0916208284378,26.2427149687217],[-80.0916346627089,26.242644807213],[-80.0916406629855,26.2426238071438],[-80.0920896639062,26.2426488064981],[-80.0920836636295,26.2426628071437],[-80.0920536640447,26.2428958070967],[-80.0918766639762,26.2436778080852],[-80.0919416633764,26.2437738080157],[-80.0918396640686,26.2439258078306],[-80.0914126632632,26.2458908076156],[-80.0916056640695,26.2458888075233],[-80.0916106634007,26.2461418074993],[-80.0917866634232,26.246562808028],[-80.0945206635971,26.2465368077284],[-80.0955266650229,26.2465178077515],[-80.0962006646283,26.2465208078899],[-80.0964966647886,26.2465098073825],[-80.0968906649716,26.246501807913],[-80.0975776642771,26.2464938075441],[-80.0984346660264,26.2464948075902],[-80.0989216660014,26.2464868081205],[-80.0996016658835,26.2464748075672],[-80.1002626657887,26.2464698073366],[-80.1014086664761,26.2465068081436],[-80.1015976661987,26.2465128075209],[-80.1010846668233,26.2501298088445],[-80.1007316667324,26.2527838098258],[-80.1004736665258,26.2546078094037],[-80.1001166662505,26.2569678103171],[-80.0998756668279,26.2588088115783],[-80.0998536667127,26.2589688117621],[-80.0998516666205,26.2589918110241],[-80.0995126662759,26.261146811477],[-80.0993416655847,26.2611638113616],[-80.0992856657003,26.2611698116383],[-80.0989926656783,26.2611818112924],[-80.0981196658892,26.2611918117536],[-80.0978686660055,26.2611818112924],[-80.097501665269,26.2611688115923],[-80.0970126652017,26.261177811108],[-80.0967076655257,26.2611888116152],[-80.0964896653651,26.2611898116613],[-80.0963235228116,26.2611925357078],[-80.0961356805166,26.2611966276231],[-80.0959038478836,26.2611997284856],[-80.0955826649074,26.2612008112693],[-80.0953806645853,26.2612038114077],[-80.0946836648186,26.2612318117996],[-80.0944816644966,26.2612378111769]]]]}},{"type":"Feature","id":"FL-12011-C002-2022","properties":{"state_po":"FL","county_fips":"12011","county_name":"Broward County","precinct_id":"C002","geometry_vintage":"2022"},"geometry":{"type":"MultiPolygon","coordinates":[[[[-80.1028886663782,26.2318368043259],[-80.1028940002573,26.233619999864],[-80.1029219997498,26.2354260004105],[-80.1028866662859,26.2372678056656],[-80.1028786668164,26.2373268056884],[-80.102855431932,26.2374971957399],[-80.1028476662861,26.2375628057798],[-80.1028068289713,26.2378642207581],[-80.1027996667705,26.2379178059629],[-80.1027992863573,26.2379206559144],[-80.1026476660563,26.2391158063502],[-80.102471364761,26.2402704944886],[-80.102295441181,26.2414457950882],[-80.1020556666351,26.2432088071416],[-80.1015949997088,26.2465079997453],[-80.1014059999862,26.2465020003679],[-80.1002600001982,26.2464649995609],[-80.099599000293,26.2464699997915],[-80.0989190004109,26.2464820003449],[-80.0984320004358,26.2464899998145],[-80.0975749995859,26.2464889997684],[-80.0968880002803,26.2464970001373],[-80.0964940000974,26.2465049996069],[-80.0961979999371,26.2465160001142],[-80.0955240003317,26.2465129999758],[-80.0917839996312,26.2465580002524],[-80.0916079996088,26.2461369997236],[-80.0916030002776,26.2458839997477],[-80.0920870001143,26.2426439996217],[-80.091638000093,26.2426190002675],[-80.0909806631265,26.2458528076618],[-80.0909726627575,26.2459618081918],[-80.0908886624811,26.2462788075218],[-80.090815662712,26.2466448082122],[-80.090562662736,26.2481098083219],[-80.0905546632665,26.2482188088518],[-80.0905586625516,26.2482918086209],[-80.0905496630359,26.2483258083902],[-80.0905176624595,26.2483918087358],[-80.0904916630591,26.2484608083205],[-80.0902666625758,26.2496438089155],[-80.0902566630139,26.2496788087309],[-80.0901996630834,26.2497748086613],[-80.0901706626453,26.2498428090992],[-80.0901067262438,26.2500592192584],[-80.0900706625304,26.2503058097662],[-80.0896826626241,26.2503148092819],[-80.0889666628805,26.2503498099966],[-80.0865196615525,26.250396809466],[-80.0865206615986,26.2499568098598],[-80.0865670000663,26.2494309996418],[-80.086593662267,26.2492618083866],[-80.0850150004413,26.2492609998961],[-80.0844210000285,26.2492539995733],[-80.085036661512,26.2466098083968],[-80.0815976603031,26.2465238089275],[-80.0845986610987,26.2318738042335],[-80.0888206615437,26.2319088040489],[-80.088832662097,26.2318328041414],[-80.0889751596752,26.2318523248258],[-80.08941374195,26.2319131225934],[-80.089563393635,26.2319344805926],[-80.0896260152277,26.2319396723789],[-80.0898136632693,26.2319508041871],[-80.0898766625772,26.2319638038873],[-80.0909286625271,26.2319638038873],[-80.092150663122,26.2319428038182],[-80.0923306633288,26.2319228037952],[-80.0928076628427,26.2319078040028],[-80.0935226634395,26.2319088040489],[-80.093912663438,26.2319088040489],[-80.094306663621,26.2319088040489],[-80.0948426640571,26.231909804095],[-80.0965896645807,26.2319118041873],[-80.0979376646908,26.2318908041182],[-80.0990246653554,26.2318768043719],[-80.0999836655131,26.2318758043258],[-80.1009126651867,26.231868804003],[-80.1018796657133,26.2318548042567],[-80.1027526664018,26.2318388044181],[-80.1028886663782,26.2318368043259]]]]}},{"type":"Feature","id":"FL-12011-C003-2022","properties":{"state_po":"FL","county_fips":"12011","county_name":"Broward County","precinct_id":"C003","geometry_vintage":"2022"},"geometry":{"type":"MultiPolygon","coordinates":[[[[-80.1038976661437,26.2215268019212],[-80.1027916664016,26.2246308020707],[-80.1027196657793,26.2248368025773],[-80.1025926662179,26.2253658026905],[-80.1025406656185,26.2256508032428],[-80.1025156662643,26.2258958019506],[-80.1025196664488,26.2266588029623],[-80.1025916661718,26.2282668033711],[-80.1026736663559,26.2300968041251],[-80.102745666079,26.2317028044417],[-80.1028836661476,26.2317008043495],[-80.1028886663782,26.2318368043259],[-80.1027526664018,26.2318388044181],[-80.1018796657133,26.2318548042567],[-80.1009099995961,26.2318639998246],[-80.0999809999225,26.2318710001474],[-80.0990219997648,26.2318720001935],[-80.0979349999996,26.2318859999398],[-80.0965869998895,26.2319070000089],[-80.0948400002652,26.2319049999167],[-80.0943039998291,26.2319039998706],[-80.0939099996461,26.2319039998706],[-80.0935199996476,26.2319039998706],[-80.0928049999501,26.2319029998244],[-80.0923280004362,26.2319179996169],[-80.0909286634264,26.2319638038873],[-80.0898739996847,26.2319589997089],[-80.0898110003767,26.2319460000087],[-80.0896249998931,26.2319350004008],[-80.089562999732,26.2319300001702],[-80.0894160001477,26.2319090001012],[-80.088975999642,26.2318479999861],[-80.0888300001038,26.2318279999631],[-80.0888179995504,26.2319039998706],[-80.0845986610987,26.2318738042335],[-80.0851589998873,26.2260810002388],[-80.0862970002057,26.2166309997218],[-80.0904920003049,26.2165670003676],[-80.0907466631273,26.2165698008565],[-80.0907401996998,26.2166002294179],[-80.0906986618131,26.216795801386],[-80.090818661951,26.2168308003021],[-80.090818661951,26.2167928003483],[-80.0920829999299,26.2167800002976],[-80.0922080002983,26.2162199996541],[-80.0924929999513,26.2148830000513],[-80.0936989998083,26.2148729995901],[-80.0937539996467,26.2155530003715],[-80.0935569995552,26.2162249998847],[-80.0929050000651,26.2192910000805],[-80.0934180003398,26.2193449998727],[-80.0933550001325,26.2196460002636],[-80.0955319998013,26.21962100001],[-80.0955650004238,26.219559999895],[-80.0956049995704,26.2193859999648],[-80.0960389997994,26.219326999942],[-80.0970030001877,26.2153520000956],[-80.0977899996081,26.2121229995776],[-80.0983266646432,26.211755800091],[-80.0983026644358,26.2118177993528],[-80.0987536654487,26.2118148001138],[-80.1042126662809,26.2116907988921],[-80.1041646667653,26.2098197989454],[-80.1042076660503,26.2098167988071],[-80.1048796655635,26.2098027990608],[-80.1056476668057,26.2097927985997],[-80.1060056662279,26.2097947986919],[-80.1072146671225,26.2097647991071],[-80.1073626676523,26.2097617989687],[-80.1069096674465,26.2116257985926],[-80.1065366664333,26.2131588000395],[-80.105972667404,26.2154837993388],[-80.1054226663223,26.2175538003685],[-80.1049420002724,26.219002000243],[-80.1040516660509,26.2215688011601],[-80.1040376663046,26.221567801114],[-80.1039996663509,26.2215598016444],[-80.1039652465982,26.2215497148483],[-80.1038976661437,26.2215268019212]]]]}},{"type":"Feature","id":"FL-12011-C004-2022","properties":{"state_po":"FL","county_fips":"12011","county_name":"Broward County","precinct_id":"C004","geometry_vintage":"2022"},"geometry":{"type":"MultiPolygon","coordinates":[[[[-80.1200506709011,26.210644799219],[-80.1200456706705,26.211081798687],[-80.1200516709472,26.2111807987557],[-80.120049670855,26.2112107983405],[-80.1200439008047,26.2112648772731],[-80.1200116709012,26.211395798778],[-80.1199516708323,26.2115297986621],[-80.1198966709939,26.2117047986384],[-80.1198476714322,26.2118037987072],[-80.1198206710865,26.2118697990529],[-80.1197846712249,26.2118867989375],[-80.119655670672,26.2119717983607],[-80.1194816698425,26.2121197988904],[-80.1190836712738,26.2125257987275],[-80.1189086712975,26.212722798819],[-80.1187666701451,26.2128487992336],[-80.1187066700761,26.2128967987491],[-80.1186096700995,26.2129597989564],[-80.1184536701002,26.2130717987254],[-80.1184186702848,26.2130877985639],[-80.1180356697097,26.2131827984483],[-80.1178796697103,26.2132087987479],[-80.1176956702183,26.2132777992319],[-80.1174666704498,26.2133357992087],[-80.1173546697815,26.2134837997385],[-80.1172968370787,26.2135433114755],[-80.1170786696442,26.2137927995989],[-80.1168386702678,26.2141697998972],[-80.1167616703142,26.2141887998741],[-80.1165557453507,26.2142239912451],[-80.1162686700624,26.2143197996199],[-80.1160626704552,26.2144287992506],[-80.1157856693725,26.2146337997109],[-80.1154859999783,26.2149699995667],[-80.1154236688666,26.2152587997547],[-80.1153636687976,26.2154127996618],[-80.115303669628,26.2159987997057],[-80.1154686691431,26.2162647993819],[-80.1153886690512,26.2164647996117],[-80.1151386692135,26.2169458002094],[-80.1149156688224,26.2170588009238],[-80.1148026690073,26.2172178001622],[-80.1146896691922,26.2174898010144],[-80.1146126692386,26.217506800899],[-80.1145386694234,26.2175338003455],[-80.1144986693774,26.2175528003223],[-80.114467444916,26.2175717346487],[-80.1144046695392,26.2176098002529],[-80.1143476696086,26.2176368005988],[-80.1142986691476,26.2176598007601],[-80.1141826691942,26.2176848010136],[-80.1139816689183,26.2177498004139],[-80.1138946694028,26.2177898004598],[-80.1138556694029,26.217811800575],[-80.1137636687577,26.2178818002058],[-80.113593669012,26.2178688005056],[-80.1134746689202,26.2178728006901],[-80.1133966689205,26.2178808001597],[-80.1133616691051,26.2178978009437],[-80.1132976688517,26.2179418002747],[-80.1132096692901,26.2180148009432],[-80.1130716692215,26.2181448006429],[-80.112540669016,26.2187778001562],[-80.1124806680477,26.2188728009399],[-80.1123826680251,26.2190708001781],[-80.112278668625,26.2193298004308],[-80.1122376685329,26.2194478004765],[-80.1121686680489,26.2195088005916],[-80.1120226685107,26.2196818004756],[-80.1119416683727,26.219797800429],[-80.1118586681424,26.2199308002671],[-80.1118066684423,26.2200288002898],[-80.1117396680506,26.2201998018802],[-80.1117136686502,26.22022080105],[-80.1115636680282,26.2202688014649],[-80.1114869522604,26.2203117153143],[-80.110862668077,26.2207418016937],[-80.1107986687229,26.2208338014396],[-80.1107726684232,26.2208558015549],[-80.1104336680786,26.2209598018542],[-80.1103976682171,26.2209748016467],[-80.1102286685176,26.221069801531],[-80.1101103078438,26.2211453697639],[-80.1099636679882,26.2212288016687],[-80.1099026678731,26.2212758011382],[-80.1097926681964,26.2213808014837],[-80.109564668474,26.2214358013221],[-80.1093599162265,26.2215021200277],[-80.10923066836,26.2215498011832],[-80.1090916673459,26.2216198017133],[-80.1089566674156,26.2216958016208],[-80.1088956673005,26.2217368017129],[-80.1088366672777,26.2217898014591],[-80.1088026675084,26.2218038012053],[-80.108565667371,26.2218228011822],[-80.1085176669561,26.2218318015973],[-80.1083376676486,26.2218858013895],[-80.1079556671197,26.2219798012278],[-80.1079186672121,26.2219938018733],[-80.1078506676735,26.2220318018271],[-80.107733667674,26.2220348010661],[-80.1076946676741,26.2220388012506],[-80.1075396677208,26.2220708018269],[-80.1074996676749,26.2220748011121],[-80.1071436674457,26.222062801458],[-80.1069076673543,26.2220308017809],[-80.1068696674006,26.2220208013198],[-80.1066096671018,26.221930801666],[-80.1065776674247,26.2219148018275],[-80.1065236676325,26.2217938016435],[-80.1063146669877,26.2223528022409],[-80.1063336669645,26.2236698027201],[-80.1062196671033,26.2233468022141],[-80.1055312954323,26.223327444307],[-80.1053306665763,26.2233218019605],[-80.1052296673146,26.2232038019148],[-80.1052287563014,26.2231997423751],[-80.1052257579617,26.2231863667583],[-80.1051036669,26.2226418020784],[-80.1051330225703,26.2222432890974],[-80.1051766666692,26.2216508013442],[-80.1050586666235,26.2214648017601],[-80.104941666624,26.2214838017369],[-80.104861666532,26.2214878019214],[-80.104708666671,26.2215238017829],[-80.1045506665794,26.2215418017137],[-80.1041166663504,26.2215748014368],[-80.1040516660509,26.2215688011601],[-80.1049446667623,26.219006800824],[-80.1054226663223,26.2175538003685],[-80.1059726665047,26.2154837993388],[-80.1065366664333,26.2131588000395],[-80.1069096665472,26.2116257985926],[-80.1073626676523,26.2097617989687],[-80.1100606670655,26.2096967986692],[-80.1101126676649,26.2108777991719],[-80.1105786684701,26.2108687987569],[-80.1135576691505,26.2108077986419],[-80.1145596694925,26.2107627983654],[-80.1175266705188,26.2106427991267],[-80.1175286697117,26.2107527988035],[-80.1188646701677,26.2106907986423],[-80.1200506709011,26.210644799219]]]]}},{"type":"Feature","id":"FL-12011-C005-2022","properties":{"state_po":"FL","county_fips":"12011","county_name":"Broward County","precinct_id":"C005","geometry_vintage":"2022"},"geometry":{"type":"MultiPolygon","coordinates":[[[[-80.1156396698343,26.2228208013398],[-80.1145586703457,26.2228478016856],[-80.1145376702766,26.2224758016178],[-80.1145226695849,26.2219408012278],[-80.1145186702997,26.2217648012055],[-80.1144996703229,26.2213938011839],[-80.1144666688011,26.2203058013725],[-80.1144434635943,26.219660810299],[-80.1144276688012,26.2192218008463],[-80.1144186692855,26.2189468007551],[-80.11441098278,26.2184500988938],[-80.1144106689166,26.2184298002959],[-80.1143946690781,26.2183167995815],[-80.1143476696086,26.2176368005988],[-80.1144046704385,26.2176098002529],[-80.1144986693774,26.2175528003223],[-80.1145386694234,26.2175338003455],[-80.1146126692386,26.217506800899],[-80.1146896691922,26.2174898010144],[-80.1147535066684,26.217326872638],[-80.1148026690073,26.2172178001622],[-80.1149156688224,26.2170588009238],[-80.1151386692135,26.2169458002094],[-80.1153886690512,26.2164647996117],[-80.1154686691431,26.2162647993819],[-80.115303669628,26.2159987997057],[-80.1153606695586,26.2154307995926],[-80.1154236688666,26.2152587997547],[-80.1154766704113,26.2150457998247],[-80.1154886691661,26.2149747992485],[-80.1156016689812,26.214824800425],[-80.1157276693958,26.2146837993188],[-80.1157747947703,26.214643174244],[-80.1159446704095,26.2145258001265],[-80.1160626695559,26.2144287992506],[-80.1161966703394,26.2143507992508],[-80.1162686700624,26.2143197996199],[-80.1163436699238,26.2142957994125],[-80.1164526695544,26.2142518000814],[-80.1165276703151,26.2142297999662],[-80.1165557453507,26.2142239912451],[-80.1166436702685,26.2142057997587],[-80.1167616703142,26.2141887998741],[-80.1168386702678,26.2141697998972],[-80.116924669737,26.2140477996671],[-80.1170366704053,26.2138547997601],[-80.1170786696442,26.2137927995989],[-80.1172968370787,26.2135433105762],[-80.1173546697815,26.2134837997385],[-80.1174006701042,26.2134247997156],[-80.1174448717828,26.2133609523469],[-80.1174666695505,26.2133357992087],[-80.1176956702183,26.2132777992319],[-80.1178796697103,26.2132087987479],[-80.1180356697097,26.2131827984483],[-80.1184186702848,26.2130877985639],[-80.1184536701002,26.2130717987254],[-80.1187066700761,26.2128967987491],[-80.1187666701451,26.2128487983343],[-80.1189086712975,26.212722798819],[-80.1190836712738,26.2125257987275],[-80.1192830042066,26.2123218900441],[-80.1193886709498,26.2122137987287],[-80.1194816698425,26.2121197988904],[-80.1195996698882,26.2120227989139],[-80.119655670672,26.2119717983607],[-80.1197846712249,26.2118867989375],[-80.1198206710865,26.2118697990529],[-80.1198876696795,26.2117207975776],[-80.1199516708323,26.2115297986621],[-80.1200116709012,26.211395798778],[-80.1200469998685,26.2112059995581],[-80.1200479999146,26.2106400004366],[-80.120049670855,26.2103817978825],[-80.1200576712239,26.2102287989208],[-80.1200556711316,26.2100537980452],[-80.1200756711547,26.2098997990374],[-80.1201276708547,26.2096227979546],[-80.1201606696785,26.2095177976091],[-80.1202556713615,26.2093177991779],[-80.120596670899,26.2088717983956],[-80.1206546708757,26.2088217978886],[-80.1207796712442,26.2087327982809],[-80.1208336710365,26.2086797976354],[-80.1208626705751,26.20864479782],[-80.1209676709206,26.20859279812],[-80.1211166705972,26.2085427976129],[-80.1212316714038,26.2085167982125],[-80.1214666705498,26.2084827984432],[-80.1222586711001,26.2084387982128],[-80.1225636707761,26.2084317978901],[-80.1231269998106,26.2084179995919],[-80.1232956721569,26.208411797867],[-80.1233546721797,26.2084037965988],[-80.1234926722483,26.2083727978672],[-80.1236012905665,26.2083374500142],[-80.1237676714402,26.208278798029],[-80.1239386721314,26.2082277965764],[-80.1247456715748,26.2079277980303],[-80.1248416724046,26.2078627977308],[-80.1248756721739,26.2078437977539],[-80.1262736727911,26.2073317984246],[-80.1263866726062,26.2072997978483],[-80.1264876727672,26.2072647980329],[-80.1294726737243,26.2062437968146],[-80.1295866735854,26.2062137972298],[-80.1297026744382,26.2061917971146],[-80.1298536733077,26.206145796792],[-80.130089673399,26.2061187973455],[-80.1302486744361,26.2061197973916],[-80.1303666735824,26.2061267968151],[-80.1303786732365,26.2061247967229],[-80.1304056735823,26.2061207974377],[-80.1306436737659,26.206114797161],[-80.1311566740406,26.2060737970689],[-80.1312336739942,26.2060567971843],[-80.1312866737404,26.2060377972074],[-80.1313626736478,26.2060587972766],[-80.1314416736936,26.2060687968384],[-80.131516673555,26.2060687968384],[-80.131649673393,26.2060687968384],[-80.1324136735515,26.2060447966309],[-80.1327136747956,26.2060357971152],[-80.1343326748124,26.2059807972768],[-80.1343716748123,26.205981797323],[-80.1343894562078,26.2059839071325],[-80.134489674858,26.2059957970692],[-80.1345276748117,26.2060077967233],[-80.1346286749727,26.2060647966539],[-80.1347386746494,26.2061067967921],[-80.1347746754103,26.2061217965845],[-80.1348456741878,26.206154797207],[-80.1349576748561,26.2061917971146],[-80.1349956748099,26.2061997965842],[-80.1350286754324,26.2062657969299],[-80.1350416742332,26.2063007967453],[-80.1350756749018,26.2063657970448],[-80.1351426743943,26.2064557966985],[-80.1352926759156,26.2066247972974],[-80.1371286751476,26.2085337980972],[-80.1374996751692,26.2087827978887],[-80.1375766751228,26.2088207978424],[-80.1378946753983,26.2089257981879],[-80.1382006760197,26.2090077965734],[-80.1380476761587,26.2091767980717],[-80.1377496759062,26.2095897982315],[-80.1373896745932,26.2102497980906],[-80.1372316754009,26.2105677965674],[-80.1371546754473,26.2107237965668],[-80.1368516758635,26.2113597980172],[-80.136656719931,26.211995010762],[-80.1364898012627,26.2126139817507],[-80.136401675796,26.2129857983568],[-80.1362492730848,26.2137452119728],[-80.1362146752664,26.2140307988831],[-80.1361686758431,26.2146347988577],[-80.1361576753358,26.2151878000778],[-80.1361686758431,26.2159368004438],[-80.1361752058204,26.2163815853428],[-80.1361874446941,26.2171861656099],[-80.1361986754279,26.2179178000673],[-80.1361901993176,26.2192707716297],[-80.1361786754049,26.2194878014218],[-80.1362026756123,26.2215888002838],[-80.1362136752203,26.2223928013876],[-80.1359576751059,26.2224588017332],[-80.133263674978,26.2225068012488],[-80.1318463883994,26.2225188018022],[-80.1307476290992,26.2225197613787],[-80.130267674413,26.2225148016176],[-80.1297406725933,26.2247598017243],[-80.1296446735622,26.2252048015612],[-80.1296366740926,26.2252298018148],[-80.1295706737469,26.2254438017909],[-80.1295495909402,26.2254845473748],[-80.12948167324,26.2256158016288],[-80.1293856733095,26.2257648022047],[-80.1292626739326,26.2259268015815],[-80.129020535069,26.2262067209643],[-80.1288396733116,26.2264158016488],[-80.1286486725975,26.2266378019938],[-80.1285256741199,26.2267808022931],[-80.127878673961,26.2267368020626],[-80.1273216482748,26.2267288295727],[-80.1272136738713,26.2267308026853],[-80.127251673825,26.2265998020401],[-80.1284336725753,26.2225788018711],[-80.1281276737525,26.2225918015712],[-80.1276606738004,26.2226038012253],[-80.1233116719954,26.2226808011789],[-80.1233286718801,26.2212698017608],[-80.1233276718339,26.2205798014176],[-80.1205646712219,26.2206478009561],[-80.1200216713624,26.220666800933],[-80.1199556710167,26.2206498010483],[-80.11989767104,26.2205968013022],[-80.1198954344261,26.2205919980232],[-80.1198636712707,26.2205238006338],[-80.1197956708329,26.2205108009336],[-80.1195276710645,26.2205108009336],[-80.1189216709977,26.220525800726],[-80.1187786697991,26.2205378012794],[-80.1182846712999,26.2206278009331],[-80.1178746703791,26.2207038017399],[-80.1177956703332,26.2207188024316],[-80.1177836697799,26.2207218016707],[-80.1175546700114,26.2207318012325],[-80.1174746699194,26.220735801417],[-80.1173016700354,26.2207368005638],[-80.1167856714209,26.2207418016937],[-80.1166136697844,26.220744801832],[-80.1165966698998,26.2208018017626],[-80.1165946698075,26.2208518013704],[-80.116598669992,26.2208788017162],[-80.1166286695768,26.2210668013926],[-80.1166346698535,26.2212898017838],[-80.116639670084,26.2214278018524],[-80.1166496696459,26.222111801919],[-80.1166646703376,26.2227948010401],[-80.1156396698343,26.2228208013398]]]]}},{"type":"Feature","id":"FL-12011-C006-2022","properties":{"state_po":"FL","county_fips":"12011","county_name":"Broward County","precinct_id":"C006","geometry_vintage":"2022"},"geometry":{"type":"MultiPolygon","coordinates":[[[[-80.1156396698343,26.2228208013398],[-80.1166646703376,26.2227948010401],[-80.1166496696459,26.222111801919],[-80.116639670084,26.2214278018524],[-80.1166345376531,26.2212848950827],[-80.1166286704761,26.2210668013926],[-80.1165979253533,26.2208737772039],[-80.1165946698075,26.2208518013704],[-80.1165966698998,26.2208018017626],[-80.1166136697844,26.220744801832],[-80.1167856714209,26.2207418016937],[-80.1173016700354,26.2207368014631],[-80.1174781916645,26.2207356251499],[-80.1175580496636,26.2207316537437],[-80.1177836697799,26.2207218016707],[-80.1177956703332,26.2207188024316],[-80.1178746703791,26.2207038017399],[-80.1187786697991,26.2205378012794],[-80.1189216709977,26.220525800726],[-80.1195276710645,26.2205108009336],[-80.1195996707875,26.2205098008875],[-80.1197956708329,26.2205108009336],[-80.1198636712707,26.2205238006338],[-80.1198954344261,26.2205919980232],[-80.11989767104,26.2205968013022],[-80.1199556710167,26.2206498010483],[-80.1200216713624,26.220666800933],[-80.1206526707835,26.2206458008639],[-80.1233276718339,26.2205798014176],[-80.1233286718801,26.2212698017608],[-80.1233116719954,26.2226808011789],[-80.1276606738004,26.2226038012253],[-80.1281276737525,26.2225918015712],[-80.1284336725753,26.2225788018711],[-80.127251673825,26.2265998020401],[-80.1272136738713,26.2267308026853],[-80.1264776732054,26.2293208034132],[-80.1259686731151,26.2311988036827],[-80.1259276730231,26.2313618031056],[-80.1258826727465,26.2314838033357],[-80.1243206726602,26.2314358029208],[-80.1243056728679,26.2316038034736],[-80.1226756714444,26.2316218034044],[-80.1215006721177,26.2316378041422],[-80.1205706714986,26.2316438044189],[-80.1186216706529,26.2316698038193],[-80.1176266706337,26.2316808043265],[-80.1176246705414,26.2315568040042],[-80.1134686695428,26.2316108037964],[-80.1125686694079,26.2316148039809],[-80.1116056690657,26.2316188041653],[-80.1107406678469,26.2316238043959],[-80.1107436679852,26.2317538040957],[-80.1105316681014,26.2317518040034],[-80.1095086685895,26.2317648046029],[-80.1084896683628,26.2317748041647],[-80.1076836671669,26.2317938041416],[-80.1068786678156,26.2317908040032],[-80.1059216677501,26.2317978043261],[-80.1048936662091,26.2318128041185],[-80.1038696666511,26.2318248037725],[-80.1028886663782,26.2318368043259],[-80.1028836661476,26.2317008043495],[-80.102745666079,26.2317028044417],[-80.1026736663559,26.2300968041251],[-80.1025916661718,26.2282668033711],[-80.1025196664488,26.2266588029623],[-80.1025156662643,26.2258958019506],[-80.1025406656185,26.2256508032428],[-80.1025926662179,26.2253658026905],[-80.1027196657793,26.2248368025773],[-80.1027916664016,26.2246308020707],[-80.1038976661437,26.2215268019212],[-80.1039677269284,26.2215505557144],[-80.1039996663509,26.2215598016444],[-80.1040376663046,26.221567801114],[-80.1040516660509,26.2215688011601],[-80.1041166663504,26.2215748014368],[-80.1045506665794,26.2215418017137],[-80.104708666671,26.2215238017829],[-80.1048616674314,26.2214878019214],[-80.104941666624,26.2214838017369],[-80.1050586666235,26.2214648017601],[-80.1051766666692,26.2216508013442],[-80.1051330225703,26.2222432890974],[-80.1051036669,26.2226418020784],[-80.1052257579617,26.2231863667583],[-80.1052287563014,26.2231997423751],[-80.1052296673146,26.2232038019148],[-80.1053306665763,26.2233218019605],[-80.1055312936336,26.223327444307],[-80.1062196671033,26.2233468022141],[-80.1063309995753,26.2236650003404],[-80.1063146669877,26.2223528022409],[-80.1065210002433,26.2217890001631],[-80.1065776674247,26.2219148018275],[-80.1066096671018,26.221930801666],[-80.1068696674006,26.2220208013198],[-80.1069076673543,26.2220308017809],[-80.1071436674457,26.2220628005587],[-80.1074996676749,26.2220748011121],[-80.1076946676741,26.2220388012506],[-80.107733667674,26.2220348010661],[-80.1078506676735,26.2220318018271],[-80.1078836673967,26.2220128018502],[-80.1079186672121,26.2219938018733],[-80.1079556671197,26.2219798012278],[-80.1082866670953,26.2218978010436],[-80.1083376676486,26.2218858013895],[-80.1084216670257,26.221860801136],[-80.1085176669561,26.2218318015973],[-80.1085656682703,26.2218228011822],[-80.1088026684077,26.2218038012053],[-80.1088166681541,26.221797801828],[-80.108836668177,26.2217898023584],[-80.1088956681999,26.2217368017129],[-80.1089566683149,26.2216958016208],[-80.1090916682452,26.2216198017133],[-80.1092252175691,26.2215525459142],[-80.10923066836,26.2215498011832],[-80.1093599162265,26.2215021200277],[-80.1095646675747,26.2214358013221],[-80.1096796683813,26.2214108010685],[-80.1097926681964,26.2213808005844],[-80.1098436678503,26.221331801922],[-80.1099026678731,26.2212758011382],[-80.1099636679882,26.2212288016687],[-80.1100286682878,26.2211918017611],[-80.1100301692563,26.2211909662909],[-80.1101103078438,26.2211453697639],[-80.1102286676183,26.2210698006316],[-80.1103426683788,26.2210048012315],[-80.1103976682171,26.2209748007473],[-80.1104336680786,26.2209598018542],[-80.1104526680555,26.2209538006782],[-80.110568668009,26.2209168007706],[-80.1106956675703,26.2208768007246],[-80.1107726684232,26.2208558015549],[-80.1107986687229,26.2208338014396],[-80.1108166686537,26.2208018017626],[-80.110862668077,26.2207418007944],[-80.1108896684228,26.2207148013479],[-80.1109506694372,26.2206688019245],[-80.1109646682842,26.2206598006102],[-80.1110546679379,26.2206018006335],[-80.1111126679146,26.2205648007259],[-80.1113226686056,26.2204228013721],[-80.1114116682133,26.2203628013031],[-80.111486956757,26.2203117126163],[-80.111495669389,26.2203058013725],[-80.1115296682589,26.2202868013956],[-80.1115636680282,26.2202688005656],[-80.1117136686502,26.22022080105],[-80.1117396680506,26.2201998018802],[-80.1118066693417,26.2200288011891],[-80.1118586681424,26.2199308011664],[-80.1118806691569,26.219895801351],[-80.111941669272,26.2197978013283],[-80.11202266941,26.2196818013749],[-80.1121536691559,26.2195258013755],[-80.1121686680489,26.2195088005916],[-80.1122376694323,26.2194477995772],[-80.112278668625,26.2193298013302],[-80.1123826680251,26.2190708001781],[-80.1124246690626,26.2189848007089],[-80.1124806680477,26.2188728009399],[-80.112540669016,26.2187778001562],[-80.1126396690848,26.2186528006871],[-80.1127286686925,26.2185438001571],[-80.1130716692215,26.2181448006429],[-80.113179668806,26.2180428004357],[-80.1132096692901,26.2180148009432],[-80.1132976688517,26.2179418002747],[-80.1133616691051,26.2178978009437],[-80.1133870209936,26.2178854856275],[-80.1133966689205,26.2178808001597],[-80.1134746689202,26.2178728006901],[-80.113593669012,26.2178687996063],[-80.1137636687577,26.2178818002058],[-80.1138556694029,26.2178117996757],[-80.1138946694028,26.2177897995605],[-80.1139816689183,26.2177498004139],[-80.1141826691942,26.2176848010136],[-80.1142986691476,26.2176598007601],[-80.1143476696086,26.2176368005988],[-80.1143546690321,26.2177468002755],[-80.1143556690782,26.2177727996758],[-80.114362669401,26.2178578008977],[-80.1143786692396,26.2180868006662],[-80.1143846704156,26.2181807996051],[-80.1143946690781,26.2183167995815],[-80.1144106689166,26.2184298002959],[-80.11441098278,26.2184500988938],[-80.1144186692855,26.2189468007551],[-80.1144276688012,26.2192218008463],[-80.1144434635943,26.219660810299],[-80.1144666688011,26.2203058013725],[-80.1144996703229,26.2213938011839],[-80.1145186702997,26.2217648012055],[-80.1145226695849,26.2219408012278],[-80.1145376702766,26.2224758016178],[-80.1145586703457,26.2228478016856],[-80.1156396698343,26.2228208013398]]]]}},{"type":"Feature","id":"FL-12011-C007-2022","properties":{"state_po":"FL","county_fips":"12011","county_name":"Broward County","precinct_id":"C007","geometry_vintage":"2022"},"geometry":{"type":"MultiPolygon","coordinates":[[[[-80.1028068289713,26.2378642207581],[-80.1028476662861,26.2375628057798],[-80.102855431932,26.2374971957399],[-80.1028794519245,26.2373210149537],[-80.1028866662859,26.2372678056656],[-80.1029246662397,26.2354308045888],[-80.1028966667471,26.2336248049416],[-80.1028886663782,26.2318368043259],[-80.1038696666511,26.2318248037725],[-80.1048936662091,26.2318128041185],[-80.1059216677501,26.2317978043261],[-80.1068786678156,26.2317908040032],[-80.1076836671669,26.2317938041416],[-80.1084896683628,26.2317748041647],[-80.1086933594103,26.2317748041647],[-80.1095086685895,26.2317648046029],[-80.1105316681014,26.2317518040034],[-80.1107436679852,26.2317538040957],[-80.1107406678469,26.2316238043959],[-80.1116056690657,26.2316188041653],[-80.1125686694079,26.2316148039809],[-80.1134686704422,26.2316108037964],[-80.1176246714408,26.2315568040042],[-80.1176266706337,26.2316808043265],[-80.1186216706529,26.2316698038193],[-80.1205706705993,26.2316438044189],[-80.1215006721177,26.2316378041422],[-80.1226756714444,26.2316218034044],[-80.1226096719981,26.2317518040034],[-80.1225816716062,26.2318818046025],[-80.12255885041,26.2320304175706],[-80.1225506719753,26.2321958037942],[-80.1225516720214,26.232346803563],[-80.1225436716525,26.2323908037934],[-80.1225216724366,26.2324308038394],[-80.1225126720215,26.2324738040237],[-80.1225026715604,26.2334068038818],[-80.1225206705918,26.2342388035788],[-80.121555671956,26.2342548043167],[-80.1206066722594,26.2342668039707],[-80.1186976705604,26.2343078040628],[-80.1187036708371,26.2352318053045],[-80.1187326712751,26.2361388048628],[-80.1187466710214,26.2370468053667],[-80.1187706712288,26.2379448054093],[-80.1187826708829,26.2388568060976],[-80.1188226709289,26.2407088060674],[-80.1179976706553,26.2407448059289],[-80.1177286708408,26.240756805583],[-80.1174826711876,26.2407758055598],[-80.1171846709352,26.2408168056519],[-80.1170927368397,26.2408323306484],[-80.1169696709129,26.240857805744],[-80.1167136698993,26.2409218059974],[-80.116244669855,26.2410518056972],[-80.1158570098924,26.2411751863866],[-80.1158476713323,26.2411778061117],[-80.1155669317678,26.2412549607487],[-80.1153066697664,26.2412948061113],[-80.1150576699748,26.2413298059267],[-80.114763999958,26.2413490001571],[-80.1136469997086,26.2413569996267],[-80.1127169999889,26.2413649999956],[-80.1060399996456,26.2414480002259],[-80.1060259998993,26.2414540679517],[-80.105857668396,26.2414668068485],[-80.1056696678203,26.2414938071943],[-80.1055406672673,26.241516805557],[-80.105421338923,26.2415534754134],[-80.1053901414412,26.2415568946358],[-80.1053613712297,26.2415719016228],[-80.1053486674064,26.2415758055798],[-80.1051376666693,26.2416688071706],[-80.1048886677771,26.2418038071009],[-80.1047835703048,26.2418732977154],[-80.104705667432,26.2419248072849],[-80.1045766219129,26.2420278902758],[-80.1045366677324,26.2420598072152],[-80.1044649998592,26.242122420714],[-80.1044487787875,26.2421365931302],[-80.1044416669487,26.2421428074455],[-80.1044346666259,26.2421498068689],[-80.1043186666725,26.2422838067532],[-80.1042486670417,26.2424148055997],[-80.1041556672496,26.242564807121],[-80.1040576672269,26.2427008070974],[-80.1039326668584,26.2428188071431],[-80.1037806661442,26.2429348070966],[-80.1036416669288,26.2430258067964],[-80.1035066660991,26.2430968073726],[-80.1033706661227,26.2431408067038],[-80.1032446666074,26.2431668070034],[-80.1031216663312,26.2431868070264],[-80.1029616661473,26.2432048069571],[-80.1020556657357,26.2432088071416],[-80.1020563582137,26.2432036908985],[-80.1021316656432,26.2426468073052],[-80.1023326668185,26.2411728058811],[-80.1023646655962,26.2409608068966],[-80.1024221358722,26.2405908896587],[-80.1024394019562,26.2404797568362],[-80.1024516669103,26.2404008071524],[-80.1024906669101,26.2401428060465],[-80.1026076669096,26.2393728056114],[-80.1026476660563,26.2391158063502],[-80.1026846668632,26.2388048063976],[-80.1027196666787,26.238517805753],[-80.1027996667705,26.2379178059629],[-80.1028068289713,26.2378642207581]]]]}},{"type":"Feature","id":"FL-12011-C008-2022","properties":{"state_po":"FL","county_fips":"12011","county_name":"Broward County","precinct_id":"C008","geometry_vintage":"2022"},"geometry":{"type":"MultiPolygon","coordinates":[[[[-80.1039326668584,26.2428188071431],[-80.1040576672269,26.2427008070974],[-80.1041556672496,26.242564807121],[-80.1042486670417,26.2424148055997],[-80.1043186666725,26.2422838067532],[-80.1044346666259,26.2421498068689],[-80.1044416669487,26.2421428065461],[-80.1044455511207,26.2421394125047],[-80.1044639071829,26.2421233605055],[-80.1045366677324,26.2420598072152],[-80.10456389111,26.2420380598095],[-80.104705667432,26.2419248072849],[-80.1047835703048,26.2418732977154],[-80.1048886677771,26.2418038071009],[-80.1051376666693,26.2416688071706],[-80.1053486674064,26.2415758055798],[-80.1053613712297,26.2415719016228],[-80.1053901414412,26.2415568946358],[-80.105421338923,26.2415534754134],[-80.1055406672673,26.241516805557],[-80.1056696678203,26.2414938071943],[-80.105857668396,26.2414668068485],[-80.1060259998993,26.2414540679517],[-80.1060782001481,26.2414523898168],[-80.1127196691767,26.2413698059726],[-80.1136496697958,26.2413618056037],[-80.1144976702307,26.2413608055576],[-80.1147666700451,26.2413538061341],[-80.1148096702294,26.241352806088],[-80.1150576699748,26.2413298059267],[-80.1152935351678,26.2412966524195],[-80.1153644080404,26.2412852247342],[-80.1155416698115,26.2412558061114],[-80.1158486767744,26.241176511088],[-80.1163166461956,26.2410462083167],[-80.1167136698993,26.2409218059974],[-80.1169696709129,26.240857805744],[-80.1171846709352,26.2408168056519],[-80.1174826711876,26.2407758055598],[-80.1177179248417,26.2407567336372],[-80.1179976706553,26.2407448059289],[-80.1188199999424,26.2407040000904],[-80.1187799998964,26.2388520001206],[-80.1187680002424,26.2379400003316],[-80.1187440000349,26.237042000289],[-80.1187300002886,26.2361339997851],[-80.1187009998506,26.2352270002268],[-80.1186949995739,26.2343029998844],[-80.1206040003736,26.2342619997923],[-80.1215530000703,26.2342500001383],[-80.1225179996053,26.2342340002997],[-80.1224999996746,26.2334019997034],[-80.1225126720215,26.2324738040237],[-80.1225216715373,26.2324308038394],[-80.1225436716525,26.2323908037934],[-80.1225516720214,26.2323468044623],[-80.1225509246848,26.2321906884504],[-80.12255885041,26.2320304184699],[-80.1225816716062,26.2318818046025],[-80.1226096719981,26.2317518040034],[-80.1226756714444,26.2316218034044],[-80.1243056728679,26.2316038034736],[-80.1243206726602,26.2314358029208],[-80.1258826727465,26.2314838033357],[-80.1258186724931,26.2316668036809],[-80.1256069999624,26.2324049995919],[-80.1251090003794,26.2342130002306],[-80.1242979998522,26.2369200000588],[-80.1231889999717,26.2408509996748],[-80.121885000092,26.2454749997723],[-80.1207570002347,26.2497130000558],[-80.1209280000265,26.2497099999175],[-80.1210110002568,26.2497099999175],[-80.1201619997758,26.252733999975],[-80.1199760001916,26.2534269995572],[-80.1194480001245,26.2552609995963],[-80.1189250002879,26.2570959996815],[-80.1183800003361,26.2590560001352],[-80.1179830000148,26.2604250003144],[-80.1179409998766,26.2605709998526],[-80.1176499999469,26.2605030003141],[-80.114510999982,26.2715990002945],[-80.1135529998704,26.2751030000043],[-80.11350899964,26.2752660003266],[-80.1071719996874,26.2754329999338],[-80.1063490004054,26.2754489997724],[-80.1055430001087,26.2754679997493],[-80.1051469998335,26.2754770001643],[-80.1047349997198,26.2754899998645],[-80.1039290003225,26.275505999703],[-80.1031030000028,26.2755089998413],[-80.1022999998444,26.2754940000489],[-80.1015409999166,26.2755049996569],[-80.1010960000797,26.2755089998413],[-80.100775999712,26.2755089998413],[-80.1000119995535,26.2755099998874],[-80.0992670002712,26.2755210003947],[-80.0984440000899,26.2755370002333],[-80.0975009997706,26.2755400003716],[-80.0975219998398,26.2754309998417],[-80.0977490004154,26.2738729999399],[-80.0979800002762,26.2721929998079],[-80.098385000067,26.2691840004421],[-80.0986529998354,26.2673949997803],[-80.0987760001117,26.2665110003832],[-80.0988380002728,26.2660990002695],[-80.0995126662759,26.261146811477],[-80.0998510002228,26.2589640003892],[-80.0998730003381,26.2588040002053],[-80.100471000036,26.2546029998294],[-80.1007290002425,26.2527790002515],[-80.1010820003334,26.2501250001695],[-80.1015949997088,26.2465079997453],[-80.1020546701862,26.2432176726583],[-80.1020556657357,26.2432088071416],[-80.1029616661473,26.2432048069571],[-80.1031216663312,26.2431868070264],[-80.1033706661227,26.2431408067038],[-80.1035066660991,26.2430968073726],[-80.1036416669288,26.2430258067964],[-80.1037806661442,26.2429348070966],[-80.1039326668584,26.2428188071431]]]]}},{"type":"Feature","id":"FL-12011-C009-2022","properties":{"state_po":"FL","county_fips":"12011","county_name":"Broward County","precinct_id":"C009","geometry_vintage":"2022"},"geometry":{"type":"MultiPolygon","coordinates":[[[[-80.1084416688473,26.2929658192181],[-80.1082296689634,26.2936998197917],[-80.1081942671511,26.2936938833669],[-80.1080686696328,26.2936728203452],[-80.1066506689925,26.2936408197689],[-80.1066257478793,26.2936403269404],[-80.1062966688555,26.2936338203454],[-80.1062939996677,26.2936289999793],[-80.1062976689016,26.2943978196046],[-80.1063116686479,26.2944778196965],[-80.1063296685787,26.2945348196271],[-80.1063749098735,26.2946017768514],[-80.1063796690858,26.2946088203416],[-80.1064396691547,26.2947198200645],[-80.1064566690394,26.2948198201794],[-80.1064716688318,26.2957378202451],[-80.1064556689932,26.2959478200368],[-80.1064186690857,26.2961038200361],[-80.1063566689245,26.2962468203353],[-80.1062021582024,26.2965396000234],[-80.1060046688797,26.2969138214166],[-80.1059636687876,26.2970148206783],[-80.1059296690183,26.2971318206779],[-80.1059126691337,26.2972248213693],[-80.1058980002918,26.2974590003334],[-80.1050340000184,26.297455000149],[-80.1042220003444,26.2974649997108],[-80.1034639995632,26.297465999757],[-80.1011960001946,26.2975310000565],[-80.1004190003359,26.2975489999872],[-80.099650999993,26.2975730001947],[-80.098870999996,26.2975890000332],[-80.0981170002986,26.2975930002177],[-80.0973689999787,26.2976249998947],[-80.0941770002677,26.2976670000329],[-80.0948240004266,26.293848000186],[-80.0951829998949,26.2916579999176],[-80.095426000309,26.2902060004075],[-80.0954899996631,26.2897479999711],[-80.0955590001471,26.2892830001113],[-80.0966079999586,26.2818479998862],[-80.0969749997957,26.2792990001496],[-80.0970440002797,26.2787930001976],[-80.0975009997706,26.2755400003716],[-80.0984440000899,26.2755370002333],[-80.0992670002712,26.2755210003947],[-80.1000119995535,26.2755099998874],[-80.100775999712,26.2755089998413],[-80.1010960000797,26.2755089998413],[-80.1015409999166,26.2755049996569],[-80.1022999998444,26.2754940000489],[-80.1031030000028,26.2755089998413],[-80.1039290003225,26.275505999703],[-80.1047349997198,26.2754899998645],[-80.1051469998335,26.2754770001643],[-80.1055430001087,26.2754679997493],[-80.1063490004054,26.2754489997724],[-80.1071719996874,26.2754329999338],[-80.11350899964,26.2752660003266],[-80.1092694777036,26.2900186167667],[-80.1092676700663,26.2900248193908],[-80.1090606704129,26.2907598191113],[-80.1084686700924,26.2928738185727],[-80.1084416688473,26.2929658192181]]]]}},{"type":"Feature","id":"FL-12011-C010-2022","properties":{"state_po":"FL","county_fips":"12011","county_name":"Broward County","precinct_id":"C010","geometry_vintage":"2022"},"geometry":{"type":"MultiPolygon","coordinates":[[[[-80.1328809999575,26.260603000429],[-80.1277519999542,26.2665120004294],[-80.1271016750017,26.2672968126986],[-80.1268666749564,26.2676048134123],[-80.1268216737806,26.2676638134351],[-80.1267106749571,26.2678248118664],[-80.1265016743122,26.2681318134333],[-80.1262796739671,26.2685108129245],[-80.1261946736446,26.2686518131315],[-80.1261219877389,26.2687839703049],[-80.1261076750285,26.2688098132232],[-80.1260626738527,26.2688918134073],[-80.126004673876,26.2690068133147],[-80.125968999569,26.2690689996355],[-80.1253180001249,26.2708449996978],[-80.1249720003569,26.2725710001524],[-80.12495300038,26.2748110000285],[-80.1249619998957,26.2750310002813],[-80.1233850000171,26.2750789997969],[-80.1219310004147,26.2751300003501],[-80.1194470000783,26.2751630000733],[-80.1173719997174,26.2751909995658],[-80.1137720000771,26.2752640002343],[-80.11350899964,26.2752660003266],[-80.1135529998704,26.2751030000043],[-80.114510999982,26.2715990002945],[-80.1176499999469,26.2605030003141],[-80.1179409998766,26.2605709998526],[-80.1178799997615,26.2607819996904],[-80.119119000241,26.2607789995521],[-80.1198869996846,26.2607799995982],[-80.1223849997673,26.2607520001056],[-80.1231320000411,26.2607500000134],[-80.1230990003179,26.2606499998985],[-80.1273989998633,26.2605580001525],[-80.1330250003029,26.2604339998301],[-80.1328809999575,26.260603000429]]]]}},{"type":"Feature","id":"FL-12011-C011-2022","properties":{"state_po":"FL","county_fips":"12011","county_name":"Broward County","precinct_id":"C011","geometry_vintage":"2022"},"geometry":{"type":"MultiPolygon","coordinates":[[[[-80.1303619998058,26.2328179997518],[-80.1303690001286,26.2342350003458],[-80.1303880001055,26.234805999698],[-80.1304270001053,26.2367870002208],[-80.1304429999439,26.2377230002172],[-80.1304569996901,26.2385479995914],[-80.1305030000128,26.2403740001608],[-80.1306339997586,26.2435209995953],[-80.1306620001506,26.2441649996159],[-80.1307329998274,26.2458600004396],[-80.1274670003012,26.245926999932],[-80.1270560002336,26.2459350003009],[-80.1270609995648,26.2463499996537],[-80.1270689999337,26.2468680001589],[-80.1270699999799,26.2477799999479],[-80.1271006740562,26.2492118078795],[-80.1271136737564,26.2493338081096],[-80.1271560003485,26.2495590001486],[-80.127181673295,26.2497368078083],[-80.1271849522231,26.2498540137526],[-80.1272136738713,26.2508808084035],[-80.1273179709469,26.2512094548533],[-80.1274916741009,26.2517568083309],[-80.1275196735934,26.2518908091144],[-80.1275316741468,26.2520148094368],[-80.1275299996091,26.2533699996267],[-80.1275499996321,26.2547710003822],[-80.127526000324,26.2554670001028],[-80.1272700002097,26.256896000351],[-80.1273429999788,26.2583829996765],[-80.1273989998633,26.2605580001525],[-80.1230990003179,26.2606499998985],[-80.1231320000411,26.2607500000134],[-80.1223849997673,26.2607520001056],[-80.1198869996846,26.2607799995982],[-80.119119000241,26.2607789995521],[-80.1178799997615,26.2607819996904],[-80.1179409998766,26.2605709998526],[-80.1179830000148,26.2604250003144],[-80.1183800003361,26.2590560001352],[-80.1189250002879,26.2570959996815],[-80.1194480001245,26.2552609995963],[-80.1199760001916,26.2534269995572],[-80.1201619997758,26.252733999975],[-80.1210110002568,26.2497099999175],[-80.1209280000265,26.2497099999175],[-80.1207570002347,26.2497130000558],[-80.121885000092,26.2454749997723],[-80.1231889999717,26.2408509996748],[-80.1242979998522,26.2369200000588],[-80.1251090003794,26.2342130002306],[-80.1256069999624,26.2324049995919],[-80.1258186715938,26.2316668036809],[-80.1258826727465,26.2314838033357],[-80.1262736727911,26.2314968030359],[-80.1262247011084,26.2316722283915],[-80.1262229348399,26.2316789787028],[-80.1262216730911,26.2316838035655],[-80.1270486725575,26.2316938031274],[-80.1271626733181,26.2316958041189],[-80.1283596736594,26.2316788042343],[-80.1295316737471,26.2316658036348],[-80.130359674159,26.2316568032198],[-80.1303619998058,26.2328179997518]]]]}},{"type":"Feature","id":"FL-12011-C012-2022","properties":{"state_po":"FL","county_fips":"12011","county_name":"Broward County","precinct_id":"C012","geometry_vintage":"2022"},"geometry":{"type":"MultiPolygon","coordinates":[[[[-80.1362669996217,26.2266769998445],[-80.1363459996675,26.2314290004489],[-80.1363459996675,26.2315980001484],[-80.1313270002402,26.2316420003789],[-80.130359674159,26.2316568032198],[-80.1271626733181,26.2316958032196],[-80.1262216730911,26.2316838035655],[-80.1262736727911,26.2314968030359],[-80.1258826727465,26.2314838033357],[-80.1259276730231,26.2313618031056],[-80.1259686731151,26.2311988036827],[-80.1260691669578,26.2308342302164],[-80.1262328480668,26.2302458487678],[-80.1262530999,26.2301690016989],[-80.1264776732054,26.2293208034132],[-80.1272136738713,26.2267308026853],[-80.1273216482748,26.226728830472],[-80.1274313943427,26.2267304015876],[-80.1274657529415,26.2267308926175],[-80.127878673961,26.2267368020626],[-80.1285256741199,26.2267808022931],[-80.1304060000362,26.2267460003285],[-80.1333249997483,26.2266880003518],[-80.1362669996217,26.2266769998445]]]]}},{"type":"Feature","id":"FL-12011-C013-2022","properties":{"state_po":"FL","county_fips":"12011","county_name":"Broward County","precinct_id":"C013","geometry_vintage":"2022"},"geometry":{"type":"MultiPolygon","coordinates":[[[[-80.1302676735137,26.2225148016176],[-80.132170674936,26.2225188018022],[-80.13522667557,26.2224788017562],[-80.1359576751059,26.2224588017332],[-80.1362136752203,26.2223928013876],[-80.1362650004288,26.2265229999373],[-80.1362669996217,26.2266769998445],[-80.1333249997483,26.2266880003518],[-80.1304060000362,26.2267460003285],[-80.1285256741199,26.2267808022931],[-80.1286459998124,26.2266329996141],[-80.1288396733116,26.2264158016488],[-80.1289236502056,26.22632907193],[-80.1292626739326,26.2259268015815],[-80.1293856733095,26.2257648022047],[-80.12948167324,26.2256158016288],[-80.1295466159829,26.2254884864054],[-80.1295706737469,26.2254438017909],[-80.1296366740926,26.2252298018148],[-80.1296446735622,26.2252048015612],[-80.129740674392,26.2247598017243],[-80.1297427860001,26.2247505746802],[-80.1298630550353,26.2242257905887],[-80.1302676735137,26.2225148016176]]]]}},{"type":"Feature","id":"FL-12011-C014-2022","properties":{"state_po":"FL","county_fips":"12011","county_name":"Broward County","precinct_id":"C014","geometry_vintage":"2022"},"geometry":{"type":"MultiPolygon","coordinates":[[[[-80.1275499996321,26.2547710003822],[-80.1275299996091,26.2533699996267],[-80.1275316741468,26.2520148094368],[-80.1275196735934,26.2518908091144],[-80.1274916741009,26.2517568083309],[-80.127322723864,26.2512578923387],[-80.1272786741708,26.2511278090021],[-80.1272136738713,26.2508808084035],[-80.1271849522231,26.2498540137526],[-80.127181673295,26.2497368078083],[-80.1271560003485,26.2495590001486],[-80.1271136737564,26.2493338081096],[-80.1271006740562,26.2492118078795],[-80.1270699999799,26.2477799999479],[-80.1270689999337,26.2468680001589],[-80.1270609995648,26.2463499996537],[-80.1270560002336,26.2459350003009],[-80.1274670003012,26.245926999932],[-80.1307329998274,26.2458600004396],[-80.1306620001506,26.2441649996159],[-80.1306339997586,26.2435209995953],[-80.1305030000128,26.2403740001608],[-80.1304569996901,26.2385479995914],[-80.1304429999439,26.2377230002172],[-80.1304270001053,26.2367870002208],[-80.1303880001055,26.234805999698],[-80.1303690001286,26.2342350003458],[-80.1303619998058,26.2328179997518],[-80.130359674159,26.2316568032198],[-80.1313270002402,26.2316420003789],[-80.1363459996675,26.2315980001484],[-80.1363459996675,26.2314290004489],[-80.1366059999662,26.2314280004028],[-80.1366140003352,26.2315950000101],[-80.1410216775078,26.2315448034508],[-80.1411799995567,26.2328589998438],[-80.1411960002945,26.2344179997917],[-80.1413399997405,26.2353569999265],[-80.1416190000162,26.2364790004064],[-80.1421769996682,26.2375720004483],[-80.142356999875,26.2376759998484],[-80.1423499995522,26.2377089995716],[-80.1423210000135,26.2378410002629],[-80.1424099996211,26.238006999824],[-80.1426400003351,26.2385410001679],[-80.1429070000573,26.2393889997035],[-80.1430139995957,26.2400240002083],[-80.1430759997569,26.242928000128],[-80.1430979998722,26.2437979997787],[-80.143126000264,26.245622000256],[-80.1431790000102,26.2467700001363],[-80.1432000000793,26.2475170004101],[-80.1432000000793,26.2480940000389],[-80.1431549998027,26.2483629998534],[-80.1429979997572,26.2486749998523],[-80.1427890000117,26.2491179995969],[-80.1423939997826,26.2496410003328],[-80.1415989999932,26.2505489999373],[-80.1411940002023,26.2510719997738],[-80.1408090004344,26.2517759998634],[-80.1405910002738,26.2524110003682],[-80.1405209997437,26.2526990001596],[-80.1404940002972,26.2528649997208],[-80.140563999928,26.2530629998584],[-80.1406589998123,26.2578989998398],[-80.1406520003889,26.2603220000611],[-80.1406490002505,26.2604450003374],[-80.1373809997327,26.2605050004063],[-80.1332980003018,26.260583000406],[-80.1328809999575,26.260603000429],[-80.1330250003029,26.2604339998301],[-80.1273989998633,26.2605580001525],[-80.1273429999788,26.2583829996765],[-80.1272700002097,26.256896000351],[-80.127526000324,26.2554670001028],[-80.1275499996321,26.2547710003822]]]]}},{"type":"Feature","id":"FL-12011-C015-2022","properties":{"state_po":"FL","county_fips":"12011","county_name":"Broward County","precinct_id":"C015","geometry_vintage":"2022"},"geometry":{"type":"MultiPolygon","coordinates":[[[[-80.1328809999575,26.260603000429],[-80.1332980003018,26.260583000406],[-80.1373809997327,26.2605050004063],[-80.1350290000876,26.2713139997422],[-80.1342579996063,26.2748000004206],[-80.1342229997909,26.2749619997973],[-80.131062999757,26.2749860000048],[-80.1303480000595,26.2749979996588],[-80.1290670003411,26.2749639998896],[-80.1273149995869,26.2749449999127],[-80.125206000356,26.2750179996818],[-80.1249619998957,26.2750310002813],[-80.12495300038,26.2748110000285],[-80.1249720003569,26.2725710001524],[-80.1253180001249,26.2708449996978],[-80.125968999569,26.2690689996355],[-80.126004673876,26.2690068133147],[-80.1260626738527,26.2688918134073],[-80.1261946736446,26.2686518131315],[-80.1262796739671,26.2685108129245],[-80.1265016743122,26.2681318134333],[-80.1267106749571,26.2678248118664],[-80.1268216737806,26.2676638134351],[-80.1268666749564,26.2676048134123],[-80.1271016750017,26.2672968126986],[-80.1277519999542,26.2665120004294],[-80.1328809999575,26.260603000429]]]]}},{"type":"Feature","id":"FL-12011-C016-2022","properties":{"state_po":"FL","county_fips":"12011","county_name":"Broward County","precinct_id":"C016","geometry_vintage":"2022"},"geometry":{"type":"MultiPolygon","coordinates":[[[[-80.1708656868013,26.2721728118267],[-80.1707356871016,26.2723378131404],[-80.1705636872637,26.2724768132552],[-80.1702596867345,26.2726838129085],[-80.1702566865961,26.2728228130232],[-80.1702252930622,26.2729456963876],[-80.1702189996065,26.2729549998742],[-80.1696206869445,26.2733698130673],[-80.1695206868296,26.2734598136204],[-80.1693776874297,26.2736338144498],[-80.1692016874073,26.2738978131344],[-80.169184289123,26.2740473056395],[-80.1691827009203,26.2740609528516],[-80.1691746870615,26.2741298130413],[-80.1692333507379,26.2741138482763],[-80.1693326871531,26.274086812857],[-80.1693350002095,26.274219999754],[-80.1689709996113,26.2742239999385],[-80.168783999981,26.2742300002152],[-80.1683539999365,26.2742409998232],[-80.1630259997494,26.2743929996381],[-80.1581648169521,26.2744738756697],[-80.1522160003674,26.2745380000296],[-80.1520639996532,26.2745410001679],[-80.1357989996235,26.2749459999588],[-80.1356580003158,26.2749470000049],[-80.1342229997909,26.2749619997973],[-80.1342579996063,26.2748000004206],[-80.1350290000876,26.2713139997422],[-80.1373809997327,26.2605050004063],[-80.1406490002505,26.2604450003374],[-80.1436059999163,26.2603939997841],[-80.1446929996815,26.2603789999917],[-80.1476900002926,26.2603939997841],[-80.1487960000347,26.2603779999456],[-80.1517880004152,26.2602959997615],[-80.1519659996305,26.2602939996692],[-80.1598659997155,26.2601059999928],[-80.1640940004371,26.2600170003851],[-80.1668810003573,26.2599619996474],[-80.1671940004022,26.2599609996013],[-80.1674610001244,26.2599540001779],[-80.1683159999828,26.2630839997277],[-80.1688240000269,26.2661899999694],[-80.1689430001187,26.2706319997678],[-80.1702399996756,26.270783000436],[-80.170453687587,26.2708618134228],[-80.1706406872172,26.2709788134224],[-80.1707926870322,26.2711268121535],[-80.1709096870318,26.2712938126602],[-80.170980687608,26.2714648133513],[-80.1710086871006,26.2716388132815],[-80.1710056869622,26.2718008126582],[-80.1709546873083,26.2719988118965],[-80.1708656868013,26.2721728118267]]]]}},{"type":"Feature","id":"FL-12011-C017-2022","properties":{"state_po":"FL","county_fips":"12011","county_name":"Broward County","precinct_id":"C017","geometry_vintage":"2022"},"geometry":{"type":"MultiPolygon","coordinates":[[[[-80.1517880004152,26.2602959997615],[-80.1487960000347,26.2603779999456],[-80.1476900002926,26.2603939997841],[-80.1446929996815,26.2603789999917],[-80.1436059999163,26.2603939997841],[-80.1406490002505,26.2604450003374],[-80.1406520003889,26.2603220000611],[-80.1406589998123,26.2578989998398],[-80.140563999928,26.2530629998584],[-80.1404940002972,26.2528649997208],[-80.1405209997437,26.2526990001596],[-80.1405910002738,26.2524110003682],[-80.1408090004344,26.2517759998634],[-80.1411940002023,26.2510719997738],[-80.1415989999932,26.2505489999373],[-80.1423939997826,26.2496410003328],[-80.1427890000117,26.2491179995969],[-80.1429979997572,26.2486749998523],[-80.1431549998027,26.2483629998534],[-80.1432000000793,26.2480940000389],[-80.1432000000793,26.2475170004101],[-80.1431790000102,26.2467700001363],[-80.143126000264,26.245622000256],[-80.1430979998722,26.2437979997787],[-80.1430759997569,26.242928000128],[-80.1430139995957,26.2400240002083],[-80.1429070000573,26.2393889997035],[-80.1426400003351,26.2385410001679],[-80.1424099996211,26.238006999824],[-80.1423210000135,26.2378410002629],[-80.1423499995522,26.2377089995716],[-80.142356999875,26.2376759998484],[-80.1421769996682,26.2375720004483],[-80.1416190000162,26.2364790004064],[-80.1413399997405,26.2353569999265],[-80.1411960002945,26.2344179997917],[-80.1411799995567,26.2328589998438],[-80.1410216775078,26.2315448034508],[-80.141167677046,26.2315428033585],[-80.1436690001236,26.2315279996184],[-80.1446280002813,26.2315170000104],[-80.1456190001161,26.2315190001026],[-80.1471549999027,26.2315070004486],[-80.1512400003251,26.2314670004026],[-80.1536809995778,26.2313949997803],[-80.1553239998021,26.2313050001266],[-80.1566339999585,26.2313080002648],[-80.1568289999577,26.2313050001266],[-80.1565810002123,26.2333629997035],[-80.1562880001904,26.2340649997009],[-80.1560659998453,26.2340669997931],[-80.1556030000777,26.2347740000209],[-80.1549549998727,26.2354879996723],[-80.1541149998067,26.2361969999925],[-80.1537999996696,26.2364340001299],[-80.1534460004319,26.2367009998521],[-80.1536079998087,26.2368080002898],[-80.1527020002964,26.2376020000331],[-80.1517030000927,26.2395340000949],[-80.1516139995858,26.241581000064],[-80.1514100000708,26.241439999857],[-80.1514680000475,26.2436100001023],[-80.1514870000244,26.2455390000257],[-80.1516589998623,26.2455359998873],[-80.1517359998159,26.2491530003116],[-80.151776999908,26.2510050002814],[-80.1516080002084,26.2510089995665],[-80.1516440000699,26.2528319999977],[-80.1516880003003,26.2565139998221],[-80.1516989999083,26.2574350000261],[-80.1517060002311,26.2575079997952],[-80.151736999862,26.2583170002303],[-80.1517840002307,26.2601569996467],[-80.1517880004152,26.2602959997615]]]]}},{"type":"Feature","id":"FL-12011-C018-2022","properties":{"state_po":"FL","county_fips":"12011","county_name":"Broward County","precinct_id":"C018","geometry_vintage":"2022"},"geometry":{"type":"MultiPolygon","coordinates":[[[[-80.1559239995922,26.2107120001595],[-80.1559279997767,26.2108779997208],[-80.1560439997302,26.2131439998965],[-80.1561300000988,26.2156850001635],[-80.1561849999371,26.2173030001342],[-80.1563690003284,26.2225969996527],[-80.1564199999823,26.224036000362],[-80.1564620001205,26.2250979998737],[-80.1564990000282,26.2264700001912],[-80.1565040002587,26.2266420000291],[-80.156578000074,26.2292440004111],[-80.1566279996818,26.2309029995746],[-80.156820000442,26.2308990002895],[-80.1568219996349,26.231116000404],[-80.1568289999577,26.2313050001266],[-80.1566339999585,26.2313080002648],[-80.1553239998021,26.2313050001266],[-80.1536809995778,26.2313949997803],[-80.1512400003251,26.2314670004026],[-80.1471549999027,26.2315070004486],[-80.1456190001161,26.2315190001026],[-80.1446280002813,26.2315170000104],[-80.1436690001236,26.2315279996184],[-80.141167677046,26.2315428033585],[-80.1410216775078,26.2315448034508],[-80.1366166767176,26.2315998032891],[-80.1366086763487,26.2314328036818],[-80.1363486760499,26.2314338037279],[-80.1362696751048,26.2266818022243],[-80.1362676759119,26.2265278023171],[-80.1362136752203,26.2223928013876],[-80.1362026756123,26.2215888002838],[-80.1361786754049,26.2194878005225],[-80.1361901993176,26.2192707716297],[-80.1361986754279,26.2179178000673],[-80.1361686758431,26.2159367995445],[-80.1361576753358,26.2151878000778],[-80.1361686758431,26.2146347988577],[-80.1362146752664,26.2140307988831],[-80.1362459995526,26.2137439996867],[-80.136401675796,26.2129857983568],[-80.136656719931,26.211995010762],[-80.1368516758635,26.2113597980172],[-80.1371546754473,26.2107237974661],[-80.1372316754009,26.2105677974667],[-80.1377496759062,26.2095897982315],[-80.1380476761587,26.2091767980717],[-80.1382006760197,26.2090077974727],[-80.1384600000283,26.209075000212],[-80.1389726765472,26.2092157980715],[-80.139164676408,26.2092597983019],[-80.1393636765918,26.2093157981864],[-80.142225000083,26.210079999793],[-80.1423949998287,26.2101300003001],[-80.1444399997056,26.2107849999287],[-80.1447830002346,26.2109219999512],[-80.1479790001301,26.2119200001088],[-80.1480220003144,26.2119279995784],[-80.1482399995757,26.2109240000435],[-80.1482740002443,26.2107799996981],[-80.1559239995922,26.2107120001595]]]]}},{"type":"Feature","id":"FL-12011-C019-2022","properties":{"state_po":"FL","county_fips":"12011","county_name":"Broward County","precinct_id":"C019","geometry_vintage":"2022"},"geometry":{"type":"MultiPolygon","coordinates":[[[[-80.1745106867182,26.2179977992599],[-80.1740330001222,26.2179789998319],[-80.174153619893,26.2179846601648],[-80.1740356872965,26.2179837986143],[-80.1739981477956,26.2179861449455],[-80.1738436874356,26.217995800067],[-80.1735546866988,26.2180397993981],[-80.1730846866083,26.2181477989826],[-80.1726186867024,26.2182667999737],[-80.1725862247738,26.2182756187257],[-80.172445685919,26.2183137994431],[-80.1720356858975,26.2184277993044],[-80.171645685899,26.2184737987277],[-80.1716454529746,26.2184684972243],[-80.1716429996241,26.2184689999453],[-80.1716430598786,26.2184742393955],[-80.171645685899,26.2187017993494],[-80.1716406856685,26.2188617986339],[-80.171628447694,26.2190314899122],[-80.1716106860836,26.2191287992556],[-80.1715726861299,26.2192067992552],[-80.1715221100567,26.219264455691],[-80.1713226862923,26.2194917998076],[-80.1712776860158,26.2195887997842],[-80.17125068567,26.2197007995532],[-80.1712446862926,26.2197957994374],[-80.1712909249356,26.2207856526366],[-80.1712986860849,26.2209517996867],[-80.1712896856698,26.22110679964],[-80.1711929995566,26.2214299997955],[-80.1709289999727,26.2219680003238],[-80.1704199998824,26.2217969996327],[-80.1700649996993,26.2216829997715],[-80.1652729999483,26.2217870000709],[-80.1652876840787,26.2220807995901],[-80.1652996837328,26.2223337995661],[-80.1652576835946,26.2225048002572],[-80.164860414376,26.2230354011637],[-80.1648196840805,26.2230878001627],[-80.1645736844274,26.2234478005764],[-80.1645466840815,26.223596800253],[-80.1644916842432,26.2237928011977],[-80.1644676840357,26.2241268013117],[-80.1644066839207,26.2243388011956],[-80.1644226747659,26.224359905586],[-80.1645583177115,26.2245389300285],[-80.1647526836887,26.2249348008013],[-80.1646116843811,26.2251998013306],[-80.1645582529604,26.2253429203404],[-80.1645276841047,26.225424801814],[-80.1645714361222,26.225596955436],[-80.1645736844274,26.2256058011677],[-80.1641226843138,26.2258968010974],[-80.1640106836455,26.2259138018813],[-80.1638786838535,26.225870801697],[-80.1634431565757,26.2256947099438],[-80.1630841409197,26.2255495530703],[-80.1627736832582,26.225438800661],[-80.1626516839274,26.2254708012373],[-80.1625666836049,26.2255858011447],[-80.1625280001664,26.2257739995713],[-80.1625880002354,26.2273680002339],[-80.1593150003863,26.227449000372],[-80.1593799997865,26.2308940000589],[-80.1593779996943,26.231108000035],[-80.1568219996349,26.231116000404],[-80.156820000442,26.2308990002895],[-80.1566279996818,26.2309029995746],[-80.156578000074,26.2292440004111],[-80.1565040002587,26.2266420000291],[-80.1564990000282,26.2264700001912],[-80.1564620001205,26.2250979998737],[-80.1564199999823,26.224036000362],[-80.1563690003284,26.2225969996527],[-80.1561849999371,26.2173030001342],[-80.1561300000988,26.2156850001635],[-80.1560439997302,26.2131439998965],[-80.1559279997767,26.2108779997208],[-80.1559239995922,26.2107120001595],[-80.1560580003758,26.2107120001595],[-80.1572430001636,26.2106599995602],[-80.15994000043,26.210525999676],[-80.1639269999304,26.2103060003225],[-80.1650820001336,26.2102430001152],[-80.1670469999184,26.2101339995853],[-80.1678439998001,26.2100930003925],[-80.1686439998201,26.2100439999315],[-80.1695809998626,26.2099839998626],[-80.1705640002278,26.2099290000242],[-80.1718189996465,26.2098999995862],[-80.1718379996233,26.2099809997242],[-80.1737919998003,26.2099199996091],[-80.1758090001845,26.2093520003954],[-80.1760579999761,26.2093019998883],[-80.1762839996063,26.2092750004418],[-80.1763049996753,26.2092730003496],[-80.1763249996983,26.2092690001651],[-80.1767919996504,26.2092350003958],[-80.1769689997189,26.2092310002114],[-80.1785960001047,26.209198999635],[-80.1796290000776,26.209178999612],[-80.1804730003281,26.209166999958],[-80.1816420002775,26.2091520001655],[-80.1816756888813,26.2104537967062],[-80.1816596890428,26.2107207973278],[-80.1816406890659,26.2109857969579],[-80.1815816890431,26.2112497974411],[-80.1814090003244,26.2117230000173],[-80.1815192913816,26.2120371988585],[-80.1817806892268,26.2122357979446],[-80.1820256888338,26.2125077978974],[-80.18207868858,26.212618796721],[-80.1821006886952,26.2127887982653],[-80.18204399993,26.2135319998028],[-80.1820146892259,26.2139027983763],[-80.1819916890645,26.214184797891],[-80.1819496889264,26.2144287983513],[-80.1818646886039,26.2148107979808],[-80.1817886886964,26.2150577976801],[-80.1816830003695,26.2153249997498],[-80.1814246889975,26.2158607978384],[-80.1812226877761,26.2161727978372],[-80.181094689068,26.2163327989204],[-80.18103418358,26.2163697026005],[-80.1805716892314,26.2166517983427],[-80.180521687825,26.2167127975584],[-80.1804996877098,26.2167467991263],[-80.1804506890474,26.2168757987799],[-80.1802876878259,26.217534798593],[-80.1802079997987,26.2176999995562],[-80.1787799995967,26.2175970002023],[-80.178534911856,26.2176098209373],[-80.17850468834,26.2176107993997],[-80.1784046882251,26.2176147986849],[-80.1782676882026,26.2176237990999],[-80.1780836878113,26.2176367988001],[-80.1777886867978,26.2176717986155],[-80.1775036880441,26.2177117986615],[-80.1772536882064,26.2177477994223],[-80.1766596868944,26.2178837993987],[-80.1763796883712,26.2179487987989],[-80.1762089997449,26.2179830000163],[-80.1761825974482,26.217937478133],[-80.1761800002062,26.2179330004085],[-80.176149999722,26.2178270000169],[-80.1761410002063,26.2178100001322],[-80.1761169999989,26.2177619997174],[-80.1760719997224,26.2177259998559],[-80.1760109996073,26.2177089999712],[-80.1759440001148,26.2177049997868],[-80.1758789998153,26.2177170003401],[-80.1758179997003,26.2177419996944],[-80.175743999885,26.2178110001784],[-80.1757270000004,26.2178710002473],[-80.1757300001387,26.2178940004086],[-80.1757360004154,26.2179300002701],[-80.1757369995622,26.2179779997857],[-80.1757219997698,26.2180139996472],[-80.1756740002543,26.2180559997855],[-80.1751646871999,26.2180697989829],[-80.1745679213718,26.2180040999102],[-80.1745106867182,26.2179977992599]]]]}},{"type":"Feature","id":"FL-12011-C020-2022","properties":{"state_po":"FL","county_fips":"12011","county_name":"Broward County","precinct_id":"C020","geometry_vintage":"2022"},"geometry":{"type":"MultiPolygon","coordinates":[[[[-80.1740330001222,26.2179789998319],[-80.1745679213718,26.2180040999102],[-80.1751646871999,26.2180697989829],[-80.1756766874285,26.2180607985679],[-80.1756740002543,26.2180559997855],[-80.1757219997698,26.2180139996472],[-80.1757369995622,26.2179779997857],[-80.1757360004154,26.2179300002701],[-80.1757300001387,26.2178940004086],[-80.1757270000004,26.2178710002473],[-80.175743999885,26.2178110001784],[-80.1758179997003,26.2177419996944],[-80.1758789998153,26.2177170003401],[-80.1759440001148,26.2177049997868],[-80.1760109996073,26.2177089999712],[-80.1760719997224,26.2177259998559],[-80.1761169999989,26.2177619997174],[-80.1761410002063,26.2178100001322],[-80.176149999722,26.2178270000169],[-80.1761800002062,26.2179330004085],[-80.1762089997449,26.2179830000163],[-80.1763796883712,26.2179487987989],[-80.1766596868944,26.2178837993987],[-80.1772536882064,26.2177477994223],[-80.1775036880441,26.2177117986615],[-80.1777886867978,26.2176717986155],[-80.1780836878113,26.2176367988001],[-80.1782676882026,26.2176237990999],[-80.1787799995967,26.2175970002023],[-80.1802079997987,26.2176999995562],[-80.1803206893477,26.2174327983858],[-80.1803676627368,26.2172114662371],[-80.180435689255,26.2169387989873],[-80.180521687825,26.2167127975584],[-80.1807026889773,26.2165677989656],[-80.1809456893914,26.2164257987125],[-80.181033312137,26.2163711082409],[-80.181094689068,26.2163327989204],[-80.1812499048586,26.2161307617262],[-80.1814246889975,26.2158607978384],[-80.1815786889047,26.2155457977013],[-80.1816856893424,26.2153297976329],[-80.1817886886964,26.2150577976801],[-80.1818646886039,26.2148107979808],[-80.1819366892262,26.2145047982587],[-80.1819916890645,26.214184797891],[-80.18204399993,26.2135319998028],[-80.1821006886952,26.2127887982653],[-80.1820256888338,26.2125077978974],[-80.1817806892268,26.2122357979446],[-80.1814876622252,26.2119470921854],[-80.1814416888822,26.2119017969313],[-80.1814106892513,26.2117847969317],[-80.181411640734,26.2117305228462],[-80.1814116892973,26.2117277970011],[-80.1815816890431,26.2112497974411],[-80.1816406890659,26.2109857969579],[-80.1816756888813,26.2104537967062],[-80.1816420002775,26.2091520001655],[-80.1821300002986,26.209138999566],[-80.1825049996054,26.2091300000503],[-80.1833980003168,26.2091409996583],[-80.1835930003161,26.209158999589],[-80.1840800002911,26.2092049999117],[-80.1858360003305,26.2096620003019],[-80.1879889997919,26.2097200002787],[-80.1881659998604,26.2096750000021],[-80.1881459998374,26.209198999635],[-80.1914150004013,26.2091259998659],[-80.1955470002932,26.2090289998893],[-80.19556600027,26.2099130001857],[-80.1955719996474,26.2102949998153],[-80.1882849999521,26.2188280003128],[-80.1882910002289,26.2190919998968],[-80.1880740001143,26.2193330002187],[-80.1870329997724,26.2204499995687],[-80.1844229999209,26.223339999742],[-80.1791690004484,26.229568000064],[-80.178316999829,26.2307600001748],[-80.1783128575517,26.2307648016551],[-80.1779236876274,26.2307648016551],[-80.1776190539755,26.2307648016551],[-80.177514687652,26.2307648016551],[-80.1774769179248,26.2307648016551],[-80.1773136882754,26.2307648016551],[-80.1771066877228,26.2307648016551],[-80.1759926876118,26.2307658026006],[-80.1754876868067,26.2307658026006],[-80.1748786884001,26.2307658026006],[-80.1747116869941,26.2307658026006],[-80.174212687365,26.2307658026006],[-80.1740466869044,26.2307658026006],[-80.1738896868589,26.2307658026006],[-80.1735836871368,26.230763801609],[-80.1721956860814,26.2307578022317],[-80.1717336863599,26.2307558021394],[-80.1715536861531,26.2307548020933],[-80.1714296858307,26.2307548020933],[-80.1713906858308,26.230749802762],[-80.1710246860398,26.2306748020014],[-80.1710026859246,26.2306708027162],[-80.1709286861093,26.2306458015634],[-80.1708576864324,26.2306128027395],[-80.1706546860643,26.230749802762],[-80.170620686295,26.2307678026928],[-80.1705466855804,26.2307958021854],[-80.1703496863883,26.2308388023697],[-80.1703106863884,26.2308428025542],[-80.1693316862077,26.230878803315],[-80.169253686208,26.2308858027385],[-80.1690586862088,26.2308898020236],[-80.1689806862091,26.2308868027846],[-80.1686066851498,26.230892802162],[-80.1685516853114,26.2308938022081],[-80.1684746853578,26.230898803338],[-80.1682406853587,26.2309008034302],[-80.1682016853588,26.2308978032918],[-80.1681216852669,26.2309028026231],[-80.1679266852677,26.2309058027615],[-80.1678486852679,26.2309028026231],[-80.1677716853144,26.2309058027615],[-80.1677326853145,26.2309038026692],[-80.1673046853623,26.2309088020005],[-80.1672266853626,26.230913802231],[-80.1669166845567,26.2309178033149],[-80.166838684557,26.2309148022772],[-80.1664116846509,26.230918803361],[-80.1663346846973,26.2309248027383],[-80.1660246847907,26.2309288020235],[-80.1659856847909,26.2309258027844],[-80.1657526848379,26.2309258027844],[-80.1656756848843,26.2309308021157],[-80.165209684079,26.2309288020235],[-80.1651316840793,26.2309318021618],[-80.1650926840795,26.2309278019774],[-80.1649756840799,26.2309268019312],[-80.1648976840802,26.2309308021157],[-80.1647806840807,26.2309288020235],[-80.1646246840813,26.2309208025539],[-80.1645476841277,26.2309228026461],[-80.1644696841279,26.2309168032687],[-80.1641216842677,26.2309058027615],[-80.1639676843605,26.2308958031996],[-80.1638916835537,26.230898803338],[-80.1638146836001,26.230892802162],[-80.1635876839238,26.2308878019314],[-80.1635496839701,26.2308798033611],[-80.1634746841087,26.2308868027846],[-80.163436684155,26.2308778032689],[-80.1633996842474,26.2308838026462],[-80.1633236843399,26.2308778032689],[-80.1630956837182,26.230878803315],[-80.1630283496779,26.2308753040529],[-80.1630186837646,26.2308748022312],[-80.1630094666129,26.2308754011797],[-80.1628130807584,26.2308764066217],[-80.1606560856092,26.2308874610883],[-80.1593799997865,26.2308940000589],[-80.1593150003863,26.227449000372],[-80.1625880002354,26.2273680002339],[-80.1625280001664,26.2257739995713],[-80.1625406833052,26.2256588018132],[-80.1625666836049,26.2255858011447],[-80.162599683328,26.225527801168],[-80.1626516839274,26.2254708012373],[-80.1627006843884,26.2254438017909],[-80.1627736832582,26.225438800661],[-80.1634431565757,26.2256947099438],[-80.1638786838535,26.225870801697],[-80.1639566838532,26.225902801374],[-80.1640106836455,26.2259138018813],[-80.1640526837837,26.2259148019274],[-80.1641226843138,26.2258968010974],[-80.1645714361222,26.225596955436],[-80.1645336843814,26.2254858019291],[-80.1645276841047,26.225424801814],[-80.1645446848886,26.2253348012609],[-80.1645543418088,26.2253153417305],[-80.1646116843811,26.2251998013306],[-80.1647526836887,26.2249348008013],[-80.1647606840577,26.2248348006864],[-80.164720684911,26.2247378007098],[-80.1645583177115,26.2245389300285],[-80.1644200001822,26.2243680003838],[-80.1644226747659,26.224359905586],[-80.1644066839207,26.2243388011956],[-80.1644106841051,26.2242668005733],[-80.1644466839666,26.2241968009425],[-80.1644676840357,26.2241268013117],[-80.1644916842432,26.2237928011977],[-80.1645466840815,26.223596800253],[-80.1645736844274,26.2234478005764],[-80.1646326835508,26.2233268012917],[-80.164860414376,26.2230354011637],[-80.1649976841951,26.2228588003942],[-80.1651956843327,26.2226077996111],[-80.1652576835946,26.2225048002572],[-80.1652936843554,26.222410800419],[-80.1652996837328,26.2223337995661],[-80.1652729999483,26.2217870000709],[-80.1700649996993,26.2216829997715],[-80.1704199998824,26.2217969996327],[-80.1709289999727,26.2219680003238],[-80.1711929995566,26.2214299997955],[-80.1712336857853,26.2213467999157],[-80.1712896856698,26.22110679964],[-80.1712986860849,26.2209517996867],[-80.1712909249356,26.2207856526366],[-80.17125068567,26.2197007995532],[-80.1712776860158,26.2195887997842],[-80.1713226862923,26.2194917998076],[-80.1715196863838,26.2192607999468],[-80.1715232108269,26.2192572080546],[-80.1715726861299,26.2192067992552],[-80.1716106860836,26.2191287992556],[-80.171628447694,26.2190314899122],[-80.1716406856685,26.2188617986339],[-80.171645685899,26.2187017993494],[-80.1716429996241,26.2184689999453],[-80.1716454529746,26.2184684972243],[-80.171645685899,26.2184737987277],[-80.1720356858975,26.2184277993044],[-80.172445685919,26.2183137994431],[-80.1725862247738,26.2182756187257],[-80.1726186867024,26.2182667999737],[-80.1730846866083,26.2181477989826],[-80.1735546866988,26.2180397993981],[-80.1738436874356,26.217995800067],[-80.1739981477956,26.2179861449455],[-80.1740330001222,26.2179789998319]]]]}},{"type":"Feature","id":"FL-12011-C021-2022","properties":{"state_po":"FL","county_fips":"12011","county_name":"Broward County","precinct_id":"C021","geometry_vintage":"2022"},"geometry":{"type":"MultiPolygon","coordinates":[[[[-80.1665076773867,26.2525258689745],[-80.1665041169708,26.2525353559228],[-80.1665019999667,26.252541000068],[-80.1667509997582,26.2568279999131],[-80.1674610001244,26.2599540001779],[-80.1671940004022,26.2599609996013],[-80.1668810003573,26.2599619996474],[-80.1668459996425,26.2598400003166],[-80.1662760003365,26.2573119997498],[-80.1659559999688,26.2509110004432],[-80.1655629998319,26.2499569996167],[-80.1648706846337,26.2493858069103],[-80.1645472290707,26.2489022306543],[-80.1642030000677,26.248915000128],[-80.163759000277,26.2489229995976],[-80.1636849995624,26.2453260000957],[-80.1595399999704,26.2453310003263],[-80.1575439996552,26.2453640000494],[-80.1555240000319,26.2451340002348],[-80.1516280002314,26.2436900001942],[-80.1514680000475,26.2436100001023],[-80.1514100000708,26.241439999857],[-80.1516139995858,26.241581000064],[-80.1517030000927,26.2395340000949],[-80.1527020002964,26.2376020000331],[-80.1536079998087,26.2368080002898],[-80.1534460004319,26.2367009998521],[-80.1537999996696,26.2364340001299],[-80.1541149998067,26.2361969999925],[-80.1549549998727,26.2354879996723],[-80.1556030000777,26.2347740000209],[-80.1560659998453,26.2340669997931],[-80.1562880001904,26.2340649997009],[-80.1565810002123,26.2333629997035],[-80.1568289999577,26.2313050001266],[-80.1568219996349,26.231116000404],[-80.1593779996943,26.231108000035],[-80.1593799997865,26.2308940000589],[-80.1593827580072,26.2308939856697],[-80.1593826833635,26.230898803338],[-80.1593966831098,26.230898803338],[-80.1594746831095,26.2309028026231],[-80.1597856830622,26.2309028026231],[-80.1602926830602,26.2308908020697],[-80.1603706830599,26.2308938031074],[-80.1606560856092,26.2308874610883],[-80.1628130807584,26.2308764066217],[-80.1628266839037,26.2308778032689],[-80.162941683811,26.2308798033611],[-80.1630094666129,26.2308754011797],[-80.1630283496779,26.2308753040529],[-80.1630956837182,26.230878803315],[-80.1633236843399,26.2308778032689],[-80.1633996842474,26.2308838026462],[-80.163436684155,26.2308778032689],[-80.1634746841087,26.2308868027846],[-80.1635496839701,26.2308798033611],[-80.1635876839238,26.2308878019314],[-80.1638146836001,26.230892802162],[-80.1638916835537,26.230898803338],[-80.1639676843605,26.2308958031996],[-80.1641216842677,26.2309058027615],[-80.1644696841279,26.2309168032687],[-80.1645476841277,26.2309228026461],[-80.1646246840813,26.2309208025539],[-80.1647806840807,26.2309288020235],[-80.1648976840802,26.2309308021157],[-80.1649756840799,26.2309268019312],[-80.1650926840795,26.2309278019774],[-80.1651316840793,26.2309318021618],[-80.165209684079,26.2309288020235],[-80.1656756848843,26.2309308021157],[-80.1657526848379,26.2309258027844],[-80.1659856847909,26.2309258027844],[-80.1660246847907,26.2309288020235],[-80.1663346846973,26.2309248027383],[-80.1664116846509,26.230918803361],[-80.166838684557,26.2309148022772],[-80.1669166845567,26.2309178033149],[-80.1672266853626,26.230913802231],[-80.1673046853623,26.2309088020005],[-80.1677326853145,26.2309038026692],[-80.1677716853144,26.2309058027615],[-80.1678486852679,26.2309028026231],[-80.1679266852677,26.2309058027615],[-80.1681216852669,26.2309028026231],[-80.1682016853588,26.2308978032918],[-80.1682406853587,26.2309008034302],[-80.1684746853578,26.230898803338],[-80.1685516853114,26.2308938022081],[-80.1686066851498,26.230892802162],[-80.1689806862091,26.2308868027846],[-80.1690586862088,26.2308898020236],[-80.169253686208,26.2308858027385],[-80.1693316862077,26.230878803315],[-80.1703106863884,26.2308428025542],[-80.1703496863883,26.2308388023697],[-80.1705466855804,26.2307958021854],[-80.170620686295,26.2307678026928],[-80.1706546860643,26.230749802762],[-80.1708576864324,26.2306128027395],[-80.1709286861093,26.2306458015634],[-80.1710026859246,26.2306708027162],[-80.1710246860398,26.2306748020014],[-80.1713906858308,26.230749802762],[-80.1714296858307,26.2307548020933],[-80.1715536861531,26.2307548020933],[-80.1717336863599,26.2307558021394],[-80.1721956860814,26.2307578022317],[-80.1735836871368,26.230763801609],[-80.1738896868589,26.2307658026006],[-80.1740466869044,26.2307658026006],[-80.174212687365,26.2307658026006],[-80.1747116869941,26.2307658026006],[-80.1748786884001,26.2307658026006],[-80.1754876868067,26.2307658026006],[-80.1759926876118,26.2307658026006],[-80.1771066877228,26.2307648016551],[-80.1773136882754,26.2307648016551],[-80.1774769179248,26.2307648016551],[-80.177514687652,26.2307648016551],[-80.1776190539755,26.2307648016551],[-80.1779236876274,26.2307648016551],[-80.1783128575517,26.2307648016551],[-80.1777770001078,26.2313860002646],[-80.1773920003399,26.2313840001723],[-80.1772490000407,26.2315549999641],[-80.1708140000654,26.2391939997042],[-80.1684010003053,26.2429359995976],[-80.1674050002399,26.2453179997268],[-80.1676620004004,26.2453110003033],[-80.1679809998226,26.2453029999344],[-80.1670089999647,26.2489639996897],[-80.1670120126936,26.2489671050487],[-80.1670116853404,26.248968806566],[-80.1670038207691,26.2490107509463],[-80.1670005103646,26.2490268164353],[-80.167000796349,26.2490268820858],[-80.1669786856172,26.2491448065884],[-80.1672352675928,26.2491971840037],[-80.1673656863767,26.2492238066342],[-80.1675636856149,26.2493048067723],[-80.1678816849911,26.2495138074171],[-80.1680006859822,26.2496298073706],[-80.1681216861662,26.2498518068163],[-80.1681366859586,26.2498818081997],[-80.1681586860739,26.2500248067004],[-80.1681566859816,26.250148807922],[-80.1680926857282,26.2503458080135],[-80.168070685613,26.2503878081517],[-80.1680086863511,26.2504838080821],[-80.1679306863514,26.2505648082202],[-80.1678296861904,26.2506458065596],[-80.1677686860753,26.2506838074127],[-80.1672836664074,26.2509490417658],[-80.1671956857317,26.2510028077343],[-80.1671526864467,26.2510328082184],[-80.1670426849713,26.2511118073649],[-80.1670355704346,26.2511188058891],[-80.1669196855943,26.2512328066496],[-80.1668196863787,26.2513478065569],[-80.1667336851108,26.2514918078016],[-80.1666716849496,26.2516298078702],[-80.1666356850881,26.2517398084463],[-80.1665136857573,26.2524858077747],[-80.1665076773867,26.2525258689745]]]]}},{"type":"Feature","id":"FL-12011-C022-2022","properties":{"state_po":"FL","county_fips":"12011","county_name":"Broward County","precinct_id":"C022","geometry_vintage":"2022"},"geometry":{"type":"MultiPolygon","coordinates":[[[[-80.1659559999688,26.2509110004432],[-80.1662760003365,26.2573119997498],[-80.1668459996425,26.2598400003166],[-80.1668810003573,26.2599619996474],[-80.1640940004371,26.2600170003851],[-80.1598659997155,26.2601059999928],[-80.1519659996305,26.2602939996692],[-80.1517880004152,26.2602959997615],[-80.1517840002307,26.2601569996467],[-80.151736999862,26.2583170002303],[-80.1517060002311,26.2575079997952],[-80.1516989999083,26.2574350000261],[-80.1516880003003,26.2565139998221],[-80.1516440000699,26.2528319999977],[-80.1516080002084,26.2510089995665],[-80.151776999908,26.2510050002814],[-80.1517359998159,26.2491530003116],[-80.1516589998623,26.2455359998873],[-80.1514870000244,26.2455390000257],[-80.1514680000475,26.2436100001023],[-80.1516280002314,26.2436900001942],[-80.1555240000319,26.2451340002348],[-80.1575439996552,26.2453640000494],[-80.1595399999704,26.2453310003263],[-80.1636849995624,26.2453260000957],[-80.163759000277,26.2489229995976],[-80.1642030000677,26.248915000128],[-80.1645496851192,26.2489068082035],[-80.1648706846337,26.2493858069103],[-80.1655629998319,26.2499569996167],[-80.1659559999688,26.2509110004432]]]]}},{"type":"Feature","id":"FL-12011-D001-2022","properties":{"state_po":"FL","county_fips":"12011","county_name":"Broward County","precinct_id":"D001","geometry_vintage":"2022"},"geometry":{"type":"MultiPolygon","coordinates":[[[[-80.1391680003023,26.2034839995878],[-80.1376030000777,26.2034919999567],[-80.1372146764155,26.2035007962256],[-80.1371940001024,26.2026180001215],[-80.1351480001794,26.2027010003517],[-80.1351749996259,26.203505999703],[-80.1351799998565,26.2036429997255],[-80.1326290000277,26.2036799996331],[-80.1323440003746,26.203676000348],[-80.1322030001677,26.2035540001179],[-80.1320110003068,26.1963030002841],[-80.1319249999381,26.1931470004346],[-80.1319125551196,26.1926212720549],[-80.1312179997103,26.1926320000676],[-80.1298339997387,26.1926599995602],[-80.1297589998773,26.1899840002623],[-80.1280340003682,26.1900230002621],[-80.126939000234,26.1900549999391],[-80.1267630002116,26.190052999847],[-80.1267090004194,26.1900519998008],[-80.1266700004196,26.1890999999659],[-80.1266650001889,26.1889670001278],[-80.1260949999836,26.1889769996897],[-80.1246229995511,26.1890009998971],[-80.124599000243,26.188016000339],[-80.1245830004045,26.188016000339],[-80.1245820003584,26.1872510001344],[-80.1243020000366,26.1872510001344],[-80.1234139995558,26.1872659999268],[-80.1225389996744,26.187288000042],[-80.1224910001589,26.1858830000013],[-80.1224479999746,26.1850349995664],[-80.1224330001822,26.1844680003988],[-80.1223940001823,26.1834260000107],[-80.1226029999278,26.1834189996879],[-80.123403999994,26.1834070000339],[-80.1242120003828,26.183388000057],[-80.1250240000569,26.1833609997112],[-80.1253230003555,26.1833649998957],[-80.1258500003765,26.1833550003338],[-80.1264670000514,26.1833459999189],[-80.1266830001197,26.183336000357],[-80.1272969996562,26.1833239998036],[-80.1274959998399,26.1833130001956],[-80.1278679999076,26.183306999919],[-80.1283129997445,26.1832999995962],[-80.1284909998591,26.1832940002188],[-80.129279000225,26.1832829997115],[-80.1300950000835,26.1832590004034],[-80.1305670002662,26.1832510000345],[-80.1317649997543,26.1832249997348],[-80.1324119999132,26.1832089998963],[-80.1323950000286,26.1823540000379],[-80.1324669997516,26.181563000433],[-80.1337779999541,26.181575000087],[-80.1346790001351,26.1815810003637],[-80.1346869996047,26.1814850004333],[-80.1347940000424,26.1805129996761],[-80.1348930001112,26.1795860000947],[-80.1346800001812,26.1783919998917],[-80.1356570002697,26.1783499997536],[-80.1366999998045,26.1783329998689],[-80.1377129997545,26.1783260004455],[-80.1387439996352,26.1783040003302],[-80.1397369995622,26.1782430002152],[-80.1407430000887,26.1782109996388],[-80.140725000158,26.1777489999173],[-80.1427479999196,26.177695000125],[-80.1447499996121,26.1776410003328],[-80.1457990003229,26.1775950000101],[-80.1467809997427,26.177573999941],[-80.1468120002729,26.1784770002143],[-80.146823999927,26.179386999911],[-80.1468369996272,26.1797490004169],[-80.1468569996501,26.1802439998616],[-80.1468359995811,26.18116900025],[-80.1468389997194,26.1812880003418],[-80.144858000096,26.1813519996959],[-80.1444759995671,26.1813660003415],[-80.1408339997886,26.1814800002027],[-80.1402350000446,26.1815040004101],[-80.1398399998155,26.1815150000181],[-80.1388190003959,26.1815489997874],[-80.1388550002574,26.1836399999869],[-80.1388639997731,26.1843240000534],[-80.1388839997961,26.1850260000507],[-80.1389269999804,26.1880110001084],[-80.1389470000034,26.1887299999903],[-80.1389490000956,26.1888510001744],[-80.1389589996575,26.1895590004484],[-80.1389769995882,26.1899699996167],[-80.1390070000724,26.1932600002497],[-80.1390900003026,26.1961620000771],[-80.1391389998643,26.1968559997055],[-80.1391719995875,26.1975520003254],[-80.1391490003255,26.1982320002075],[-80.1390720003719,26.1989120000896],[-80.1390860001181,26.199605999718],[-80.1390969997261,26.200273999946],[-80.1391120004178,26.2010089996665],[-80.1391500003716,26.2027910000055],[-80.1391680003023,26.2034839995878]]]]}},{"type":"Feature","id":"FL-12011-D002-2022","properties":{"state_po":"FL","county_fips":"12011","county_name":"Broward County","precinct_id":"D002","geometry_vintage":"2022"},"geometry":{"type":"MultiPolygon","coordinates":[[[[-80.1236386088341,26.1648398812564],[-80.1237606702181,26.1648477862972],[-80.1240239998071,26.164912999736],[-80.1244196709304,26.1651587862498],[-80.1245376700767,26.1651527868725],[-80.1246746709986,26.1650807871495],[-80.1247659998504,26.1649600001048],[-80.1248086708828,26.1648617869428],[-80.1248446707443,26.1646877870126],[-80.1250026708359,26.1643117858611],[-80.1251426709968,26.1640927865537],[-80.1252689996639,26.1638229998325],[-80.1254196711802,26.1637077858865],[-80.1254566710878,26.1636937861402],[-80.1255716709952,26.1636677858405],[-80.125650671041,26.1636617855638],[-80.1257822040848,26.1636750838389],[-80.1259833653394,26.1637972036789],[-80.1262699999599,26.163888000132],[-80.1263066707156,26.1639007857935],[-80.1264246707613,26.1639087870618],[-80.126462670715,26.1639057860241],[-80.1264776408298,26.1638950939843],[-80.1265256709223,26.1638607866469],[-80.1266146723286,26.1637897860707],[-80.1267226710138,26.1637427866012],[-80.126836670875,26.1637137861632],[-80.1270336709665,26.1637027865552],[-80.1271126710123,26.1637087859326],[-80.1271886709198,26.1637307860478],[-80.1272956713575,26.1637787855633],[-80.1275431926636,26.1639314949434],[-80.1275643123425,26.1639445243212],[-80.1275906705723,26.1639607858625],[-80.1276766718403,26.1640817860464],[-80.1277246722552,26.1642577860688],[-80.1277248179454,26.1642629850496],[-80.1277414059405,26.1648531030891],[-80.1278746719778,26.1649427870809],[-80.128007107941,26.1650231343111],[-80.1281204602903,26.1650479771833],[-80.1281325004139,26.1650506157941],[-80.1281794378301,26.165060903139],[-80.1282085740658,26.1650672883256],[-80.1283746087006,26.165064647916],[-80.128420468729,26.1650530376684],[-80.1284945449866,26.1650342841058],[-80.1285436713527,26.165016786896],[-80.1285826713525,26.1650087874265],[-80.1285877228445,26.165006987883],[-80.1286867867651,26.1649547012993],[-80.1287023567277,26.1649464832944],[-80.1287919426933,26.1648604550468],[-80.1288858723845,26.164662021436],[-80.1289138251123,26.1646029665545],[-80.1289586716048,26.1645247857911],[-80.1290436719272,26.1644477858375],[-80.1291116705665,26.1644107859299],[-80.1291129296173,26.1644103317723],[-80.1292069042746,26.1643595128821],[-80.1293276724335,26.1643437873368],[-80.129421248691,26.1643142733859],[-80.1295594016444,26.164314608833],[-80.1297296720861,26.1643177861378],[-80.1298876721777,26.1643227863684],[-80.1300446731225,26.1643157860456],[-80.1301396730069,26.1642977861148],[-80.1302306718074,26.1642607862072],[-80.1303186731676,26.1641897874296],[-80.1303966731673,26.1640637861157],[-80.1304207597096,26.1638703140646],[-80.1304231150341,26.163851395926],[-80.1304276727982,26.1638147872235],[-80.1303626715994,26.1637227856789],[-80.130272695328,26.1636596101038],[-80.1302686717611,26.1636567862326],[-80.1300646722462,26.163545787409],[-80.1298536724084,26.1634127857723],[-80.1298026718551,26.1633817861414],[-80.129727812288,26.1633326525807],[-80.1292706293354,26.16304157441],[-80.1292662280533,26.1630337476102],[-80.1292256722263,26.162998787365],[-80.1292106724339,26.1629657858432],[-80.1292066722495,26.1629297859817],[-80.1292159019916,26.1628693713253],[-80.1292176718574,26.1628577862587],[-80.1292336716959,26.1628237873887],[-80.1292786719725,26.1627647855673],[-80.1293366719492,26.1627147859595],[-80.129475672064,26.1626447863287],[-80.1294766163521,26.1626446109609],[-80.1294730001782,26.1626400001368],[-80.1295128068699,26.1626379451859],[-80.1295136720177,26.1626377860059],[-80.1296101485888,26.1626329215729],[-80.1296326721095,26.1626317866285],[-80.1297116721553,26.1626317866285],[-80.1299876722926,26.1626447854294],[-80.1301183851547,26.1626564172607],[-80.1304596715759,26.1626867855676],[-80.1306146724285,26.1627137859133],[-80.130690672336,26.1627357860286],[-80.1308426721509,26.1627717858901],[-80.1312244541446,26.1629315783305],[-80.1312389997794,26.1629340002048],[-80.1313399999404,26.1667099998675],[-80.1313450001709,26.1668609996363],[-80.131062999757,26.1668639997746],[-80.1310770004026,26.1677759995636],[-80.1311189996415,26.1686680002289],[-80.1311330002871,26.1695880003868],[-80.1311649999641,26.1704840003372],[-80.1314319996864,26.1704759999683],[-80.1314929998014,26.1723019996384],[-80.1315479996398,26.1740730003696],[-80.1315519998243,26.1750470003197],[-80.1317649997543,26.1832249997348],[-80.1305670002662,26.1832510000345],[-80.1300950000835,26.1832590004034],[-80.129279000225,26.1832829997115],[-80.1284909998591,26.1832940002188],[-80.1283129997445,26.1832999995962],[-80.1278679999076,26.183306999919],[-80.1274959998399,26.1833130001956],[-80.1272969996562,26.1833239998036],[-80.1266830001197,26.183336000357],[-80.1264670000514,26.1833459999189],[-80.1258500003765,26.1833550003338],[-80.1253230003555,26.1833649998957],[-80.1250240000569,26.1833609997112],[-80.1242120003828,26.183388000057],[-80.123403999994,26.1834070000339],[-80.1226029999278,26.1834189996879],[-80.1223940001823,26.1834260000107],[-80.1218070000923,26.1834439999415],[-80.121642999724,26.1834559995956],[-80.1209989997034,26.1834540004027],[-80.1200049997303,26.1834809998491],[-80.118906000311,26.1834819998953],[-80.1193310001249,26.1825649998757],[-80.1195820000086,26.181838999671],[-80.1197010001004,26.1807030003441],[-80.1195830000548,26.176722000221],[-80.1195290002625,26.1743869995612],[-80.1195139995707,26.1739639998396],[-80.1194369996172,26.171840999963],[-80.1187529995506,26.1696929998329],[-80.1170009996957,26.1672549998193],[-80.1196579999161,26.1671949997503],[-80.1214360000707,26.1671529996121],[-80.1219480002993,26.1671329995891],[-80.1219460002071,26.1669950004198],[-80.1219209999536,26.1645609996913],[-80.1221051856052,26.1646591472028],[-80.1222786702238,26.1647357874275],[-80.1226206698074,26.1648237869891],[-80.1228946698525,26.1648627869889],[-80.123051669898,26.1648817869658],[-80.1231706699897,26.1648847862048],[-80.1232545137841,26.1648756131199],[-80.1236386088341,26.1648398812564]]]]}},{"type":"Feature","id":"FL-12011-D003-2022","properties":{"state_po":"FL","county_fips":"12011","county_name":"Broward County","precinct_id":"D003","geometry_vintage":"2022"},"geometry":{"type":"MultiPolygon","coordinates":[[[[-80.137690674984,26.1641807861152],[-80.1377696750298,26.1641767859308],[-80.137923674937,26.1641447862537],[-80.1379596747985,26.1641297873606],[-80.1381526747055,26.1640037860468],[-80.1382969997061,26.1638490001321],[-80.1383690003285,26.1665549999142],[-80.1383729996136,26.1667000003056],[-80.1403930001362,26.1666780001904],[-80.1424040002437,26.1666770001443],[-80.1444199996826,26.1666350000061],[-80.1464360000207,26.1665869995912],[-80.1464479996748,26.1669439998666],[-80.1464820003434,26.1679329996091],[-80.1465160001127,26.1688840002972],[-80.1465429995591,26.1697279996483],[-80.1465639996282,26.1705719998987],[-80.1465930000662,26.1713899998495],[-80.1466150001814,26.1722410004227],[-80.1466439997201,26.1730940001888],[-80.1466700000198,26.173936000347],[-80.1466869999045,26.1747750003668],[-80.1467090000197,26.1751830002961],[-80.1467189995815,26.1757500003631],[-80.1467570004345,26.1766879995524],[-80.1467809997427,26.177573999941],[-80.1457990003229,26.1775950000101],[-80.1447499996121,26.1776410003328],[-80.1427479999196,26.177695000125],[-80.140725000158,26.1777489999173],[-80.1407430000887,26.1782109996388],[-80.1397369995622,26.1782430002152],[-80.1387439996352,26.1783040003302],[-80.1377129997545,26.1783260004455],[-80.1366999998045,26.1783329998689],[-80.1356570002697,26.1783499997536],[-80.1346800001812,26.1783919998917],[-80.1348930001112,26.1795860000947],[-80.1347940000424,26.1805129996761],[-80.1346869996047,26.1814850004333],[-80.1346790001351,26.1815810003637],[-80.1337779999541,26.181575000087],[-80.1324669997516,26.181563000433],[-80.1323950000286,26.1823540000379],[-80.1324119999132,26.1832089998963],[-80.1317649997543,26.1832249997348],[-80.1315519998243,26.1750470003197],[-80.1315479996398,26.1740730003696],[-80.1314929998014,26.1723019996384],[-80.1314319996864,26.1704759999683],[-80.1311649999641,26.1704840003372],[-80.1311330002871,26.1695880003868],[-80.1311189996415,26.1686680002289],[-80.1310770004026,26.1677759995636],[-80.131062999757,26.1668639997746],[-80.1313450001709,26.1668609996363],[-80.1313399999404,26.1667099998675],[-80.1312389997794,26.1629340002048],[-80.1312416716652,26.1629387863968],[-80.1314216727713,26.1630027857508],[-80.1315431433007,26.1630349625943],[-80.1315726734395,26.1630427857968],[-80.1316476724015,26.1630667860043],[-80.1316881337997,26.1630830943102],[-80.1318436733462,26.1631457860501],[-80.1328906730654,26.163458786095],[-80.1339146726234,26.163761786578],[-80.1340963356767,26.1637448766256],[-80.1350426742794,26.1636567862326],[-80.135747674415,26.1636267857484],[-80.1358346739304,26.1636277857946],[-80.1358647346691,26.163628569104],[-80.1359349852107,26.1636303983251],[-80.1359353458389,26.1636304208081],[-80.1360956742753,26.1636407863941],[-80.1362686741593,26.1636577862787],[-80.1363546736286,26.1636697859328],[-80.136596674896,26.1637107860248],[-80.1366466736044,26.1637217874314],[-80.1368406735576,26.1637897860707],[-80.1369256747794,26.1638487860935],[-80.1369516741798,26.1638757873386],[-80.1371416748478,26.1640047860929],[-80.1372458154414,26.1640650784415],[-80.1372746746859,26.1640817860464],[-80.1373846743626,26.1641227861385],[-80.1375320004008,26.1641600000848],[-80.137690674984,26.1641807861152]]]]}},{"type":"Feature","id":"FL-12011-D004-2022","properties":{"state_po":"FL","county_fips":"12011","county_name":"Broward County","precinct_id":"D004","geometry_vintage":"2022"},"geometry":{"type":"MultiPolygon","coordinates":[[[[-80.1468389997194,26.1812880003418],[-80.1468480001345,26.1820369998086],[-80.1468789997653,26.1827759997135],[-80.1469009998806,26.1835169997107],[-80.1469199998575,26.1842510002843],[-80.1469379997882,26.1849979996588],[-80.1469619999957,26.1857439998865],[-80.1469789998803,26.1864629997685],[-80.1469890003414,26.1871699999964],[-80.1469860002031,26.1878940001089],[-80.1469880002953,26.1883499995537],[-80.1469880002953,26.1884860004295],[-80.1470280003413,26.1893970001723],[-80.1470430001337,26.1897910003552],[-80.1470470003181,26.1900450003773],[-80.1471279995569,26.1931000000658],[-80.1472059995566,26.1960949996854],[-80.1471499996721,26.1967860000747],[-80.1470739997646,26.1974829998414],[-80.1470670003411,26.1976559997255],[-80.1470909996493,26.1978149998632],[-80.1471650003638,26.1980469997701],[-80.147279000225,26.1983330003686],[-80.1474130001092,26.1985800000678],[-80.1475310001548,26.1987580001824],[-80.1477040000389,26.1989859999048],[-80.1480970001758,26.1994869996262],[-80.1438060001461,26.203515000118],[-80.1436049998702,26.20369899961],[-80.1389789996804,26.2080669995933],[-80.1382006760197,26.2090077974727],[-80.1375739996397,26.2088159999593],[-80.1396940002772,26.2060019996934],[-80.139813000369,26.2044770004141],[-80.1392440002098,26.2038159996096],[-80.1392379999331,26.203626999887],[-80.1392339997486,26.2034820003949],[-80.1391680003023,26.2034839995878],[-80.1391500003716,26.2027910000055],[-80.1391120004178,26.2010089996665],[-80.1390969997261,26.200273999946],[-80.1390860001181,26.199605999718],[-80.1390720003719,26.1989120000896],[-80.1391490003255,26.1982320002075],[-80.1391719995875,26.1975520003254],[-80.1391389998643,26.1968559997055],[-80.1390900003026,26.1961620000771],[-80.1390070000724,26.1932600002497],[-80.1389769995882,26.1899699996167],[-80.1389589996575,26.1895590004484],[-80.1389490000956,26.1888510001744],[-80.1389470000034,26.1887299999903],[-80.1389269999804,26.1880110001084],[-80.1388839997961,26.1850260000507],[-80.1388639997731,26.1843240000534],[-80.1388550002574,26.1836399999869],[-80.1388190003959,26.1815489997874],[-80.1398399998155,26.1815150000181],[-80.1402350000446,26.1815040004101],[-80.1408339997886,26.1814800002027],[-80.1444759995671,26.1813660003415],[-80.144858000096,26.1813519996959],[-80.1468389997194,26.1812880003418]]]]}},{"type":"Feature","id":"FL-12011-D005-2022","properties":{"state_po":"FL","county_fips":"12011","county_name":"Broward County","precinct_id":"D005","geometry_vintage":"2022"},"geometry":{"type":"MultiPolygon","coordinates":[[[[-80.1480970001758,26.1994869996262],[-80.1477040000389,26.1989859999048],[-80.1475310001548,26.1987580001824],[-80.1474130001092,26.1985800000678],[-80.147279000225,26.1983330003686],[-80.1471650003638,26.1980469997701],[-80.1470909996493,26.1978149998632],[-80.1470670003411,26.1976559997255],[-80.1470739997646,26.1974829998414],[-80.1471499996721,26.1967860000747],[-80.1472059995566,26.1960949996854],[-80.1471279995569,26.1931000000658],[-80.1470470003181,26.1900450003773],[-80.1470430001337,26.1897910003552],[-80.1470280003413,26.1893970001723],[-80.1469880002953,26.1884860004295],[-80.1469880002953,26.1883499995537],[-80.1469860002031,26.1878940001089],[-80.1469890003414,26.1871699999964],[-80.1469789998803,26.1864629997685],[-80.1469619999957,26.1857439998865],[-80.1469379997882,26.1849979996588],[-80.1469199998575,26.1842510002843],[-80.1469009998806,26.1835169997107],[-80.1468789997653,26.1827759997135],[-80.1468480001345,26.1820369998086],[-80.1468389997194,26.1812880003418],[-80.1468359995811,26.18116900025],[-80.1468569996501,26.1802439998616],[-80.1468369996272,26.1797490004169],[-80.146823999927,26.179386999911],[-80.1468120002729,26.1784770002143],[-80.1467809997427,26.177573999941],[-80.1507799997965,26.1774680004488],[-80.1539120003379,26.1773890004029],[-80.1538559995541,26.1755649999256],[-80.1546569996202,26.1755449999027],[-80.1547349996199,26.1773500004031],[-80.1531149995569,26.1809849998587],[-80.1530419997878,26.1811500002732],[-80.1522280000215,26.1835929996181],[-80.1518359999308,26.188249000292],[-80.1518190000461,26.1884390000607],[-80.1514769995632,26.1924919999067],[-80.1506069999124,26.1958580004472],[-80.1491560004484,26.1982979996538],[-80.1481980003368,26.1993850003184],[-80.1480970001758,26.1994869996262]]]]}},{"type":"Feature","id":"FL-12011-D006-2022","properties":{"state_po":"FL","county_fips":"12011","county_name":"Broward County","precinct_id":"D006","geometry_vintage":"2022"},"geometry":{"type":"MultiPolygon","coordinates":[[[[-80.1464360000207,26.1665869995912],[-80.1515720003469,26.1663959997764],[-80.1545079999436,26.1662639999845],[-80.1546700002197,26.1662599998001],[-80.1566119998433,26.1662110002383],[-80.1574940000474,26.1661870000309],[-80.1574849996323,26.1660299999854],[-80.1583760002516,26.1659879998472],[-80.1585160004124,26.1659720000086],[-80.159881999554,26.1659289998244],[-80.1598030004075,26.1660819996854],[-80.1563809999825,26.1736479996563],[-80.1548519996194,26.1770839998276],[-80.1547349996199,26.1773500004031],[-80.1546569996202,26.1755449999027],[-80.1538559995541,26.1755649999256],[-80.1539120003379,26.1773890004029],[-80.1507799997965,26.1774680004488],[-80.1467809997427,26.177573999941],[-80.1467570004345,26.1766879995524],[-80.1467189995815,26.1757500003631],[-80.1467090000197,26.1751830002961],[-80.1466869999045,26.1747750003668],[-80.1466700000198,26.173936000347],[-80.1466439997201,26.1730940001888],[-80.1466150001814,26.1722410004227],[-80.1465930000662,26.1713899998495],[-80.1465639996282,26.1705719998987],[-80.1465429995591,26.1697279996483],[-80.1465160001127,26.1688840002972],[-80.1464820003434,26.1679329996091],[-80.1464479996748,26.1669439998666],[-80.1464360000207,26.1665869995912]]]]}},{"type":"Feature","id":"FL-12011-D007-2022","properties":{"state_po":"FL","county_fips":"12011","county_name":"Broward County","precinct_id":"D007","geometry_vintage":"2022"},"geometry":{"type":"MultiPolygon","coordinates":[[[[-80.1421429998989,26.2064709997377],[-80.1401339998835,26.207901000032],[-80.1393506759923,26.2087457979811],[-80.1393636765918,26.2093157981864],[-80.1384600000283,26.209075000212],[-80.1382006760197,26.2090077974727],[-80.1389789996804,26.2080669995933],[-80.1436049998702,26.20369899961],[-80.1438060001461,26.203515000118],[-80.1480970001758,26.1994869996262],[-80.1481980003368,26.1993850003184],[-80.1491560004484,26.1982979996538],[-80.1506069999124,26.1958580004472],[-80.1514769995632,26.1924919999067],[-80.1518190000461,26.1884390000607],[-80.1518359999308,26.188249000292],[-80.1522280000215,26.1835929996181],[-80.1530419997878,26.1811500002732],[-80.1531149995569,26.1809849998587],[-80.1547349996199,26.1773500004031],[-80.1548519996194,26.1770839998276],[-80.1563809999825,26.1736479996563],[-80.1598030004075,26.1660819996854],[-80.1600950003833,26.1660679999391],[-80.1614330000323,26.1660089999163],[-80.1619020000766,26.1659889998933],[-80.1619729997535,26.165813999917],[-80.1663179995754,26.1656600000099],[-80.1669479998496,26.1656379998947],[-80.1669489998958,26.1657860004245],[-80.1689630001417,26.1657070003786],[-80.1690230002106,26.1668900000743],[-80.169878000069,26.1667309999366],[-80.1698929998614,26.1673970000724],[-80.1698929998614,26.16743399998],[-80.1698939999075,26.1674440004412],[-80.1698949999536,26.1675780003253],[-80.1699000001842,26.1679830001162],[-80.1699020002764,26.1681180000466],[-80.170019000276,26.168092999793],[-80.1700970002757,26.1680810001389],[-80.1701370003216,26.1680749998623],[-80.1706929998814,26.1680470003697],[-80.1708920000651,26.1680379999546],[-80.1709209996038,26.1697450004323],[-80.1709350002494,26.1716350003559],[-80.1709639997881,26.1724170004451],[-80.170982999765,26.1732270000269],[-80.1710039998341,26.1741310003463],[-80.1709960003645,26.1778999996861],[-80.1710009996957,26.1806139998371],[-80.1710369995572,26.1834100001722],[-80.1696490003005,26.1831340000349],[-80.1688660001651,26.1829769999894],[-80.1647360003655,26.1822010001769],[-80.1629849996573,26.1819809999241],[-80.162452000259,26.1818750004318],[-80.1599659998304,26.1814180000416],[-80.1592259998793,26.1812769998345],[-80.158452000159,26.1811809999041],[-80.1577619998158,26.1811140004116],[-80.1568180003498,26.1810639999046],[-80.1565190000512,26.1810569995818],[-80.1566079996588,26.1820569998315],[-80.1566519998892,26.1829630002431],[-80.1565529998204,26.1829660003815],[-80.1555660001701,26.1829919997819],[-80.1556210000085,26.1838869996861],[-80.1555929996166,26.1848019996135],[-80.1555840001009,26.1855940001638],[-80.1556739997546,26.1875060002026],[-80.155728999593,26.1875979999486],[-80.1557430002386,26.1879770003392],[-80.1553120001481,26.1879829997165],[-80.1551459996875,26.1879879999471],[-80.1551479997797,26.1883969999225],[-80.1546470000583,26.1883450002225],[-80.1538189996464,26.1883840002223],[-80.1531789998103,26.1883860003145],[-80.1530160003874,26.1883870003606],[-80.1514059998863,26.1957520000556],[-80.1497493641412,26.1990702223138],[-80.1497460627299,26.1990778197865],[-80.1497386046522,26.1990952828219],[-80.1497360235979,26.1991069937936],[-80.1496123668166,26.1996681113951],[-80.1495731698652,26.1998465278958],[-80.149508678582,26.2001417951086],[-80.1495237871924,26.2009087081712],[-80.1495300087023,26.2012095970462],[-80.1494544971267,26.2014413712231],[-80.1494266792972,26.2015277960718],[-80.1492656790672,26.2015307962101],[-80.1491896791597,26.2015327963024],[-80.1490315648542,26.2015357613671],[-80.1490296789759,26.2015357964407],[-80.1489168644211,26.2015373001072],[-80.1488800731562,26.2015380123702],[-80.1488800659616,26.201537791137],[-80.1488796792531,26.2015377956336],[-80.1488796792531,26.201533172219],[-80.1488794391341,26.2015331767156],[-80.1488773931765,26.2015332153865],[-80.1488765433172,26.2015050351301],[-80.1488792268942,26.2015099661129],[-80.1488788087094,26.2014961021642],[-80.1488761377229,26.2014915992588],[-80.1488761314276,26.2014913564418],[-80.1488761314276,26.2014913051805],[-80.1487892982868,26.2013447480625],[-80.1484263013321,26.2007320786234],[-80.1484232193554,26.2007268769447],[-80.1481499999219,26.2003629995536],[-80.1472146834103,26.2012195345547],[-80.1471309996952,26.2012560002651],[-80.1471476794212,26.2019807962776],[-80.1472926429405,26.2021894560794],[-80.147443613931,26.2024067619633],[-80.1474639997631,26.2031789999118],[-80.1484395780234,26.2031665613886],[-80.1485478941693,26.2030854065671],[-80.1483816787708,26.203615796133],[-80.1477332010257,26.2036267471775],[-80.147585678036,26.2036307959254],[-80.1475300135986,26.2036313211294],[-80.1474797361003,26.2036324533759],[-80.1474813395915,26.2036862867936],[-80.1474856662298,26.2038314202847],[-80.1469960384357,26.2038401607957],[-80.1468356794224,26.2038427958092],[-80.1468265899745,26.2038487915893],[-80.1468260926494,26.2038496288582],[-80.1466762314223,26.2039479751198],[-80.1464935620276,26.2040678493526],[-80.1458869387306,26.2054307476318],[-80.1458808386291,26.2054444532998],[-80.1458686779964,26.2054707971404],[-80.1457156781354,26.2055577957565],[-80.1448616783231,26.2060407973458],[-80.1448614633851,26.2060409996932],[-80.1448613860435,26.2060410428607],[-80.1446384360144,26.2062481351442],[-80.1446353522391,26.2062460118448],[-80.1446316776092,26.2062427967685],[-80.1446216780474,26.2062377956386],[-80.1446206510216,26.2062375159494],[-80.144619635687,26.2062370078325],[-80.1446090236868,26.2062334294301],[-80.1445980753402,26.206231312426],[-80.144586862593,26.2062306712094],[-80.1443904047927,26.206232532806],[-80.1443880611594,26.2062337513874],[-80.1439726768969,26.2062377956386],[-80.1439714349331,26.2063061288256],[-80.1439732236847,26.2064492469361],[-80.14396600033,26.206452999807],[-80.1421429998989,26.2064709997377]]]]}},{"type":"Feature","id":"FL-12011-D008-2022","properties":{"state_po":"FL","county_fips":"12011","county_name":"Broward County","precinct_id":"D008","geometry_vintage":"2022"},"geometry":{"type":"MultiPolygon","coordinates":[[[[-80.1830270002952,26.1730900000044],[-80.1830119996034,26.1735759999333],[-80.1830709996263,26.176581000014],[-80.1831309996952,26.1804419999992],[-80.1843179995753,26.1804959997914],[-80.1844539995518,26.1804979998836],[-80.1845290003125,26.1804769998146],[-80.1853460002171,26.1804650001605],[-80.1862070003521,26.1804500003681],[-80.1862070003521,26.180399999861],[-80.1861959998449,26.179539999772],[-80.1871820003484,26.1795290001641],[-80.1873259997944,26.1795270000719],[-80.1882229997909,26.1795159995646],[-80.1929776911668,26.1794657886161],[-80.1933176915576,26.179461789331],[-80.193328999633,26.180308000115],[-80.1933299996791,26.1803710003223],[-80.1935659997704,26.1803660000917],[-80.1947870003191,26.1803389997459],[-80.1951520000641,26.1803439999765],[-80.1952199996027,26.1803450000226],[-80.1952180004097,26.1802700001613],[-80.1954739996247,26.1802950004148],[-80.1956230002007,26.1862909999306],[-80.1954949996938,26.1862909999306],[-80.1955110004317,26.1864629997685],[-80.1913560003784,26.1864520001605],[-80.1913439998251,26.186265999677],[-80.1894600001782,26.186265999677],[-80.1894030002476,26.1839689998703],[-80.1874379995634,26.1840950002849],[-80.187311000002,26.1840980004233],[-80.1834500000168,26.1841639998695],[-80.1834740002243,26.1861119997698],[-80.1811829997949,26.1861010001619],[-80.1810980003718,26.1860250002545],[-80.1751880003253,26.1861519998158],[-80.1749880000955,26.185545999749],[-80.1746719999122,26.1850320003274],[-80.174213000329,26.1845450003524],[-80.1736020000316,26.1841140002618],[-80.1725419997128,26.1836919996869],[-80.1710369995572,26.1834100001722],[-80.1710009996957,26.1806139998371],[-80.1709960003645,26.1778999996861],[-80.1710039998341,26.1741310003463],[-80.170982999765,26.1732270000269],[-80.1709639997881,26.1724170004451],[-80.1709350002494,26.1716350003559],[-80.1709209996038,26.1697450004323],[-80.1708920000651,26.1680379999546],[-80.1706929998814,26.1680470003697],[-80.1701370003216,26.1680749998623],[-80.1700970002757,26.1680810001389],[-80.170019000276,26.168092999793],[-80.1699020002764,26.1681180000466],[-80.1699000001842,26.1679830001162],[-80.1698949999536,26.1675780003253],[-80.1698939999075,26.1674440004412],[-80.1698929998614,26.16743399998],[-80.1698929998614,26.1673970000724],[-80.169878000069,26.1667309999366],[-80.1690230002106,26.1668900000743],[-80.1689630001417,26.1657070003786],[-80.1669489998958,26.1657860004245],[-80.1669479998496,26.1656379998947],[-80.1663179995754,26.1656600000099],[-80.1619729997535,26.165813999917],[-80.1619020000766,26.1659889998933],[-80.1614330000323,26.1660089999163],[-80.1600950003833,26.1660679999391],[-80.1598030004075,26.1660819996854],[-80.159881999554,26.1659289998244],[-80.1585160004124,26.1659720000086],[-80.1594419999477,26.1656680003788],[-80.1604349998747,26.1643400002916],[-80.1605220002894,26.1642879996923],[-80.1605669996666,26.1642610002459],[-80.1607180003348,26.1645120001296],[-80.1609179996653,26.164729000244],[-80.1624029997979,26.1625460002986],[-80.1638760002766,26.160282000215],[-80.1647079999736,26.158499999876],[-80.1652010002254,26.1585100003371],[-80.1653410003862,26.1585480002909],[-80.1707319998812,26.1583009996922],[-80.1728410000115,26.158256000315],[-80.1744349997747,26.1582219996465],[-80.1772009996258,26.1581360001771],[-80.1781340003832,26.1582079999001],[-80.1849160001726,26.1581619995775],[-80.1849340001033,26.1593060001726],[-80.1849429996191,26.1598779995709],[-80.1836110002468,26.1599019997783],[-80.1829209999036,26.1599199997091],[-80.1829510003877,26.1617300004401],[-80.1869420000726,26.1616549996793],[-80.1869579999111,26.1627820003899],[-80.1869189999113,26.1651909999655],[-80.1869240001418,26.1653649998957],[-80.1870719997723,26.1653629998035],[-80.1871689997489,26.1714010003568],[-80.1872079997488,26.1728580000975],[-80.1870490463758,26.1728611917915],[-80.1830356877462,26.1729417881339],[-80.1830270002952,26.1730900000044]]]]}},{"type":"Feature","id":"FL-12011-D009-2022","properties":{"state_po":"FL","county_fips":"12011","county_name":"Broward County","precinct_id":"D009","geometry_vintage":"2022"},"geometry":{"type":"MultiPolygon","coordinates":[[[[-80.1870719997723,26.1653629998035],[-80.1896429996241,26.1653540002878],[-80.1901189999912,26.1653550003339],[-80.190188999622,26.1667879998672],[-80.1901179999451,26.1689929999279],[-80.1891140004101,26.1689970001123],[-80.189175999672,26.1728260004205],[-80.1872079997488,26.1728580000975],[-80.1871689997489,26.1714010003568],[-80.1870719997723,26.1653629998035]]]]}},{"type":"Feature","id":"FL-12011-E001-2022","properties":{"state_po":"FL","county_fips":"12011","county_name":"Broward County","precinct_id":"E001","geometry_vintage":"2022"},"geometry":{"type":"MultiPolygon","coordinates":[[[[-80.2230679995879,26.2719809999241],[-80.2230679726082,26.2719863931584],[-80.2230707020506,26.2719858121964],[-80.2230697029038,26.2721138118038],[-80.2230697029038,26.2721858124262],[-80.2230669177034,26.2721863340329],[-80.2230639103705,26.2723812647844],[-80.2230053537134,26.2761766088643],[-80.2230020001415,26.2763940001838],[-80.2230002977249,26.27639871443],[-80.2227019997968,26.2772249998347],[-80.2219490001456,26.278402000153],[-80.2219481583801,26.2784050236738],[-80.2219444576699,26.2784183102577],[-80.2219057022857,26.2784798130938],[-80.2217697023092,26.278700814292],[-80.2217257020789,26.2787748132079],[-80.2216317022406,26.2789268130228],[-80.2215367023563,26.2791198129299],[-80.2214657017801,26.2793188131136],[-80.2214327020569,26.2794488128133],[-80.2214207024028,26.2795018143581],[-80.2213997023337,26.2796308140117],[-80.221390702818,26.2796868129969],[-80.2213877017804,26.2797868140111],[-80.2213857016881,26.2798908143105],[-80.2213897027719,26.2802598142399],[-80.2213915283957,26.2804039252019],[-80.2213890004014,26.2804130002606],[-80.2218799996616,26.2804199996841],[-80.2226770004426,26.2804069999839],[-80.2226770508046,26.2804118473298],[-80.2226960004194,26.2822270002767],[-80.2226960651706,26.2822317639856],[-80.2226987028822,26.282231815247],[-80.2227007020751,26.2824228141624],[-80.2227087033433,26.2829958154054],[-80.2227117025823,26.2831878152663],[-80.2227127026285,26.2833348139514],[-80.2227157027668,26.2837758154024],[-80.222717702859,26.2839228149868],[-80.2227167028129,26.2840558148249],[-80.2227137026746,26.2844568153307],[-80.2227137026746,26.284511815169],[-80.2227087033433,26.2845548153533],[-80.2226977028361,26.2845888151226],[-80.2226191632431,26.2846338999354],[-80.2225617028597,26.2846358136927],[-80.2224797026755,26.2846348136466],[-80.2221667026305,26.2846318153069],[-80.2221057034148,26.2846258150302],[-80.2220597021928,26.2846148136236],[-80.2218107024014,26.2844998137163],[-80.2216007026097,26.2844038146852],[-80.22147070291,26.2843208153542],[-80.2210807029115,26.2840728138102],[-80.2209507023124,26.283990813626],[-80.2209528660812,26.2839878719436],[-80.2209479998497,26.2839859995551],[-80.2205264417412,26.2837425647684],[-80.2205219999897,26.283739999902],[-80.2205204990212,26.2837420269738],[-80.2196969997161,26.284854000013],[-80.2196942199117,26.2848671777789],[-80.2195817021332,26.28503881519],[-80.2194867022488,26.2852318150971],[-80.219438701834,26.2853648149351],[-80.2194007018802,26.2854998148654],[-80.2193667012116,26.2857078145649],[-80.2193597017882,26.2859178161552],[-80.2193597017882,26.2859518150251],[-80.2193616344312,26.2864435157565],[-80.219359000317,26.2864560001452],[-80.219359000317,26.2864607881357],[-80.219359000317,26.2865859998449],[-80.2221240001219,26.2866320001676],[-80.2222359998908,26.2938860001397],[-80.2186790004348,26.2939110003932],[-80.2182739997446,26.2939129995862],[-80.2182820001136,26.3001149996084],[-80.2182610000444,26.3004069995843],[-80.2182719996524,26.3007979996289],[-80.218286000298,26.3010220000661],[-80.2082560000138,26.3008860000897],[-80.2024799998514,26.3008059999978],[-80.2024840000359,26.3002420000691],[-80.2024860001282,26.2998320000476],[-80.2022859998983,26.2966439996218],[-80.2021130000143,26.2933479996113],[-80.2020719999222,26.2908909996208],[-80.2020489997608,26.2862200000538],[-80.2020459996226,26.2860349996164],[-80.2019879996458,26.2822549997693],[-80.2019669995767,26.2808400001667],[-80.2019539998765,26.2798189998479],[-80.2018620001305,26.2742490001921],[-80.2018640002228,26.2741730002846],[-80.2018670003611,26.274076000308],[-80.2018050002,26.2718520002705],[-80.2050230002106,26.2718710002474],[-80.2064719995824,26.2718809998092],[-80.2107899999579,26.2718769996247],[-80.210993000326,26.271879999763],[-80.2178809996078,26.2719739996013],[-80.2184410002513,26.2719799998779],[-80.2228050000501,26.2720369998086],[-80.2230679995879,26.2719809999241]]]]}},{"type":"Feature","id":"FL-12011-E002-2022","properties":{"state_po":"FL","county_fips":"12011","county_name":"Broward County","precinct_id":"E002","geometry_vintage":"2022"},"geometry":{"type":"MultiPolygon","coordinates":[[[[-80.2348770000729,26.2721519997159],[-80.234861100059,26.2722737643236],[-80.2348257063406,26.2725448109951],[-80.234730705557,26.2728688124466],[-80.2345897062493,26.2731718111311],[-80.2337727063447,26.2744528117487],[-80.233768350928,26.2744605800926],[-80.2336757063681,26.2746258116328],[-80.2335997055613,26.2747968123239],[-80.2335107059537,26.2751038120921],[-80.2334787062766,26.2756078119518],[-80.233491000009,26.2765759995836],[-80.2335239997321,26.2787360002671],[-80.2335279999166,26.2794449996879],[-80.2335370003316,26.2801600002846],[-80.2335679999626,26.2823289995845],[-80.2335685836226,26.2823338829032],[-80.2335097481757,26.2823357957612],[-80.2335251706494,26.2834781748787],[-80.2335379464185,26.284018063084],[-80.2335646203103,26.2842257426248],[-80.2336092788445,26.2844250917454],[-80.2336762108878,26.2846309231795],[-80.2338036367278,26.2849160757172],[-80.2338414253409,26.284995874361],[-80.233888181094,26.2849908714324],[-80.233886000238,26.2849859998049],[-80.2338856360126,26.2849829600964],[-80.2338887062981,26.2849908147751],[-80.2339117055601,26.2850418153284],[-80.2339807060441,26.2851948151895],[-80.2340037062054,26.2852468148895],[-80.234019706044,26.2852838147971],[-80.2340697056517,26.2853948154193],[-80.2340867064357,26.2854318153269],[-80.234100706182,26.2854638150039],[-80.2341437063663,26.2855608149805],[-80.2341587061587,26.2855938147036],[-80.2342247074037,26.2858338149795],[-80.2342287057895,26.2858488147718],[-80.2342827073804,26.2860728152091],[-80.2343067057892,26.2862948146549],[-80.2343187063425,26.2865748149766],[-80.2343237056738,26.286678815276],[-80.2343297059505,26.2868248148142],[-80.2343295197908,26.2869609676754],[-80.2343287059044,26.287556816195],[-80.2343287059044,26.2881198160775],[-80.2343572350977,26.2885111767503],[-80.2343580004207,26.2885539997682],[-80.2343579266763,26.2885794164078],[-80.2342748266213,26.2891951012738],[-80.2342751449813,26.2892155293741],[-80.2343381209069,26.2954238588249],[-80.2343375903069,26.2956071190741],[-80.2343370066469,26.2958085663131],[-80.2343370039489,26.2958097812972],[-80.2343370003516,26.2958109998786],[-80.2303210004132,26.295753999948],[-80.230381999629,26.3005849996989],[-80.2303869998595,26.3009680002739],[-80.2303889999517,26.3011939999041],[-80.2192810003173,26.3010389999508],[-80.2187459999273,26.301030000435],[-80.218286000298,26.3010220000661],[-80.2182719996524,26.3007979996289],[-80.2182610000444,26.3004069995843],[-80.2182820001136,26.3001149996084],[-80.2242550003673,26.3002020000231],[-80.2243349995599,26.3002030000693],[-80.2241799996066,26.2883930004375],[-80.2240750001605,26.286656000375],[-80.2231570000948,26.2866490000522],[-80.2221240001219,26.2866320001676],[-80.2193617018804,26.286586044811],[-80.2193617018804,26.2864608160147],[-80.2193616344312,26.2864435157565],[-80.2193597017882,26.2859518150251],[-80.2193597017882,26.2859178161552],[-80.2193667012116,26.2857078145649],[-80.2194007018802,26.2854998148654],[-80.219438701834,26.2853648149351],[-80.2194867022488,26.2852318150971],[-80.2195817021332,26.28503881519],[-80.2196942199117,26.2848671777789],[-80.2196969997161,26.284854000013],[-80.2205219999897,26.283739999902],[-80.2205264417412,26.2837425647684],[-80.2205247015531,26.2837448148722],[-80.2206097018756,26.2837938153332],[-80.2208647028431,26.2839408149176],[-80.2209507023124,26.283990813626],[-80.2210807029115,26.2840728138102],[-80.22147070291,26.2843208153542],[-80.2216007026097,26.2844038146852],[-80.2218107024014,26.2844998137163],[-80.2220597021928,26.2846148136236],[-80.2221057034148,26.2846258150302],[-80.2221667026305,26.2846318153069],[-80.2224797026755,26.2846348136466],[-80.2225617028597,26.2846358136927],[-80.2226191632431,26.2846338999354],[-80.2226977028361,26.2845888151226],[-80.2227087033433,26.2845548153533],[-80.2227137026746,26.284511815169],[-80.2227137026746,26.2844568153307],[-80.2227167028129,26.2840558148249],[-80.222717702859,26.2839228149868],[-80.2227157027668,26.2837758154024],[-80.2227127026285,26.2833348139514],[-80.2227117025823,26.2831878152663],[-80.2227087033433,26.2829958154054],[-80.2227007020751,26.2824228141624],[-80.2226987028822,26.282231815247],[-80.2226947026977,26.2818678137495],[-80.2226827021443,26.2807748137076],[-80.2226797029053,26.2804118140548],[-80.2226770508046,26.2804118473298],[-80.2226770004426,26.2804069999839],[-80.2218799996616,26.2804199996841],[-80.2213890004014,26.2804130002606],[-80.2213915283957,26.2804039252019],[-80.2213897027719,26.2802598142399],[-80.2213857016881,26.2798908143105],[-80.2213877017804,26.2797868140111],[-80.221390702818,26.2796868129969],[-80.2213997023337,26.2796308140117],[-80.2214207024028,26.2795018143581],[-80.2214327020569,26.2794488128133],[-80.2214657017801,26.2793188131136],[-80.2215367023563,26.2791198129299],[-80.2216317022406,26.2789268130228],[-80.2217257020789,26.2787748132079],[-80.2217697023092,26.278700814292],[-80.2219057022857,26.2784798130938],[-80.2219444576699,26.2784183102577],[-80.2219481583801,26.2784050236738],[-80.2219517026084,26.2784068133246],[-80.2221077026077,26.2781748134178],[-80.2222497028608,26.27796381358],[-80.222556702629,26.2774668131438],[-80.2227047022595,26.2772298130063],[-80.2227827022592,26.2770698128225],[-80.2227907026282,26.2770548130301],[-80.2229037033426,26.2767938126852],[-80.2229647025583,26.2765908132163],[-80.2229677026967,26.2765718132395],[-80.2230047026043,26.2763988133554],[-80.2230053537134,26.2761766088643],[-80.2230639112698,26.2723812647844],[-80.2230697029038,26.2721858124262],[-80.2230697029038,26.2721138118038],[-80.2230707020506,26.2719858121964],[-80.2230707578086,26.2719810475881],[-80.2296710001159,26.2720949997853],[-80.2342130000293,26.2721440002463],[-80.2348770000729,26.2721519997159]]]]}},{"type":"Feature","id":"FL-12011-E003-2022","properties":{"state_po":"FL","county_fips":"12011","county_name":"Broward County","precinct_id":"E003","geometry_vintage":"2022"},"geometry":{"type":"MultiPolygon","coordinates":[[[[-80.2345739995898,26.2794449996879],[-80.2371299996491,26.2794800004025],[-80.2381580002908,26.2794960002411],[-80.2422130002291,26.2795390004254],[-80.245748999616,26.2795940002638],[-80.2501579996913,26.2796710002174],[-80.2502120003829,26.2832250004343],[-80.2502630000367,26.2869020000281],[-80.2502640000829,26.287032999774],[-80.250235999691,26.2887350000211],[-80.2497010002003,26.2905089999912],[-80.249678000039,26.2905629997835],[-80.2489390001341,26.2923120003993],[-80.2487529996505,26.2934590002335],[-80.2487549997428,26.2935360001871],[-80.2487579998811,26.2936550002789],[-80.2489570000648,26.2948470003896],[-80.2503149997368,26.2982160001691],[-80.2503450002209,26.2983330001687],[-80.2504909997592,26.3008320002975],[-80.2504699996901,26.3016949996254],[-80.2366370002967,26.3014900000643],[-80.2346199999124,26.3011929998579],[-80.234625000143,26.3005299998605],[-80.2346199999124,26.2958160001092],[-80.2343370003516,26.2958109998786],[-80.2343580004207,26.2885539997682],[-80.2343269998905,26.286819999844],[-80.2343209996138,26.2866740003058],[-80.2341560000987,26.2855889997334],[-80.233886000238,26.2849859998049],[-80.2338856360126,26.2849829600964],[-80.2336737062759,26.2844088149158],[-80.2335947062301,26.2839748137875],[-80.2335708157399,26.2823525312452],[-80.2335279999166,26.2794449996879],[-80.2345739995898,26.2794449996879]]]]}},{"type":"Feature","id":"FL-12011-E004-2022","properties":{"state_po":"FL","county_fips":"12011","county_name":"Broward County","precinct_id":"E004","geometry_vintage":"2022"},"geometry":{"type":"MultiPolygon","coordinates":[[[[-80.2348659995656,26.2722640003842],[-80.2358889999768,26.2723010002918],[-80.2397730001232,26.2723249995999],[-80.240560000443,26.2723340000149],[-80.2425299995592,26.2723570001763],[-80.2445380004277,26.2723849996689],[-80.2467970002807,26.2724120000146],[-80.2482879997907,26.2724309999915],[-80.2500920002449,26.2724560002451],[-80.2502320004059,26.2724580003373],[-80.2520970000758,26.2724920001066],[-80.2541949996988,26.2725049998067],[-80.2586510001429,26.2725609996913],[-80.2593639997481,26.2725710001524],[-80.2604440000899,26.2725869999909],[-80.2649130002341,26.2726439999215],[-80.2661919998603,26.27265999976],[-80.266249999837,26.2777380001095],[-80.26626999986,26.2808410002129],[-80.26648299979,26.2808410002129],[-80.2664890000667,26.2812890001881],[-80.2665019997668,26.283162000227],[-80.2665140003202,26.2839990001546],[-80.2665259999742,26.284915000128],[-80.2663279998367,26.2849140000819],[-80.2663499999519,26.2871360000273],[-80.266350999998,26.2872709999576],[-80.2605929997664,26.2871889997734],[-80.256565000174,26.2871259995661],[-80.2528469995887,26.2870709997277],[-80.2503739997596,26.2870339998201],[-80.2502640000829,26.287032999774],[-80.2502630000367,26.2869020000281],[-80.2502120003829,26.2832250004343],[-80.2501579996913,26.2796710002174],[-80.245748999616,26.2795940002638],[-80.2422130002291,26.2795390004254],[-80.2381580002908,26.2794960002411],[-80.2371299996491,26.2794800004025],[-80.2345739995898,26.2794449996879],[-80.2335279999166,26.2794449996879],[-80.2335239997321,26.2787360002671],[-80.233491000009,26.2765759995836],[-80.2334787062766,26.2756078119518],[-80.2335107059537,26.2751038120921],[-80.2335997055613,26.2747968123239],[-80.233768350928,26.2744605800926],[-80.2345897062493,26.2731718111311],[-80.234730705557,26.2728688124466],[-80.2348257063406,26.2725448109951],[-80.234861100059,26.2722737643236],[-80.2348659995656,26.2722640003842]]]]}},{"type":"Feature","id":"FL-12011-E005-2022","properties":{"state_po":"FL","county_fips":"12011","county_name":"Broward County","precinct_id":"E005","geometry_vintage":"2022"},"geometry":{"type":"MultiPolygon","coordinates":[[[[-80.2502700003596,26.2580309996318],[-80.255492000155,26.2581079995854],[-80.2657530003001,26.2582030003691],[-80.265885000092,26.2582069996542],[-80.2660210000685,26.2588630002281],[-80.2660420001375,26.258962000297],[-80.2662289997679,26.2618880003319],[-80.2662829995601,26.2658420001091],[-80.2660969999759,26.2658199999939],[-80.2661129998144,26.2671330002886],[-80.2661650004138,26.2712969998576],[-80.2661889997219,26.2725209996453],[-80.2661919998603,26.27265999976],[-80.2649130002341,26.2726439999215],[-80.2604440000899,26.2725869999909],[-80.2593639997481,26.2725710001524],[-80.2586510001429,26.2725609996913],[-80.2541949996988,26.2725049998067],[-80.2520970000758,26.2724920001066],[-80.2502320004059,26.2724580003373],[-80.2500920002449,26.2724560002451],[-80.2482879997907,26.2724309999915],[-80.2467970002807,26.2724120000146],[-80.2445380004277,26.2723849996689],[-80.2425299995592,26.2723570001763],[-80.240560000443,26.2723340000149],[-80.2397730001232,26.2723249995999],[-80.2358889999768,26.2723010002918],[-80.2348659995656,26.2722640003842],[-80.2348770000729,26.2721519997159],[-80.2342130000293,26.2721440002463],[-80.2342079997987,26.2694219997264],[-80.2354509995633,26.2694350003259],[-80.2396109998471,26.2694930003026],[-80.2396370001468,26.2689420000741],[-80.2401227473662,26.2678039359038],[-80.2401267079806,26.2678058100909],[-80.2405277066877,26.2679958107589],[-80.240622706572,26.2680408101361],[-80.2407757082317,26.2681048103896],[-80.2409897082078,26.2681688097437],[-80.241169706616,26.26820081032],[-80.2413237074225,26.2682108107812],[-80.2415977065683,26.2681978101817],[-80.2418207078587,26.2681648095592],[-80.2420307076504,26.2681068095825],[-80.2422447076265,26.2680218101593],[-80.242398708433,26.2679558098137],[-80.2426067081324,26.2678678102521],[-80.2427827081548,26.2677718103217],[-80.242844708316,26.2677268100451],[-80.2429817083385,26.2676308101147],[-80.2431107079921,26.2675278098614],[-80.2432357083606,26.2674108098619],[-80.2433637079681,26.2672748098855],[-80.2434417079678,26.2671738097244],[-80.2435497075523,26.267037809748],[-80.2436237091662,26.2669398097253],[-80.2437297077591,26.2668018096567],[-80.2438317088656,26.2666448096111],[-80.2438507088425,26.2666098097957],[-80.2439167091881,26.2664938098423],[-80.2439897089572,26.2663658102348],[-80.2440497090262,26.2662218098895],[-80.2440717091414,26.2661718102817],[-80.2441427088183,26.2659748092909],[-80.2441937075729,26.2657608093148],[-80.2442297083337,26.2655148096616],[-80.2442367077572,26.2653368086477],[-80.2442507084028,26.2650348100094],[-80.2442507884425,26.265030058891],[-80.2459160001226,26.2650650002504],[-80.2474919999552,26.2650660002965],[-80.2484190004359,26.2650769999045],[-80.2500009996457,26.2651169999505],[-80.2499249997383,26.262205999708],[-80.2499099999459,26.2592999996961],[-80.2499140001303,26.2591809996043],[-80.2499377098568,26.2585808073592],[-80.2501449999911,26.2580299995857],[-80.2502700003596,26.2580309996318]]]]}},{"type":"Feature","id":"FL-12011-E006-2022","properties":{"state_po":"FL","county_fips":"12011","county_name":"Broward County","precinct_id":"E006","geometry_vintage":"2022"},"geometry":{"type":"MultiPolygon","coordinates":[[[[-80.2501449999911,26.2580299995857],[-80.2499377098568,26.2585808073592],[-80.2499140001303,26.2591809996043],[-80.2499099999459,26.2592999996961],[-80.2499249997383,26.262205999708],[-80.2500009996457,26.2651169999505],[-80.2484190004359,26.2650769999045],[-80.2474919999552,26.2650660002965],[-80.2459160001226,26.2650650002504],[-80.2442507884425,26.265030058891],[-80.2442507084028,26.2650348100094],[-80.2442367077572,26.2653368086477],[-80.2442297083337,26.2655148096616],[-80.2441427088183,26.2659748092909],[-80.2440717091414,26.2661718102817],[-80.2440497090262,26.2662218098895],[-80.2439167091881,26.2664938098423],[-80.2438507088425,26.2666098097957],[-80.2438317088656,26.2666448096111],[-80.2437297077591,26.2668018096567],[-80.2435497075523,26.267037809748],[-80.2434417079678,26.2671738097244],[-80.2433637079681,26.2672748098855],[-80.2432357083606,26.2674108098619],[-80.2431107079921,26.2675278098614],[-80.2429817083385,26.2676308101147],[-80.2427827081548,26.2677718103217],[-80.2426067081324,26.2678678102521],[-80.242398708433,26.2679558098137],[-80.2422447076265,26.2680218101593],[-80.2420307076504,26.2681068095825],[-80.2418207078587,26.2681648095592],[-80.2415977065683,26.2681978101817],[-80.2413237074225,26.2682108107812],[-80.241169706616,26.26820081032],[-80.2409897082078,26.2681688097437],[-80.2407757082317,26.2681048103896],[-80.240622706572,26.2680408101361],[-80.2405277066877,26.2679958107589],[-80.2401267079806,26.2678058100909],[-80.2401227473662,26.2678039359038],[-80.2396370001468,26.2689420000741],[-80.2396109998471,26.2694930003026],[-80.2354509995633,26.2694350003259],[-80.2342079997987,26.2694219997264],[-80.2340899997531,26.2631599996351],[-80.2341339999834,26.2579510004392],[-80.2341519999142,26.2569849999587],[-80.2364539999515,26.2579110003932],[-80.237906000361,26.2585239998836],[-80.2379929998764,26.2584259998609],[-80.2381540001064,26.258243000415],[-80.2384920004048,26.2578629999783],[-80.2449699996651,26.2579589999088],[-80.2501449999911,26.2580299995857]]]]}},{"type":"Feature","id":"FL-12011-E007-2022","properties":{"state_po":"FL","county_fips":"12011","county_name":"Broward County","precinct_id":"E007","geometry_vintage":"2022"},"geometry":{"type":"MultiPolygon","coordinates":[[[[-80.2587628281414,26.2468677330603],[-80.2587641357556,26.2468699220102],[-80.2589207122205,26.2471028050513],[-80.2590207123354,26.2472608051429],[-80.2592247127497,26.2475838038503],[-80.2592517121961,26.2476258048878],[-80.2597367120789,26.2484778046079],[-80.2599666192634,26.2488823619323],[-80.2599697120319,26.2488878046294],[-80.2599702857994,26.248887513249],[-80.2605559998589,26.2496919999867],[-80.2612399999254,26.2504509999146],[-80.2612444479722,26.2504543777682],[-80.262623999897,26.2515019998183],[-80.2646329999124,26.2524389998608],[-80.2646372024443,26.2524402813947],[-80.265216999864,26.2526169999754],[-80.2649659999802,26.2543879998072],[-80.2653020001865,26.2560289999392],[-80.265429999794,26.2560099999624],[-80.265885000092,26.2582069996542],[-80.2657530003001,26.2582030003691],[-80.255492000155,26.2581079995854],[-80.2502700003596,26.2580309996318],[-80.2501449999911,26.2580299995857],[-80.2449699996651,26.2579589999088],[-80.2384920004048,26.2578629999783],[-80.2381540001064,26.258243000415],[-80.2379929998764,26.2584259998609],[-80.237906000361,26.2585239998836],[-80.2364539999515,26.2579110003932],[-80.2341519999142,26.2569849999587],[-80.2341620003754,26.2567970002822],[-80.233988999592,26.2471289996045],[-80.2340020001915,26.2447250002594],[-80.2340139998456,26.2424899997146],[-80.2347090004194,26.2424369999684],[-80.2347091452102,26.2424418832871],[-80.2347117055801,26.2424418041468],[-80.2347167049114,26.2426398042844],[-80.2347347048421,26.243234803844],[-80.2347407051188,26.2434338040277],[-80.234742705211,26.2435178043041],[-80.2347476164087,26.2436533492236],[-80.2347477054416,26.2436558043727],[-80.2347612537282,26.2437363026891],[-80.2347647053263,26.2437568054331],[-80.2347697055568,26.2437708042801],[-80.2347977050494,26.2438518053174],[-80.2348797052335,26.2439878052938],[-80.2349087047722,26.2440188040255],[-80.2349517049566,26.2440648052474],[-80.2350467048409,26.2441398042094],[-80.2354207050009,26.2443298039781],[-80.2355878718821,26.2444079056012],[-80.235598000047,26.2444170004451],[-80.2363949999286,26.2447850003284],[-80.2363914646937,26.2448051289544],[-80.2363077063349,26.2450108039063],[-80.2362377049055,26.2452048038595],[-80.2361867061509,26.2454028039971],[-80.2361657060818,26.2455368038813],[-80.2361557047213,26.2456058052646],[-80.2361457060588,26.2457568050334],[-80.2361467061049,26.2459128050328],[-80.236167253815,26.2460818586917],[-80.2361660001601,26.2460890002081],[-80.2361686720459,26.246093523798],[-80.2361687062202,26.2460938052857],[-80.2362167048364,26.2462928045701],[-80.2362657061967,26.2464378049616],[-80.2363527048128,26.2466298048225],[-80.2364857055502,26.2468538052598],[-80.2365757061033,26.2469658050288],[-80.2366637047655,26.2470678052359],[-80.2368427058256,26.2472628052351],[-80.2368780968461,26.2472947347651],[-80.2371597060549,26.2475488049343],[-80.2372827063312,26.2476598046571],[-80.2373477057314,26.2477428048874],[-80.2373887058234,26.2478108062246],[-80.2374187063076,26.2479088062472],[-80.2374327060539,26.2480248062007],[-80.2374377062845,26.2481498047706],[-80.237436758399,26.2482360506541],[-80.2382380003828,26.2482510000844],[-80.2399490001456,26.2484349995764],[-80.240996999911,26.2488729999898],[-80.2416369997471,26.2491179995969],[-80.2418949999536,26.2486230001522],[-80.2426420002275,26.2467510001594],[-80.2429989996035,26.2432650003803],[-80.2433899996481,26.2407129996061],[-80.2451360001256,26.2373760004029],[-80.2470819999337,26.2383310003763],[-80.2501029998529,26.239424999565],[-80.254316999929,26.2403140000919],[-80.2537479997697,26.2425149999681],[-80.2532599997485,26.2444110001684],[-80.2532637786998,26.2444116485796],[-80.2534209999785,26.2444379996149],[-80.2534247609433,26.2444387892196],[-80.2534405458439,26.2444421014227],[-80.2549017112443,26.244693803677],[-80.2554417118649,26.2448078044375],[-80.2558517118864,26.2449178041143],[-80.2561254412355,26.2450055383758],[-80.2561610004292,26.2450130000508],[-80.2561729838955,26.2450215301204],[-80.2564797111691,26.2451448037905],[-80.2568787115826,26.2453268040896],[-80.2572757119039,26.2455388039735],[-80.2574267116727,26.245634803904],[-80.257601711649,26.2457578041802],[-80.2577727123402,26.2458838045948],[-80.2580637122699,26.2461288042018],[-80.2582017123385,26.246262804086],[-80.2583217115771,26.2463758039011],[-80.2583517120612,26.2464038051923],[-80.2584587115996,26.2465188042003],[-80.2586537115989,26.2467428037383],[-80.2587363826773,26.2468376102684],[-80.2587599997735,26.2468629999284],[-80.2587628281414,26.2468677330603]]]]}},{"type":"Feature","id":"FL-12011-E008-2022","properties":{"state_po":"FL","county_fips":"12011","county_name":"Broward County","precinct_id":"E008","geometry_vintage":"2022"},"geometry":{"type":"MultiPolygon","coordinates":[[[[-80.2399490001456,26.2484349995764],[-80.2399398846173,26.2484340193154],[-80.239810706898,26.2483708050695],[-80.239626707406,26.2483188062687],[-80.2395947068296,26.2483108050005],[-80.2394297073145,26.2482758051851],[-80.2392167073845,26.2482638046317],[-80.2385877071563,26.2482578061537],[-80.2382850601068,26.2482560605696],[-80.2382380003828,26.2482510000844],[-80.237436758399,26.2482360515534],[-80.2374377062845,26.2481498047706],[-80.2374327060539,26.2480248062007],[-80.2374187063076,26.2479088062472],[-80.2373887058234,26.2478108062246],[-80.2373477057314,26.2477428048874],[-80.2372827063312,26.2476598046571],[-80.2371597060549,26.2475488049343],[-80.2368780968461,26.2472947347651],[-80.2368427058256,26.2472628052351],[-80.2366637047655,26.2470678052359],[-80.2365757061033,26.2469658050288],[-80.2364857055502,26.2468538052598],[-80.2363527048128,26.2466298048225],[-80.2362657061967,26.2464378049616],[-80.2362167048364,26.2462928045701],[-80.2361687062202,26.2460938052857],[-80.2361686720459,26.246093523798],[-80.2361660001601,26.2460890002081],[-80.236167253815,26.2460818586917],[-80.2361467061049,26.2459128050328],[-80.2361457060588,26.2457568050334],[-80.2361557047213,26.2456058052646],[-80.2361657060818,26.2455368038813],[-80.2361867061509,26.2454028039971],[-80.2362377049055,26.2452048038595],[-80.2363077063349,26.2450108039063],[-80.2363914646937,26.2448051289544],[-80.2363949999286,26.2447850003284],[-80.235598000047,26.2444170004451],[-80.2355878718821,26.2444079056012],[-80.2354207050009,26.2443298039781],[-80.2350467048409,26.2441398042094],[-80.2349517049566,26.2440648052474],[-80.2349087047722,26.2440188040255],[-80.2348797052335,26.2439878052938],[-80.2347977050494,26.2438518053174],[-80.2347697055568,26.2437708042801],[-80.2347647053263,26.2437568054331],[-80.2347612537282,26.2437363026891],[-80.2347477054416,26.2436558043727],[-80.2347476164087,26.2436533492236],[-80.2347450002809,26.2436510001944],[-80.2347090004194,26.2424369999684],[-80.2340139998456,26.2424899997146],[-80.2337999998695,26.2355249995799],[-80.2337949996389,26.2353660003415],[-80.2337450000311,26.2301309999465],[-80.2403709998212,26.2300309998316],[-80.2405689999587,26.2300210002698],[-80.2528440003497,26.2299260003855],[-80.2529970002107,26.2299099996476],[-80.2696979996623,26.2296920003864],[-80.2698359997309,26.2296910003403],[-80.2698670002612,26.2305470002447],[-80.2699810001224,26.2314939998491],[-80.2704059999363,26.2328209998901],[-80.2707640002578,26.2347010002518],[-80.2700119997533,26.2368860002895],[-80.2699090003994,26.2368490003819],[-80.269015999688,26.2388409996133],[-80.268973000403,26.238976000443],[-80.2688769995732,26.2393169999804],[-80.2688449998961,26.2395699999564],[-80.2688330002421,26.2398379997248],[-80.268822999781,26.2404940002987],[-80.268822999781,26.2406450000676],[-80.263859000192,26.2405900002292],[-80.2638679997078,26.2407559997904],[-80.2619779997842,26.2407379998597],[-80.2612539996717,26.2407240001134],[-80.2598270004151,26.2407100003671],[-80.258338000098,26.2406920004364],[-80.2576829995701,26.2406840000674],[-80.2564389997594,26.2406680002289],[-80.254489999813,26.2403509999995],[-80.254316999929,26.2403140000919],[-80.2501029998529,26.239424999565],[-80.2470819999337,26.2383310003763],[-80.2451360001256,26.2373760004029],[-80.2433899996481,26.2407129996061],[-80.2429989996035,26.2432650003803],[-80.2426420002275,26.2467510001594],[-80.2418949999536,26.2486230001522],[-80.2416369997471,26.2491179995969],[-80.240996999911,26.2488729999898],[-80.2399490001456,26.2484349995764]]]]}},{"type":"Feature","id":"FL-12011-E009-2022","properties":{"state_po":"FL","county_fips":"12011","county_name":"Broward County","precinct_id":"E009","geometry_vintage":"2022"},"geometry":{"type":"MultiPolygon","coordinates":[[[[-80.2599669996766,26.2488829995517],[-80.2587599997735,26.2468629999284],[-80.2587363826773,26.2468376102684],[-80.2586537115989,26.2467428037383],[-80.2584587115996,26.2465188042003],[-80.2583517120612,26.2464038051923],[-80.2583217115771,26.2463758039011],[-80.2582017123385,26.246262804086],[-80.2580637122699,26.2461288042018],[-80.2577727123402,26.2458838045948],[-80.257601711649,26.2457578041802],[-80.2574267116727,26.245634803904],[-80.2572757119039,26.2455388039735],[-80.2568787115826,26.2453268040896],[-80.2564797111691,26.2451448037905],[-80.2561729838955,26.2450215301204],[-80.2561610004292,26.2450130000508],[-80.2561254412355,26.2450055383758],[-80.2558517118864,26.2449178041143],[-80.2554417118649,26.2448078044375],[-80.2549017112443,26.244693803677],[-80.2534405458439,26.2444421014227],[-80.2534247609433,26.2444387892196],[-80.2534209999785,26.2444379996149],[-80.2532637795991,26.244411644083],[-80.2532599997485,26.2444110001684],[-80.2537479997697,26.2425149999681],[-80.254316999929,26.2403140000919],[-80.254489999813,26.2403509999995],[-80.2564389997594,26.2406680002289],[-80.2576829995701,26.2406840000674],[-80.258338000098,26.2406920004364],[-80.2598270004151,26.2407100003671],[-80.2612539996717,26.2407240001134],[-80.2619779997842,26.2407379998597],[-80.2638679997078,26.2407559997904],[-80.263859000192,26.2405900002292],[-80.268822999781,26.2406450000676],[-80.268822999781,26.2404940002987],[-80.2688330002421,26.2398379997248],[-80.2688449998961,26.2395699999564],[-80.2688769995732,26.2393169999804],[-80.268973000403,26.238976000443],[-80.269015999688,26.2388409996133],[-80.2699090003994,26.2368490003819],[-80.2700119997533,26.2368860002895],[-80.2707640002578,26.2347010002518],[-80.2704059999363,26.2328209998901],[-80.2699810001224,26.2314939998491],[-80.2698670002612,26.2305470002447],[-80.2698359997309,26.2296910003403],[-80.2816820001236,26.2296070000639],[-80.2817939998925,26.2296070000639],[-80.2817959999848,26.2296969997176],[-80.281798000077,26.2297870002707],[-80.2818050003998,26.2300790002465],[-80.2818050003998,26.2302320001076],[-80.2818060004459,26.2303340003147],[-80.2817719997773,26.2307400001517],[-80.2817050002849,26.2310399995972],[-80.2816030000777,26.2313589999188],[-80.2814809998476,26.23168599971],[-80.281312000148,26.2320019998933],[-80.2813009996408,26.2320189997779],[-80.2810269995957,26.2324879998222],[-80.2809800001262,26.2325560002601],[-80.2801250002679,26.2339919999317],[-80.2781469998835,26.2373029997345],[-80.2779279996768,26.2380859998699],[-80.2778070003921,26.2380730001697],[-80.277756999885,26.2384159997994],[-80.2777790000002,26.2388489999822],[-80.2778559999538,26.2392490004419],[-80.2779729999533,26.2395509999795],[-80.2780269997456,26.2396750003019],[-80.2780960002296,26.2398349995864],[-80.2782110001369,26.2397979996788],[-80.2792620000406,26.2420100000623],[-80.2792919996254,26.2420809997392],[-80.2793200000173,26.242148000131],[-80.2793250002479,26.2421589997389],[-80.2794190000861,26.2423979999686],[-80.2795139999705,26.2427089999213],[-80.2796269997855,26.2432759999883],[-80.2796659997854,26.2436130002406],[-80.2796819996239,26.2438209999401],[-80.2796930001312,26.2439480004008],[-80.2796980003617,26.2442920000766],[-80.2796849997623,26.2446019999832],[-80.2794590001321,26.2476110002484],[-80.2795259996245,26.2480820003849],[-80.2795459996475,26.2481790003615],[-80.2796069997625,26.2484700002911],[-80.2797439997851,26.2488869997361],[-80.2798369995772,26.2491110001734],[-80.2799389997843,26.2493430000803],[-80.2800549997378,26.2495610002408],[-80.2801729997835,26.2497649997558],[-80.2801790000602,26.2497740001709],[-80.2804900000128,26.2502590000537],[-80.2803859997135,26.250312999846],[-80.2783359996061,26.2509749997973],[-80.2740249995534,26.2509280003278],[-80.2708640003727,26.2506380004442],[-80.2698490003305,26.2502109996388],[-80.268428999598,26.2493399999419],[-80.2663049996754,26.2512909999805],[-80.2661760000217,26.2511820003499],[-80.265216999864,26.2526169999754],[-80.2646329999124,26.2524389998608],[-80.262623999897,26.2515019998183],[-80.2612399999254,26.2504509999146],[-80.2605559998589,26.2496919999867],[-80.2599669996766,26.2488829995517]]]]}},{"type":"Feature","id":"FL-12011-E010-2022","properties":{"state_po":"FL","county_fips":"12011","county_name":"Broward County","precinct_id":"E010","geometry_vintage":"2022"},"geometry":{"type":"MultiPolygon","coordinates":[[[[-80.2756230004005,26.2599930001777],[-80.2756229248574,26.2599977683832],[-80.275609999801,26.2608170004051],[-80.275610005197,26.2608217650133],[-80.2756107165607,26.2614888083627],[-80.2756107165607,26.2616568080161],[-80.2756087173677,26.2617828084307],[-80.2756077173216,26.2619618076922],[-80.2756375559278,26.2620729549038],[-80.2756477173676,26.2621108082681],[-80.2756657181977,26.262153807553],[-80.2757147177593,26.2622718075987],[-80.2757419177547,26.2623078569229],[-80.2757977179896,26.2623818081748],[-80.275846716652,26.2624378080592],[-80.2758677176204,26.2624618082667],[-80.2759457176201,26.2625368081281],[-80.2760787165589,26.2626318080124],[-80.2762247178958,26.2627068078738],[-80.2763287181951,26.2627458078736],[-80.2763847180796,26.2627588075738],[-80.2765917177329,26.2628088080809],[-80.2767377181705,26.2628458079885],[-80.2770169621624,26.2629335971087],[-80.2770367175698,26.2629398078267],[-80.2770711930804,26.2629538759215],[-80.2772512229649,26.2630273406401],[-80.277259717961,26.2630308084259],[-80.2773037190907,26.2630568078263],[-80.2773262848795,26.263069501757],[-80.2773517177069,26.2630838090714],[-80.2774627183291,26.2631488075723],[-80.2776117180058,26.263263808379],[-80.2776807175904,26.2633168090244],[-80.2777997176822,26.2634158090932],[-80.2783997183716,26.2640528087909],[-80.2786529998354,26.2643190000227],[-80.2790599997186,26.2640100001623],[-80.2790643335515,26.2640136172356],[-80.2795427189207,26.2644128083053],[-80.27957671869,26.2644808087432],[-80.2797427191505,26.2649788083262],[-80.2797837192426,26.2651018086025],[-80.279803072653,26.2652815228249],[-80.2798047193117,26.2652968086017],[-80.279818719058,26.2655448083471],[-80.2798217191963,26.2659098089913],[-80.2798127187813,26.2661188087369],[-80.2797957188966,26.2662308094052],[-80.2797527187124,26.2664008091509],[-80.2796467192201,26.2666598094036],[-80.2796057182287,26.2667368093572],[-80.2794917192668,26.2669548086184],[-80.2793787185524,26.2670958088254],[-80.2792537190832,26.2672178099548],[-80.2792167182762,26.2672548098624],[-80.2790927188532,26.267362809447],[-80.2789747188075,26.2674448087318],[-80.2788477183469,26.2675348092849],[-80.2784797175643,26.2677618098605],[-80.27835071881,26.2678578097909],[-80.2782550561253,26.2679025438682],[-80.2778455012682,26.2682186996341],[-80.2777947183509,26.2682648096741],[-80.277781328345,26.268293346062],[-80.2776117189051,26.2686548096726],[-80.2775227183981,26.2689248104325],[-80.2774870000244,26.2692129999808],[-80.2774920299326,26.2691972843281],[-80.2774897177756,26.2692178095551],[-80.2775477177523,26.2726608100492],[-80.2775450000011,26.272660775875],[-80.2775450000011,26.2728060001976],[-80.2744789998054,26.2727539995983],[-80.2725530000203,26.2727339995753],[-80.2710689999337,26.2727260001057],[-80.2663479998596,26.2726619998523],[-80.2661919998603,26.27265999976],[-80.2661889997219,26.2725209996453],[-80.2661650004138,26.2712969998576],[-80.2661129998144,26.2671330002886],[-80.2660969999759,26.2658199999939],[-80.2662829995601,26.2658420001091],[-80.2662289997679,26.2618880003319],[-80.2660420001375,26.258962000297],[-80.2660210000685,26.2588630002281],[-80.265885000092,26.2582069996542],[-80.265429999794,26.2560099999624],[-80.2653020001865,26.2560289999392],[-80.2649659999802,26.2543879998072],[-80.265216999864,26.2526169999754],[-80.2661760000217,26.2511820003499],[-80.2663049996754,26.2512909999805],[-80.268428999598,26.2493399999419],[-80.2698490003305,26.2502109996388],[-80.2708640003727,26.2506380004442],[-80.2740249995534,26.2509280003278],[-80.2783359996061,26.2509749997973],[-80.2803859997135,26.250312999846],[-80.2804900000128,26.2502590000537],[-80.2814270000554,26.251731999633],[-80.2818060004459,26.2525369998835],[-80.2821019997069,26.2535220003409],[-80.2822330003521,26.2550349999661],[-80.2821100000758,26.2550349999661],[-80.2821280000065,26.2568829997515],[-80.2822359995911,26.2568829997515],[-80.2822599997985,26.2584219996764],[-80.2821439998451,26.2584190004374],[-80.2821379995683,26.2590439995818],[-80.2821399996606,26.259155000204],[-80.2802149999217,26.2591380003193],[-80.2756360001007,26.2590899999045],[-80.2756359308528,26.2590947762038],[-80.2756230004005,26.2599930001777]]]]}},{"type":"Feature","id":"FL-12011-E011-2022","properties":{"state_po":"FL","county_fips":"12011","county_name":"Broward County","precinct_id":"E011","geometry_vintage":"2022"},"geometry":{"type":"MultiPolygon","coordinates":[[[[-80.2977659999003,26.2730750000121],[-80.2977880000155,26.2873540001878],[-80.2973090004094,26.287355000234],[-80.2969950003184,26.2873510000495],[-80.2940549996379,26.2873819996804],[-80.2922859998983,26.2873659998419],[-80.2892310002098,26.2873599995652],[-80.2870480002643,26.2873449997728],[-80.2864149998517,26.2873679999341],[-80.2826279996818,26.2874859999798],[-80.28250899959,26.2874849999337],[-80.2783809998826,26.2874350003259],[-80.2743849999671,26.2873819996804],[-80.2729789998803,26.2873689999802],[-80.2665540003662,26.287275000142],[-80.266350999998,26.2872709999576],[-80.2663499999519,26.2871360000273],[-80.2663279998367,26.2849140000819],[-80.2665259999742,26.284915000128],[-80.2665140003202,26.2839990001546],[-80.2665019997668,26.283162000227],[-80.2664890000667,26.2812890001881],[-80.26648299979,26.2808410002129],[-80.26626999986,26.2808410002129],[-80.266249999837,26.2777380001095],[-80.2661919998603,26.27265999976],[-80.2663479998596,26.2726619998523],[-80.2710689999337,26.2727260001057],[-80.2725530000203,26.2727339995753],[-80.2744789998054,26.2727539995983],[-80.2775450000011,26.2728060001976],[-80.2781059997914,26.272811999575],[-80.2801929998065,26.2728300004051],[-80.2823369997521,26.2728539997132],[-80.2824880004202,26.2728559998054],[-80.2847539996966,26.2728939997592],[-80.2864640003127,26.2729109996438],[-80.2898859998384,26.2729650003354],[-80.2918779999691,26.2729970000124],[-80.2920079996688,26.2729980000585],[-80.2961890000217,26.2730519998508],[-80.2964700003895,26.2730570000813],[-80.2968069997426,26.2730620003119],[-80.2972779998792,26.2730709998277],[-80.2977659999003,26.2730750000121]]]]}},{"type":"Feature","id":"FL-12011-E012-2022","properties":{"state_po":"FL","county_fips":"12011","county_name":"Broward County","precinct_id":"E012","geometry_vintage":"2022"},"geometry":{"type":"MultiPolygon","coordinates":[[[[-80.2824969999359,26.2891379997198],[-80.2824952840295,26.2891427661266],[-80.2824997203851,26.2891428137907],[-80.282478720316,26.2893468151043],[-80.282305720432,26.2900098151018],[-80.2821027200638,26.2905028153535],[-80.2818847208026,26.2908508152138],[-80.2816817204344,26.2912048162502],[-80.2811687201597,26.2918018150027],[-80.2808557201147,26.2921678147937],[-80.2808517675944,26.2921647768838],[-80.2808254480353,26.2922027318714],[-80.2806667203922,26.2923858158536],[-80.2802727202092,26.2928468146297],[-80.2799977192187,26.2932258159195],[-80.2796857192199,26.293767815733],[-80.2796047370683,26.2939630738377],[-80.2795957195661,26.2939848158475],[-80.2794477199357,26.2943408160767],[-80.2792737191062,26.2952548159579],[-80.2792256638327,26.2954901946177],[-80.2793159998329,26.2954949996953],[-80.2792959998099,26.2956109996488],[-80.2789300000188,26.2972539998731],[-80.2790599997186,26.2972699997116],[-80.2790379996034,26.2974000003106],[-80.2789099999958,26.297385999665],[-80.2787669996966,26.2991419997044],[-80.2788239996272,26.2991419997044],[-80.2788849997423,26.2991439997966],[-80.2788750001804,26.2992690001651],[-80.2788200003421,26.2992680001189],[-80.2787659996505,26.2992680001189],[-80.2786879996508,26.3020820003849],[-80.2747190000811,26.3020350000161],[-80.2668010000655,26.3019279995784],[-80.2666700003196,26.3019260003855],[-80.2506829996201,26.3016969997176],[-80.2504699996901,26.3016949996254],[-80.2504909997592,26.3008320002975],[-80.2503450002209,26.2983330001687],[-80.2503149997368,26.2982160001691],[-80.2489570000648,26.2948470003896],[-80.2487579998811,26.2936550002789],[-80.2487549997428,26.2935360001871],[-80.2487529996505,26.2934590002335],[-80.2489390001341,26.2923120003993],[-80.249678000039,26.2905629997835],[-80.2497010002003,26.2905089999912],[-80.250235999691,26.2887350000211],[-80.2502640000829,26.287032999774],[-80.2503739997596,26.2870339998201],[-80.2528469995887,26.2870709997277],[-80.256565000174,26.2871259995661],[-80.2605929997664,26.2871889997734],[-80.266350999998,26.2872709999576],[-80.2665540003662,26.287275000142],[-80.2729789998803,26.2873689999802],[-80.2743849999671,26.2873819996804],[-80.2783809998826,26.2874350003259],[-80.28250899959,26.2874849999337],[-80.2825089654158,26.287489784327],[-80.2824969999359,26.2891379997198]]]]}},{"type":"Feature","id":"FL-12011-E013-2022","properties":{"state_po":"FL","county_fips":"12011","county_name":"Broward County","precinct_id":"E013","geometry_vintage":"2022"},"geometry":{"type":"MultiPolygon","coordinates":[[[[-80.2972379998332,26.2933440003262],[-80.2976679998777,26.293342000234],[-80.2977799996466,26.2878600001397],[-80.2977880000155,26.2873540001878],[-80.2978710002458,26.2873580003723],[-80.2975709999011,26.3108570003512],[-80.2974709997861,26.33435600033],[-80.2969859999033,26.33435600033],[-80.2970789996954,26.3155039997107],[-80.297103999949,26.3112719997039],[-80.2973709996712,26.3108570003512],[-80.2970900002027,26.3106940000289],[-80.2970880001105,26.3110670001428],[-80.2966349999047,26.3110439999815],[-80.296658000066,26.3107790003514],[-80.2962239998371,26.3107770002592],[-80.295989999838,26.3107760002131],[-80.2931569995952,26.3110619999122],[-80.292899000288,26.3107780003053],[-80.2928259996195,26.3107899999594],[-80.2900569996302,26.3110140003966],[-80.2897459996775,26.3110110002583],[-80.2891960003944,26.3110060000277],[-80.288352000144,26.3109979996588],[-80.2877019998468,26.3109920002815],[-80.2874859997784,26.3109900001892],[-80.2804590003819,26.3109379995899],[-80.2798229998309,26.3108229996826],[-80.2794119997633,26.3107479998212],[-80.2791460000872,26.3107499999134],[-80.2788980003418,26.3107520000057],[-80.2787689997888,26.3107530000518],[-80.2785270003201,26.310745999729],[-80.2749720000571,26.3107200003286],[-80.274798000127,26.30978200024],[-80.2747840003806,26.3084459997839],[-80.2747590001271,26.3063389997459],[-80.2747600001732,26.3062320002075],[-80.274758000081,26.3060489998624],[-80.2747269995508,26.3030059998279],[-80.2747260004039,26.3028899998745],[-80.2747250003578,26.3023920002914],[-80.2747190000811,26.3020350000161],[-80.2786879996508,26.3020820003849],[-80.2786907192007,26.3020820156734],[-80.2788570002497,26.302083000431],[-80.2788600111799,26.3020830391018],[-80.2788597197996,26.3020878180992],[-80.2789361172074,26.302084011269],[-80.2791607192911,26.3020728183068],[-80.2800077196799,26.3020818178225],[-80.28029072014,26.3020848179608],[-80.2815567200659,26.302097817661],[-80.2815797202272,26.3020988177071],[-80.2852097851028,26.3021641723395],[-80.2874659997555,26.3021930001078],[-80.2874687480836,26.3021928652095],[-80.2874687220033,26.3021978177759],[-80.287555722418,26.302198817822],[-80.287788722371,26.3022018179604],[-80.287828722417,26.3022018179604],[-80.2879507226471,26.3022028180065],[-80.2879917218398,26.3022038180526],[-80.288407722138,26.3022088182832],[-80.2885497232904,26.3022058172455],[-80.2888857225973,26.302198817822],[-80.2894107234255,26.3021548175917],[-80.2899897231465,26.3020738183529],[-80.2902147227306,26.3020268179841],[-80.2905987233518,26.3019478179383],[-80.2907607227285,26.301904817754],[-80.2911017231654,26.3018138180541],[-80.2915417227716,26.3016678176166],[-80.2919717228161,26.3015018180553],[-80.292137724176,26.3014288173869],[-80.2923427228378,26.3013398177793],[-80.2927137228594,26.3011498180106],[-80.2930407235499,26.3009658167199],[-80.2932177227191,26.3008588180809],[-80.293596724009,26.3006028179665],[-80.2939607237078,26.3003338172527],[-80.2941837240989,26.3001548179913],[-80.2945197243052,26.2998578168856],[-80.2947237238201,26.2996608167941],[-80.2950017240497,26.2993688168183],[-80.2951797241643,26.2991658173495],[-80.2954067238406,26.2988848169816],[-80.2955197236557,26.2987298170283],[-80.2956187237245,26.2985968171902],[-80.2958167238621,26.2982998169838],[-80.2960387251064,26.29792681687],[-80.2962207236069,26.2975778169636],[-80.2962657238834,26.2974798169409],[-80.2963527251974,26.297293815558],[-80.2964857250356,26.2969668157668],[-80.2966027250351,26.2966378158833],[-80.2966927237895,26.2963408156769],[-80.2967787250574,26.2960028162778],[-80.2968477237428,26.295661815841],[-80.296895725057,26.2953578162111],[-80.2969337250107,26.2950128155898],[-80.2969517249415,26.2947028156832],[-80.2969597253104,26.2933408149275],[-80.2969597549881,26.2933360781983],[-80.2972379998332,26.2933440003262]]]]}},{"type":"Feature","id":"FL-12011-E014-2022","properties":{"state_po":"FL","county_fips":"12011","county_name":"Broward County","precinct_id":"E014","geometry_vintage":"2022"},"geometry":{"type":"MultiPolygon","coordinates":[[[[-80.2972379998332,26.2933440003262],[-80.2969597549881,26.2933360781983],[-80.2969597253104,26.2933408149275],[-80.2969517249415,26.2947028156832],[-80.2969337250107,26.2950128155898],[-80.296895725057,26.2953578162111],[-80.2968477237428,26.295661815841],[-80.2967787250574,26.2960028162778],[-80.2966927237895,26.2963408156769],[-80.2966027250351,26.2966378158833],[-80.2964857250356,26.2969668157668],[-80.2963527251974,26.297293815558],[-80.2962657238834,26.2974798169409],[-80.2962207236069,26.2975778169636],[-80.2960387251064,26.29792681687],[-80.2958167238621,26.2982998169838],[-80.2956187237245,26.2985968171902],[-80.2955197236557,26.2987298170283],[-80.2954067238406,26.2988848169816],[-80.2951797241643,26.2991658173495],[-80.2950017240497,26.2993688168183],[-80.2947237238201,26.2996608167941],[-80.2945197243052,26.2998578168856],[-80.2941837240989,26.3001548179913],[-80.2939607237078,26.3003338172527],[-80.293596724009,26.3006028179665],[-80.2932177227191,26.3008588180809],[-80.2930407235499,26.3009658167199],[-80.2927137228594,26.3011498180106],[-80.2923427228378,26.3013398177793],[-80.292137724176,26.3014288173869],[-80.2919717228161,26.3015018180553],[-80.2915417227716,26.3016678176166],[-80.2911017231654,26.3018138180541],[-80.2907607227285,26.301904817754],[-80.2905987233518,26.3019478179383],[-80.2902147227306,26.3020268179841],[-80.2899897231465,26.3020738183529],[-80.2894107234255,26.3021548175917],[-80.2888857225973,26.302198817822],[-80.2885497232904,26.3022058172455],[-80.288407722138,26.3022088182832],[-80.2879917218398,26.3022038180526],[-80.2879507226471,26.3022028180065],[-80.287828722417,26.3022018179604],[-80.287788722371,26.3022018179604],[-80.287555722418,26.302198817822],[-80.2874687220033,26.3021978177759],[-80.2869817220282,26.3021918183986],[-80.2868567216597,26.3021908183525],[-80.2866237217067,26.3021888182602],[-80.2863617222151,26.3021858172226],[-80.2853567217347,26.3021668172457],[-80.2852097860022,26.3021641723395],[-80.2815797202272,26.3020988177071],[-80.2815567200659,26.302097817661],[-80.28029072014,26.3020848179608],[-80.2800077196799,26.3020818178225],[-80.2791607192911,26.3020728183068],[-80.278936116308,26.302084011269],[-80.2788597197996,26.3020878180992],[-80.2788600111799,26.3020830391018],[-80.2788570002497,26.302083000431],[-80.2786907192007,26.3020820156734],[-80.2786879996508,26.3020820003849],[-80.2787659996505,26.2992680001189],[-80.2788200003421,26.2992680001189],[-80.2788750001804,26.2992690001651],[-80.2788849997423,26.2991439997966],[-80.2788239996272,26.2991419997044],[-80.2787669996966,26.2991419997044],[-80.2789099999958,26.297385999665],[-80.2790379996034,26.2974000003106],[-80.2790599997186,26.2972699997116],[-80.2789300000188,26.2972539998731],[-80.2792959998099,26.2956109996488],[-80.2793159998329,26.2954949996953],[-80.2792219999946,26.2954900003641],[-80.2792709995563,26.2952500000883],[-80.2794450003858,26.2943360002071],[-80.2795916591271,26.2939832267454],[-80.2795930000163,26.2939799999779],[-80.2796047370683,26.2939630738377],[-80.2796857192199,26.293767815733],[-80.2799977192187,26.2932258159195],[-80.2802727202092,26.2928468146297],[-80.2806667203922,26.2923858158536],[-80.2808254480353,26.2922027318714],[-80.2808517675944,26.2921647768838],[-80.2808557201147,26.2921678147937],[-80.2811687201597,26.2918018150027],[-80.2816817204344,26.2912048162502],[-80.2818847208026,26.2908508152138],[-80.2821027200638,26.2905028153535],[-80.282305720432,26.2900098151018],[-80.282478720316,26.2893468151043],[-80.2824997203851,26.2891428137907],[-80.2824952840295,26.2891427661266],[-80.2824969999359,26.2891379997198],[-80.2825089654158,26.287489784327],[-80.28250899959,26.2874849999337],[-80.2826279996818,26.2874859999798],[-80.2864149998517,26.2873679999341],[-80.2870480002643,26.2873449997728],[-80.2892310002098,26.2873599995652],[-80.2922859998983,26.2873659998419],[-80.2940549996379,26.2873819996804],[-80.2969950003184,26.2873510000495],[-80.2973090004094,26.287355000234],[-80.2977880000155,26.2873540001878],[-80.2977799996466,26.2878600001397],[-80.2976679998777,26.293342000234],[-80.2972379998332,26.2933440003262]]]]}},{"type":"Feature","id":"FL-12011-E015-2022","properties":{"state_po":"FL","county_fips":"12011","county_name":"Broward County","precinct_id":"E015","geometry_vintage":"2022"},"geometry":{"type":"MultiPolygon","coordinates":[[[[-80.2783997183716,26.2640528087909],[-80.2777997176822,26.2634158090932],[-80.2776807175904,26.2633168090244],[-80.2776117180058,26.263263808379],[-80.2774627183291,26.2631488075723],[-80.2773517177069,26.2630838090714],[-80.2773262848795,26.263069501757],[-80.2773037190907,26.2630568078263],[-80.277259717961,26.2630308084259],[-80.2772512229649,26.2630273406401],[-80.2770711930804,26.2629538759215],[-80.2770367175698,26.2629398078267],[-80.2770169621624,26.2629335971087],[-80.2767377181705,26.2628458079885],[-80.2765917177329,26.2628088080809],[-80.2763847180796,26.2627588075738],[-80.2763287181951,26.2627458078736],[-80.2762247178958,26.2627068078738],[-80.2760787165589,26.2626318080124],[-80.2759457176201,26.2625368081281],[-80.2758677176204,26.2624618082667],[-80.275846716652,26.2624378080592],[-80.2757977179896,26.2623818081748],[-80.2757419168553,26.2623078551243],[-80.2757147177593,26.2622718075987],[-80.2756657181977,26.262153807553],[-80.2756477173676,26.2621108082681],[-80.2756375550285,26.2620729549038],[-80.2756077173216,26.2619618076922],[-80.2756087173677,26.2617828084307],[-80.2756107165607,26.2616568080161],[-80.2756107165607,26.2614888083627],[-80.275610005197,26.2608217650133],[-80.275609999801,26.2608170004051],[-80.2756229248574,26.2599977683832],[-80.2756230004005,26.2599930001777],[-80.2756359308528,26.2590947762038],[-80.2756360001007,26.2590899999045],[-80.2802149999217,26.2591380003193],[-80.2821399996606,26.259155000204],[-80.2821379995683,26.2590439995818],[-80.2821439998451,26.2584190004374],[-80.2822599997985,26.2584219996764],[-80.2876459999623,26.2584190004374],[-80.2969239997422,26.2585949995604],[-80.2973529997405,26.2585940004137],[-80.2978619998308,26.2586019998832],[-80.2977659999003,26.2730750000121],[-80.2972779998792,26.2730709998277],[-80.2968069997426,26.2730620003119],[-80.2964700003895,26.2730570000813],[-80.2961890000217,26.2730519998508],[-80.2920079996688,26.2729980000585],[-80.2918779999691,26.2729970000124],[-80.2898859998384,26.2729650003354],[-80.2864640003127,26.2729109996438],[-80.2847539996966,26.2728939997592],[-80.2824880004202,26.2728559998054],[-80.2823369997521,26.2728539997132],[-80.2801929998065,26.2728300004051],[-80.2781059997914,26.272811999575],[-80.2775450000011,26.2728060001976],[-80.2775450000011,26.2726559995756],[-80.2774870000244,26.2692129999808],[-80.2775227183981,26.2689248104325],[-80.2776117189051,26.2686548096726],[-80.2777919997004,26.2682600000998],[-80.2779577177738,26.2681168091443],[-80.278068718396,26.268030809675],[-80.2782117186952,26.2679228091912],[-80.2782550561253,26.2679025438682],[-80.27835071881,26.2678578097909],[-80.2784797175643,26.2677618098605],[-80.2788477183469,26.2675348092849],[-80.2789747188075,26.2674448087318],[-80.2790927188532,26.267362809447],[-80.2792167182762,26.2672548098624],[-80.2792537190832,26.2672178099548],[-80.2793787185524,26.2670958088254],[-80.2794889997169,26.2669499999434],[-80.2796057182287,26.2667368093572],[-80.2796467192201,26.2666598094036],[-80.2797527187124,26.2664008091509],[-80.2798100001308,26.2661140000619],[-80.2798217191963,26.2659098089913],[-80.279818719058,26.2655448083471],[-80.279803072653,26.2652815228249],[-80.2797837192426,26.2651018086025],[-80.27957671869,26.2644808087432],[-80.2795427189207,26.2644128083053],[-80.2790599997186,26.2640100001623],[-80.2786529998354,26.2643190000227],[-80.2783997183716,26.2640528087909]]]]}},{"type":"Feature","id":"FL-12011-E016-2022","properties":{"state_po":"FL","county_fips":"12011","county_name":"Broward County","precinct_id":"E016","geometry_vintage":"2022"},"geometry":{"type":"MultiPolygon","coordinates":[[[[-80.2804900000128,26.2502590000537],[-80.2801790000602,26.2497740001709],[-80.2801729997835,26.2497649997558],[-80.2800549997378,26.2495610002408],[-80.2799389997843,26.2493430000803],[-80.2798369995772,26.2491110001734],[-80.2797439997851,26.2488869997361],[-80.2796069997625,26.2484700002911],[-80.2795459996475,26.2481790003615],[-80.2795259996245,26.2480820003849],[-80.2794590001321,26.2476110002484],[-80.2796849997623,26.2446019999832],[-80.2796980003617,26.2442920000766],[-80.2796930001312,26.2439480004008],[-80.2796819996239,26.2438209999401],[-80.2796659997854,26.2436130002406],[-80.2796269997855,26.2432759999883],[-80.2795139999705,26.2427089999213],[-80.2794190000861,26.2423979999686],[-80.2793250002479,26.2421589997389],[-80.2793200000173,26.242148000131],[-80.2792919996254,26.2420809997392],[-80.2792620000406,26.2420100000623],[-80.2782110001369,26.2397979996788],[-80.2780960002296,26.2398349995864],[-80.2780269997456,26.2396750003019],[-80.2779729999533,26.2395509999795],[-80.2778559999538,26.2392490004419],[-80.2777790000002,26.2388489999822],[-80.277756999885,26.2384159997994],[-80.2778070003921,26.2380730001697],[-80.2779279996768,26.2380859998699],[-80.2781469998835,26.2373029997345],[-80.2801250002679,26.2339919999317],[-80.2809800001262,26.2325560002601],[-80.2810269995957,26.2324879998222],[-80.2813009996408,26.2320189997779],[-80.281312000148,26.2320019998933],[-80.2814809998476,26.23168599971],[-80.2816030000777,26.2313589999188],[-80.2817050002849,26.2310399995972],[-80.2817719997773,26.2307400001517],[-80.2818060004459,26.2303340003147],[-80.2818050003998,26.2302320001076],[-80.2818050003998,26.2300790002465],[-80.281798000077,26.2297870002707],[-80.2817959999848,26.2296969997176],[-80.2817939998925,26.2296070000639],[-80.2931330002871,26.2294590004334],[-80.2947890002115,26.2294520001106],[-80.2959289997229,26.229456000295],[-80.2962789996755,26.2294879999721],[-80.2974810002473,26.2294500000183],[-80.2981640002677,26.2294399995572],[-80.2980209999685,26.2406050000216],[-80.2979280001764,26.2583800004376],[-80.2978619998308,26.2586019998832],[-80.2973529997405,26.2585940004137],[-80.2969239997422,26.2585949995604],[-80.2876459999623,26.2584190004374],[-80.2822599997985,26.2584219996764],[-80.2822359995911,26.2568829997515],[-80.2821280000065,26.2568829997515],[-80.2821100000758,26.2550349999661],[-80.2822330003521,26.2550349999661],[-80.2821019997069,26.2535220003409],[-80.2818060004459,26.2525369998835],[-80.2814270000554,26.251731999633],[-80.2804900000128,26.2502590000537]]]]}},{"type":"Feature","id":"FL-12011-F001-2022","properties":{"state_po":"FL","county_fips":"12011","county_name":"Broward County","precinct_id":"F001","geometry_vintage":"2022"},"geometry":{"type":"MultiPolygon","coordinates":[[[[-80.190675999597,26.3213100003571],[-80.1904960002895,26.3213100003571],[-80.1896016937625,26.3213138251738],[-80.1896050527304,26.3216564785645],[-80.1896086940853,26.3220278248251],[-80.1886632143352,26.3220227499508],[-80.1886600001582,26.3220240000085],[-80.18866999972,26.3231780001654],[-80.1896180002698,26.3231790002115],[-80.1896140000854,26.3227690001901],[-80.19037900029,26.3227700002362],[-80.1903719999672,26.3228260001207],[-80.1903659996905,26.3228830000513],[-80.1903610003593,26.3229359997974],[-80.1903600003131,26.3229969999125],[-80.190359000267,26.3230450003274],[-80.1903529999903,26.3231030003041],[-80.1903459996675,26.3231800002577],[-80.1904520000591,26.3231800002577],[-80.1900700004295,26.324745999629],[-80.1901050002449,26.3277919998018],[-80.1865940002123,26.3277879996174],[-80.1865590003969,26.3277879996174],[-80.1864540000514,26.3277879996174],[-80.1855659995705,26.3277869995712],[-80.177525000178,26.3277670004476],[-80.1703320003209,26.32778200024],[-80.1703249999981,26.3274779997108],[-80.1702300001137,26.3274969996876],[-80.1701259998144,26.3177810003937],[-80.1699960001147,26.3177820004398],[-80.1699879997457,26.3176089996565],[-80.1696009998856,26.3091639996198],[-80.1694469999784,26.3055189997029],[-80.1694389996095,26.3053320000726],[-80.1694259999093,26.3051600002347],[-80.169613000439,26.3051509998197],[-80.169969999815,26.3051329998889],[-80.1772710001559,26.3048729995901],[-80.1771590003869,26.3051319998428],[-80.1770820004333,26.3053079998652],[-80.1768070003421,26.3057680003938],[-80.1767389999043,26.3062130002306],[-80.176685000112,26.3066679996293],[-80.1764999996746,26.3071060000427],[-80.1763889999517,26.3073709996728],[-80.1765649999741,26.3077340002248],[-80.1766450000661,26.3078979996938],[-80.1770469997186,26.3090250004043],[-80.1770879998107,26.311889000278],[-80.1770230004105,26.3125540003677],[-80.1771210004331,26.3130960001811],[-80.1771269998105,26.3139829997165],[-80.1771360002256,26.3141839999925],[-80.1771459997874,26.3144040002453],[-80.1771799995567,26.3145750000371],[-80.1771960002945,26.3146899999444],[-80.1772019996719,26.3147829997365],[-80.1772150002714,26.3149850000586],[-80.1772019996719,26.3174480003258],[-80.1772120001331,26.3176309997717],[-80.1837519995545,26.3176260004404],[-80.1863909998441,26.3176309997717],[-80.1865639997282,26.3176319998178],[-80.1904669998515,26.3176240003482],[-80.1906559995741,26.3176240003482],[-80.1946520003888,26.3176180000715],[-80.1967180003348,26.3176210002098],[-80.2024460000822,26.3176089996565],[-80.2026759998968,26.3176089996565],[-80.2027960000347,26.3176079996103],[-80.2029520000341,26.3231679997043],[-80.2030259998493,26.3261749998772],[-80.2030639998031,26.3278250004243],[-80.2029370002417,26.3278299997556],[-80.2027289996429,26.3278370000784],[-80.2024779997593,26.3278420003089],[-80.2024270001053,26.3261810001539],[-80.2021920000601,26.3261879995774],[-80.201178000064,26.3261879995774],[-80.2011650003638,26.325018999628],[-80.1946929995816,26.3250229998125],[-80.1926400002351,26.3250239998586],[-80.1926400002351,26.3244440000914],[-80.1929696952946,26.3244418246314],[-80.1930466952481,26.3244498258996],[-80.1931006950404,26.3244718260148],[-80.1930996949943,26.3240048260627],[-80.1931681316033,26.323999118965],[-80.1931620000256,26.3231810003038],[-80.1936479999546,26.3231519998658],[-80.1936619997009,26.3246580000675],[-80.1947110004117,26.3246580000675],[-80.1947009999506,26.323142000304],[-80.194705000135,26.3220339995703],[-80.1936360003005,26.3220330004235],[-80.1936360003005,26.3219419998243],[-80.1934950000935,26.3219419998243],[-80.1934889998169,26.3215869996412],[-80.1944589995825,26.3215669996182],[-80.1946830000198,26.3215630003331],[-80.1946640000429,26.3213129995961],[-80.190675999597,26.3213100003571]],[[-80.1828819999037,26.3209540001279],[-80.1833970002707,26.3209499999434],[-80.1834009995558,26.3212769997346],[-80.1834039996942,26.3216709999176],[-80.183229999764,26.3216719999637],[-80.1828890002265,26.3216719999637],[-80.1829149996269,26.3231849995889],[-80.1843789996904,26.3231719998888],[-80.1843910002438,26.3194259998109],[-80.1828789997654,26.3194320000876],[-80.1826960003195,26.3194279999032],[-80.1823600001132,26.3194209995803],[-80.1823679995829,26.3202110000385],[-80.1828740004341,26.3202130001307],[-80.1828819999037,26.3209540001279]],[[-80.1803940002822,26.3231729999349],[-80.1793919999402,26.3231699997965],[-80.1794059996865,26.3250280000431],[-80.1804140003052,26.3250300001352],[-80.1803940002822,26.3231729999349]],[[-80.1787669998965,26.3213120004493],[-80.1772819997638,26.3213169997806],[-80.1773550004323,26.323163000373],[-80.1785030003126,26.3231780001654],[-80.1784756906,26.3221978245708],[-80.1786683002013,26.3220096324395],[-80.1787702365565,26.3219100316235],[-80.1787669998965,26.3213120004493]],[[-80.1824109997672,26.3231810003038],[-80.1823889996519,26.3213040000804],[-80.181385000117,26.321319999919],[-80.1814070002322,26.3231729999349],[-80.1824109997672,26.3231810003038]],[[-80.1864299998439,26.3231640004192],[-80.184473000428,26.323163000373],[-80.1844589997824,26.3243239999535],[-80.1846339997586,26.3243229999074],[-80.1854450002859,26.3243219998613],[-80.1854499996171,26.3246250003444],[-80.1854499996171,26.3247729999749],[-80.1854509996633,26.3248740001359],[-80.1854519997094,26.3250259999508],[-80.1854559998938,26.3251179996968],[-80.1866009996357,26.3251359996275],[-80.1865980003968,26.3249629997435],[-80.1865390003739,26.3246060003675],[-80.1864299998439,26.3231640004192]],[[-80.1885470003431,26.3231780001654],[-80.1885290004124,26.3223089996615],[-80.1876520004388,26.3222990000996],[-80.1876630000468,26.323173999981],[-80.1885470003431,26.3231780001654]],[[-80.1809669997266,26.3194970003871],[-80.1809689998188,26.3194089999263],[-80.1809329999573,26.3194079998802],[-80.1808719998423,26.3194079998802],[-80.1807919997503,26.319406999834],[-80.18055300042,26.3194059997879],[-80.1804740003741,26.3194059997879],[-80.1802210003982,26.3194039996957],[-80.1802059997065,26.3194029996496],[-80.1802029995681,26.3194439997417],[-80.1803619997058,26.3194219996265],[-80.1803669999364,26.3200980002234],[-80.1804769996132,26.3201010003618],[-80.1809669997266,26.3201020004079],[-80.1809669997266,26.3197159996945],[-80.1809669997266,26.3195379995799],[-80.1809669997266,26.3194970003871]]]]}},{"type":"Feature","id":"FL-12011-F002-2022","properties":{"state_po":"FL","county_fips":"12011","county_name":"Broward County","precinct_id":"F002","geometry_vintage":"2022"},"geometry":{"type":"MultiPolygon","coordinates":[[[[-80.1718900838596,26.277187952263],[-80.1719516883191,26.2773688140204],[-80.1719796869124,26.2774748153113],[-80.1720006878808,26.2776398139271],[-80.1719906883189,26.2778188140879],[-80.1719576867972,26.2779608152403],[-80.1714874843593,26.2792541068924],[-80.1714526868913,26.2793498136439],[-80.1714494223523,26.2794494414395],[-80.1714460004319,26.279466999803],[-80.1714460966594,26.2794717734045],[-80.1714559999937,26.2799620001471],[-80.1714588652338,26.2799763047635],[-80.1714686867298,26.2805018146079],[-80.1714946879288,26.2805548152534],[-80.1715386881593,26.2805948152994],[-80.17159068696,26.2806258149303],[-80.1716736880896,26.2806408147227],[-80.1718056878815,26.2806348153453],[-80.1718536882964,26.2806328152531],[-80.1730956880149,26.2806098150918],[-80.1741486880109,26.2805968153916],[-80.1746256893234,26.280591815161],[-80.1746356457178,26.2805927495566],[-80.1748066877778,26.2806088150456],[-80.1749746892299,26.2806408147227],[-80.1752426889983,26.2807218148607],[-80.1754046892743,26.2808078152294],[-80.1755476886742,26.2809108145833],[-80.1756206893427,26.280985815344],[-80.1757023405899,26.2810777908083],[-80.1757049998852,26.2810790003964],[-80.1757050619384,26.2810808556978],[-80.1757076888581,26.2810838153667],[-80.1757966893651,26.2812348151355],[-80.1758486890651,26.2813688150197],[-80.1758886891111,26.2815658151112],[-80.1758956894338,26.2817208150644],[-80.1758866890189,26.2818508147641],[-80.1758526892496,26.282010814948],[-80.1757916891345,26.2821728161234],[-80.1757445475722,26.2822593488907],[-80.1757186893653,26.2823068151083],[-80.1756496888814,26.2824518146004],[-80.1756246886278,26.2825058161914],[-80.1755496887665,26.2826828162599],[-80.1755276886512,26.2828118150141],[-80.1755366890663,26.2829588145985],[-80.1755606892737,26.2830518161892],[-80.1756046886048,26.2831648160043],[-80.1756506889275,26.2832318145975],[-80.1757856888578,26.2834118148043],[-80.175792500323,26.2834055717107],[-80.1758336892727,26.2833678145739],[-80.1759036889035,26.2833388159345],[-80.1759456890417,26.2833248161882],[-80.1760046890645,26.2833058162113],[-80.1761356888103,26.28328281605],[-80.1762916888097,26.2832698154505],[-80.1764976902156,26.2832728146895],[-80.176653316097,26.2832761619662],[-80.1766809999276,26.2832719999038],[-80.1766660001351,26.2858659999168],[-80.1834590004319,26.2858750003319],[-80.1855859995936,26.2858540002627],[-80.1862870004441,26.2856810003788],[-80.1862909997292,26.2858740002857],[-80.1862800001213,26.2879030003241],[-80.1864449996364,26.2878850003933],[-80.1864150000516,26.2896479998562],[-80.1862929998214,26.289655000179],[-80.1863580001209,26.296068000039],[-80.1865710000509,26.296068000039],[-80.1866209996588,26.3009009998821],[-80.1863020002365,26.3010379999046],[-80.1838319996464,26.3023510001994],[-80.1795469998935,26.3043560000302],[-80.1772710001559,26.3048729995901],[-80.169969999815,26.3051329998889],[-80.1698070003921,26.3016609998561],[-80.1695629999318,26.2890750004118],[-80.1695629999318,26.2888859997899],[-80.1694599996786,26.281946999955],[-80.1693350002095,26.2745460003985],[-80.1693350002095,26.274219999754],[-80.1742850000521,26.2741350003309],[-80.1742882277189,26.2741349265864],[-80.1742876881257,26.2741398144018],[-80.1742806878028,26.2743338143549],[-80.174281687849,26.274573812832],[-80.174250688218,26.2747128129468],[-80.1742376894172,26.2747448144225],[-80.1742146892558,26.2748078128312],[-80.1741336882185,26.274953814168],[-80.1740446877115,26.2750478131069],[-80.1739606892338,26.2751268140521],[-80.1738316877815,26.275206814144],[-80.1730436883149,26.2755928139581],[-80.1727526883852,26.2757428127815],[-80.1722706868421,26.2759948136106],[-80.1722126868654,26.2760288142792],[-80.1721076883185,26.2760898143943],[-80.1721032168893,26.2760941527238],[-80.1720066881575,26.276187814417],[-80.1719196868434,26.2763058135633],[-80.1718586867283,26.2764068137243],[-80.1718086880199,26.2765038137009],[-80.1717866870054,26.276585813885],[-80.1717736882045,26.2766708142076],[-80.171778688435,26.2767878142071],[-80.1718186875817,26.2769778139758],[-80.1718736883194,26.2771398142519],[-80.1718900838596,26.277187952263]]],[[[-80.1530069999724,26.289189000273],[-80.1541289995531,26.2889770003891],[-80.1594819999937,26.288915000228],[-80.1619090003994,26.2888659997669],[-80.1645750001355,26.2888330000438],[-80.1690136868315,26.2888988169277],[-80.1690139997956,26.2890819998353],[-80.1686370003966,26.2890809997892],[-80.1645829996051,26.2890179995819],[-80.1619129996845,26.2890589996739],[-80.159485000132,26.2890969996277],[-80.1530069999724,26.289189000273]]]]}},{"type":"Feature","id":"FL-12011-F003-2022","properties":{"state_po":"FL","county_fips":"12011","county_name":"Broward County","precinct_id":"F003","geometry_vintage":"2022"},"geometry":{"type":"MultiPolygon","coordinates":[[[[-80.1742850000521,26.2741350003309],[-80.1693350002095,26.274219999754],[-80.1693326871531,26.274086812857],[-80.1692333507379,26.2741138482763],[-80.1691746870615,26.2741298130413],[-80.1691827009203,26.2740609528516],[-80.169184289123,26.2740473047402],[-80.1692016874073,26.2738978131344],[-80.1693776874297,26.2736338144498],[-80.1695206868296,26.2734598136204],[-80.1696206869445,26.2733698130673],[-80.1702252930622,26.2729456963876],[-80.1702566865961,26.2728228130232],[-80.1702596867345,26.2726838129085],[-80.1705243464208,26.272503601361],[-80.1705636872637,26.2724768132552],[-80.1707356871016,26.2723378131404],[-80.1708656868013,26.2721728118267],[-80.1709546873083,26.2719988118965],[-80.1710056869622,26.2718008126582],[-80.1710086871006,26.2716388132815],[-80.170980687608,26.2714648133513],[-80.1709096870318,26.2712938126602],[-80.1707926870322,26.2711268121535],[-80.1706406872172,26.2709788134224],[-80.170453687587,26.2708618134228],[-80.1702399996756,26.270783000436],[-80.1689430001187,26.2706319997678],[-80.1688240000269,26.2661899999694],[-80.1683159999828,26.2630839997277],[-80.1674610001244,26.2599540001779],[-80.1679389996844,26.2599409995784],[-80.1679310002148,26.2598140000169],[-80.168030074028,26.2589710978387],[-80.1700536664429,26.2560660043435],[-80.170153566733,26.2525007023464],[-80.1761000136041,26.2521927483975],[-80.1761220110213,26.254223779105],[-80.1779288650245,26.254187104752],[-80.1780346891489,26.2543428079751],[-80.1780836887106,26.254370808367],[-80.1781176893792,26.2544538076979],[-80.1781219944339,26.2560087211265],[-80.1841009212199,26.2560266221318],[-80.1840879997607,26.2554839999875],[-80.1840959299825,26.2542238492521],[-80.1841016910395,26.2537408080927],[-80.1845700004046,26.2542139998771],[-80.1863060004209,26.2542149999232],[-80.1864360001207,26.2542129998309],[-80.1864309998901,26.2549739998511],[-80.186419000236,26.2569370004431],[-80.1864210003283,26.2596879996024],[-80.1864210003283,26.259783000386],[-80.1864340000285,26.2617060000327],[-80.1864279997517,26.2647649999057],[-80.1864319999362,26.2690060003275],[-80.1864469997286,26.2720939997392],[-80.1864469997286,26.2738149999632],[-80.1864439995903,26.2739699999165],[-80.1862610001444,26.2739649996858],[-80.1824040003437,26.2739469997551],[-80.1786279997817,26.2740370003082],[-80.1742850000521,26.2741350003309]]]]}},{"type":"Feature","id":"FL-12011-F004-2022","properties":{"state_po":"FL","county_fips":"12011","county_name":"Broward County","precinct_id":"F004","geometry_vintage":"2022"},"geometry":{"type":"MultiPolygon","coordinates":[[[[-80.1670120126936,26.2489671050487],[-80.1670089999647,26.2489639996897],[-80.1679809998226,26.2453029999344],[-80.1715709999011,26.2450639997047],[-80.1720860002681,26.245055000189],[-80.176422999721,26.2449150000281],[-80.1786669997816,26.2448549999592],[-80.1816549900851,26.2447998310482],[-80.1816707569992,26.2449960073607],[-80.1818115359729,26.24533856992],[-80.1820414764323,26.2454840406568],[-80.1821916398317,26.2455732012431],[-80.182280800418,26.2457280582042],[-80.1823464967927,26.2459110711399],[-80.1823237115694,26.2485962839922],[-80.1864482102161,26.2486046701703],[-80.1864530000053,26.2510169999355],[-80.1864479997747,26.252774000021],[-80.1864360001207,26.2542129998309],[-80.1863060004209,26.2542149999232],[-80.1845700004046,26.2542139998771],[-80.1841016910395,26.2537408080927],[-80.1840959299825,26.2542238492521],[-80.1840879997607,26.2554839999875],[-80.1841009212199,26.2560266221318],[-80.1781219944339,26.2560087211265],[-80.1781398954392,26.2541828212811],[-80.1761220110213,26.254223779105],[-80.1761000136041,26.2521927483975],[-80.170153566733,26.2525007023464],[-80.1700536664429,26.2560660043435],[-80.168030074028,26.2589710978387],[-80.1679310002148,26.2598140000169],[-80.1679389996844,26.2599409995784],[-80.1674610001244,26.2599540001779],[-80.1667509997582,26.2568279999131],[-80.1665019999667,26.252541000068],[-80.1665076773867,26.2525258689745],[-80.1665136857573,26.2524858077747],[-80.1666356850881,26.2517398084463],[-80.1666716849496,26.2516298078702],[-80.1667336851108,26.2514918078016],[-80.1668196863787,26.2513478065569],[-80.1669196855943,26.2512328066496],[-80.1670355704346,26.2511188058891],[-80.1670426849713,26.2511118073649],[-80.1671526864467,26.2510328082184],[-80.1671956857317,26.2510028077343],[-80.1672836664074,26.2509490417658],[-80.1674539872111,26.2508559007801],[-80.167632686099,26.2507638066053],[-80.1677006856375,26.2507288067899],[-80.1677686860753,26.2506838074127],[-80.1678296861904,26.2506458065596],[-80.1679306863514,26.2505648082202],[-80.1680086863511,26.2504838080821],[-80.168070685613,26.2503878081517],[-80.1680926857282,26.2503458080135],[-80.1681256863507,26.2502878080368],[-80.1681456863737,26.2501988066305],[-80.1681566859816,26.250148807922],[-80.1681586860739,26.2500248067004],[-80.1681366859586,26.2498818081997],[-80.1681216861662,26.2498518068163],[-80.1680686864201,26.2497458082233],[-80.1680006859822,26.2496298073706],[-80.1678816849911,26.2495138074171],[-80.1677306861216,26.2494018067488],[-80.1675636856149,26.2493048067723],[-80.1673656863767,26.2492238066342],[-80.1673236862385,26.2492128070263],[-80.1672331029247,26.2491949527857],[-80.1669786856172,26.2491448065884],[-80.167000796349,26.2490268820858],[-80.1670038225677,26.2490107437517],[-80.1670116853404,26.248968806566],[-80.1670120126936,26.2489671050487]]]]}},{"type":"Feature","id":"FL-12011-F005-2022","properties":{"state_po":"FL","county_fips":"12011","county_name":"Broward County","precinct_id":"F005","geometry_vintage":"2022"},"geometry":{"type":"MultiPolygon","coordinates":[[[[-80.1864509999131,26.2437579997328],[-80.1864319999362,26.2447149997983],[-80.1864482102161,26.2486046701703],[-80.1823237115694,26.2485962839922],[-80.1823464967927,26.2459110711399],[-80.182280800418,26.2457280582042],[-80.1821916398317,26.2455732012431],[-80.1820414764323,26.2454840406568],[-80.1818115359729,26.24533856992],[-80.1816707569992,26.2449960073607],[-80.1816549900851,26.2447998310482],[-80.1786669997816,26.2448549999592],[-80.176422999721,26.2449150000281],[-80.1720860002681,26.245055000189],[-80.1715709999011,26.2450639997047],[-80.1679809998226,26.2453029999344],[-80.1676620004004,26.2453110003033],[-80.1674050002399,26.2453179997268],[-80.1684010003053,26.2429359995976],[-80.1708140000654,26.2391939997042],[-80.1772490000407,26.2315549999641],[-80.1776309996703,26.2315630003331],[-80.1779560002685,26.2315689997104],[-80.1781999998295,26.2313890004029],[-80.178376999898,26.23125999985],[-80.1787980004267,26.2309520000356],[-80.1789290001726,26.2308560001052],[-80.1790599999184,26.2307600001748],[-80.1795770003776,26.2308049995519],[-80.1791430001487,26.2311069999889],[-80.1787370003117,26.2313929996881],[-80.1784719997823,26.2315800002177],[-80.1798430000538,26.2316079997103],[-80.1833770002477,26.2317689999402],[-80.1854680004472,26.232242000169],[-80.185822999731,26.2323319998228],[-80.1870349998647,26.2343809998841],[-80.1873459998174,26.2355669997181],[-80.187300000394,26.2379330000088],[-80.1866049998202,26.2400850003234],[-80.1865809996128,26.2401869996312],[-80.1864970002357,26.2407240001134],[-80.186439000259,26.2413579996728],[-80.1864509999131,26.2430009998971],[-80.1864509999131,26.2437579997328]]]]}},{"type":"Feature","id":"FL-12011-F006-2022","properties":{"state_po":"FL","county_fips":"12011","county_name":"Broward County","precinct_id":"F006","geometry_vintage":"2022"},"geometry":{"type":"MultiPolygon","coordinates":[[[[-80.1906599997585,26.2333809996343],[-80.1906569996202,26.2335609998411],[-80.185822999731,26.2323319998228],[-80.1854680004472,26.232242000169],[-80.1833770002477,26.2317689999402],[-80.1798430000538,26.2316079997103],[-80.1784719997823,26.2315800002177],[-80.1787370003117,26.2313929996881],[-80.1791430001487,26.2311069999889],[-80.1795770003776,26.2308049995519],[-80.1790599999184,26.2307600001748],[-80.1789290001726,26.2308560001052],[-80.1787980004267,26.2309520000356],[-80.178376999898,26.23125999985],[-80.1781999998295,26.2313890004029],[-80.1779560002685,26.2315689997104],[-80.1776309996703,26.2315630003331],[-80.1772490000407,26.2315549999641],[-80.1773920003399,26.2313840001723],[-80.1777770001078,26.2313860002646],[-80.178316999829,26.2307600001748],[-80.1791690004484,26.229568000064],[-80.1844229999209,26.223339999742],[-80.1870329997724,26.2204499995687],[-80.1880740001143,26.2193330002187],[-80.1882910002289,26.2190919998968],[-80.1922920003748,26.2142810001689],[-80.1922890002365,26.2146079999601],[-80.1921809997527,26.2147320002825],[-80.1923539996367,26.2234130004105],[-80.1923890003515,26.2254849997339],[-80.1924610000744,26.2305549997143],[-80.1924716930135,26.2309618017466],[-80.190653000335,26.2309800004276],[-80.1906599997585,26.2333809996343]]]]}},{"type":"Feature","id":"FL-12011-F007-2022","properties":{"state_po":"FL","county_fips":"12011","county_name":"Broward County","precinct_id":"F007","geometry_vintage":"2022"},"geometry":{"type":"MultiPolygon","coordinates":[[[[-80.1864360001207,26.2542129998309],[-80.1864479997747,26.252774000021],[-80.1864530000053,26.2510169999355],[-80.1864479997747,26.2484989998299],[-80.1864319999362,26.2447149997983],[-80.1864509999131,26.2437579997328],[-80.1864509999131,26.2430009998971],[-80.186439000259,26.2413579996728],[-80.1864970002357,26.2407240001134],[-80.1865809996128,26.2401869996312],[-80.1866049998202,26.2400850003234],[-80.187300000394,26.2379330000088],[-80.1873459998174,26.2355669997181],[-80.1870349998647,26.2343809998841],[-80.185822999731,26.2323319998228],[-80.1906569996202,26.2335609998411],[-80.1925570000049,26.2340570002312],[-80.1925559999588,26.2355410003178],[-80.1945449999511,26.2355489997874],[-80.1945310002048,26.2358829999014],[-80.1942820004134,26.2377339998251],[-80.194319000321,26.2409390001356],[-80.1945619998357,26.2445530004215],[-80.1923949997288,26.2445749996374],[-80.1924149997518,26.2524209999301],[-80.1924280003513,26.2578929995631],[-80.1924280003513,26.2580909997008],[-80.1923660001901,26.2584770004141],[-80.1923769997981,26.2666240001983],[-80.1923710004207,26.2711759996735],[-80.1923769997981,26.2739600003546],[-80.1926970001658,26.2739689998703],[-80.1926980002119,26.2741130002157],[-80.1913110001019,26.2740819996854],[-80.1864439995903,26.2739699999165],[-80.1864469997286,26.2738149999632],[-80.1864469997286,26.2720939997392],[-80.1864319999362,26.2690060003275],[-80.1864279997517,26.2647649999057],[-80.1864340000285,26.2617060000327],[-80.1864210003283,26.259783000386],[-80.1864210003283,26.2596879996024],[-80.186419000236,26.2569370004431],[-80.1864309998901,26.2549739998511],[-80.1864360001207,26.2542129998309]]]]}},{"type":"Feature","id":"FL-12011-F008-2022","properties":{"state_po":"FL","county_fips":"12011","county_name":"Broward County","precinct_id":"F008","geometry_vintage":"2022"},"geometry":{"type":"MultiPolygon","coordinates":[[[[-80.1746356457178,26.2805927495566],[-80.1746230003506,26.2805870001908],[-80.1716736880896,26.2806408147227],[-80.1715879997857,26.28062099996],[-80.1715386881593,26.2805948152994],[-80.1714686867298,26.2805018146079],[-80.1714588652338,26.2799763047635],[-80.1714586880673,26.2799668151173],[-80.1714486876062,26.279471813874],[-80.1714494223523,26.2794494414395],[-80.1714526868913,26.2793498136439],[-80.1714874843593,26.2792541068924],[-80.1719576867972,26.2779608152403],[-80.1719906883189,26.2778188140879],[-80.1720006878808,26.2776398139271],[-80.1719796869124,26.2774748153113],[-80.1719516883191,26.2773688140204],[-80.1718900838596,26.277187952263],[-80.1718736883194,26.2771398142519],[-80.1718186875817,26.2769778139758],[-80.171778688435,26.2767878142071],[-80.1717736882045,26.2766708142076],[-80.1717866870054,26.276585813885],[-80.1718086880199,26.2765038137009],[-80.1718586867283,26.2764068137243],[-80.1719196868434,26.2763058135633],[-80.1720066881575,26.276187814417],[-80.1721032168893,26.2760941527238],[-80.1721076883185,26.2760898143943],[-80.1722126868654,26.2760288142792],[-80.1722706868421,26.2759948136106],[-80.1727526883852,26.2757428127815],[-80.1730436883149,26.2755928139581],[-80.1738316877815,26.275206814144],[-80.1739606892338,26.2751268140521],[-80.1740446877115,26.2750478131069],[-80.1741336882185,26.274953814168],[-80.1742146892558,26.2748078128312],[-80.1742376894172,26.2747448144225],[-80.174250688218,26.2747128129468],[-80.174281687849,26.274573812832],[-80.1742806878028,26.2743338143549],[-80.1742876881257,26.2741398144018],[-80.1742882277189,26.2741349265864],[-80.1786279997817,26.2740370003082],[-80.1824040003437,26.2739469997551],[-80.1862610001444,26.2739649996858],[-80.1864439995903,26.2739699999165],[-80.1913110001019,26.2740819996854],[-80.1926980002119,26.2741130002157],[-80.1926970001658,26.2739689998703],[-80.1945769996282,26.2740010004467],[-80.1946739996047,26.2740019995935],[-80.1967770003576,26.2740209995703],[-80.2016939995777,26.2740750002619],[-80.2018670003611,26.274076000308],[-80.2018640002228,26.2741730002846],[-80.2018620001305,26.2742490001921],[-80.2019539998765,26.2798189998479],[-80.2019669995767,26.2808400001667],[-80.2019879996458,26.2822549997693],[-80.2020459996226,26.2860349996164],[-80.2020489997608,26.2862200000538],[-80.2020719999222,26.2908909996208],[-80.2021130000143,26.2933479996113],[-80.2022859998983,26.2966439996218],[-80.2024860001282,26.2998320000476],[-80.2024840000359,26.3002420000691],[-80.2022770003826,26.3002420000691],[-80.1933719998173,26.3002379998846],[-80.1895580002009,26.3003679995844],[-80.1866219997049,26.3012770001343],[-80.1866209996588,26.3009009998821],[-80.1865710000509,26.296068000039],[-80.1863580001209,26.296068000039],[-80.1862929998214,26.289655000179],[-80.1864150000516,26.2896479998562],[-80.1864449996364,26.2878850003933],[-80.1862800001213,26.2879030003241],[-80.1862909997292,26.2858740002857],[-80.1862870004441,26.2856810003788],[-80.1855859995936,26.2858540002627],[-80.1834590004319,26.2858750003319],[-80.1766660001351,26.2858659999168],[-80.1766809720486,26.2832767573174],[-80.176653316097,26.2832761619662],[-80.1764976902156,26.2832728146895],[-80.1762916888097,26.2832698154505],[-80.1761356888103,26.28328281605],[-80.1760046890645,26.2833058162113],[-80.1759456890417,26.2833248161882],[-80.1759036889035,26.2833388159345],[-80.1758336892727,26.2833678145739],[-80.175792500323,26.2834055717107],[-80.1757856888578,26.2834118148043],[-80.1756506889275,26.2832318145975],[-80.1756046886048,26.2831648160043],[-80.1755606892737,26.2830518161892],[-80.1755366890663,26.2829588145985],[-80.1755276886512,26.2828118150141],[-80.1755496887665,26.2826828162599],[-80.1756246886278,26.2825058161914],[-80.1756496888814,26.2824518146004],[-80.1757186893653,26.2823068151083],[-80.1757445475722,26.2822593488907],[-80.1757916891345,26.2821728161234],[-80.1758526892496,26.282010814948],[-80.1758866890189,26.2818508147641],[-80.1758956894338,26.2817208150644],[-80.1758886891111,26.2815658151112],[-80.1758486890651,26.2813688150197],[-80.1757966893651,26.2812348151355],[-80.1757076888581,26.2810838153667],[-80.1757050619384,26.2810808556978],[-80.1757049998852,26.2810790003964],[-80.1757023405899,26.2810777908083],[-80.1756206893427,26.280985815344],[-80.1755476886742,26.2809108145833],[-80.1754046892743,26.2808078152294],[-80.1752426889983,26.2807218148607],[-80.1749746892299,26.2806408147227],[-80.1748066877778,26.2806088150456],[-80.1746356457178,26.2805927495566]]]]}},{"type":"Feature","id":"FL-12011-F009-2022","properties":{"state_po":"FL","county_fips":"12011","county_name":"Broward County","precinct_id":"F009","geometry_vintage":"2022"},"geometry":{"type":"MultiPolygon","coordinates":[[[[-80.1772710001559,26.3048729995901],[-80.1795469998935,26.3043560000302],[-80.1838319996464,26.3023510001994],[-80.1863020002365,26.3010379999046],[-80.1866209996588,26.3009009998821],[-80.1866219997049,26.3012770001343],[-80.1895580002009,26.3003679995844],[-80.1933719998173,26.3002379998846],[-80.2022770003826,26.3002420000691],[-80.2024840000359,26.3002420000691],[-80.2024799998514,26.3008059999978],[-80.2024920004048,26.3020780002004],[-80.2026080003583,26.3120189999777],[-80.2027929998964,26.3174529996571],[-80.2027960000347,26.3176079996103],[-80.2026759998968,26.3176089996565],[-80.2024460000822,26.3176089996565],[-80.1967180003348,26.3176210002098],[-80.1946520003888,26.3176180000715],[-80.1906559995741,26.3176240003482],[-80.1904669998515,26.3176240003482],[-80.1865639997282,26.3176319998178],[-80.1863909998441,26.3176309997717],[-80.1837519995545,26.3176260004404],[-80.1772120001331,26.3176309997717],[-80.1772019996719,26.3174480003258],[-80.1772150002714,26.3149850000586],[-80.1772019996719,26.3147829997365],[-80.1771960002945,26.3146899999444],[-80.1771799995567,26.3145750000371],[-80.1771459997874,26.3144040002453],[-80.1771360002256,26.3141839999925],[-80.1771269998105,26.3139829997165],[-80.1771210004331,26.3130960001811],[-80.1770230004105,26.3125540003677],[-80.1770879998107,26.311889000278],[-80.1770469997186,26.3090250004043],[-80.1766450000661,26.3078979996938],[-80.1765649999741,26.3077340002248],[-80.1763889999517,26.3073709996728],[-80.1764999996746,26.3071060000427],[-80.176685000112,26.3066679996293],[-80.1767389999043,26.3062130002306],[-80.1768070003421,26.3057680003938],[-80.1770820004333,26.3053079998652],[-80.1771590003869,26.3051319998428],[-80.1772710001559,26.3048729995901]]]]}},{"type":"Feature","id":"FL-12011-G001-2022","properties":{"state_po":"FL","county_fips":"12011","county_name":"Broward County","precinct_id":"G001","geometry_vintage":"2022"},"geometry":{"type":"MultiPolygon","coordinates":[[[[-80.2230679995879,26.2719809999241],[-80.2228050000501,26.2720369998086],[-80.2184410002513,26.2719799998779],[-80.2178809996078,26.2719739996013],[-80.210993000326,26.271879999763],[-80.2107899999579,26.2718769996247],[-80.2064719995824,26.2718809998092],[-80.2050230002106,26.2718710002474],[-80.2018050002,26.2718520002705],[-80.2017290002925,26.267269000265],[-80.2017379998082,26.265558999649],[-80.2017149996469,26.2616670000329],[-80.2017090002695,26.2607219996215],[-80.2053019995869,26.2608490000822],[-80.2177020003464,26.2610260001506],[-80.2183509996982,26.2610320004273],[-80.2199119997383,26.2610749997123],[-80.2202019996219,26.2616350003558],[-80.2223279996368,26.2608340002898],[-80.2228640000729,26.2620990001696],[-80.2228649371664,26.2621043430419],[-80.2228667016363,26.2621038088446],[-80.2229607023739,26.2623588089128],[-80.2229747021202,26.2624118086589],[-80.223033702143,26.2626268086811],[-80.2230917021197,26.2628978085879],[-80.2231237026961,26.2631468092787],[-80.2231417017275,26.2633788091856],[-80.2231457028113,26.263425808655],[-80.2231477029035,26.2637068099222],[-80.2231447027652,26.2639368097368],[-80.2231307021195,26.2641178099898],[-80.2231277028805,26.264162809367],[-80.2230817016585,26.2644218096197],[-80.2230027016128,26.2647638092033],[-80.2228147028356,26.2653078100083],[-80.2227947028126,26.265365809985],[-80.222780702167,26.2654078101232],[-80.2227167028129,26.2655478102841],[-80.2226527016602,26.2656868103988],[-80.2225447020757,26.265920810398],[-80.2222207024228,26.2666258096343],[-80.2221137028844,26.2668608105788],[-80.2221087152443,26.2668750981082],[-80.2220327018471,26.2670928095864],[-80.2219697016398,26.2672958108539],[-80.221919702032,26.2675008113143],[-80.2219157018475,26.2675198103918],[-80.2218817020782,26.2677078100683],[-80.2218557017786,26.2679048101597],[-80.2218417020323,26.2681278114502],[-80.2218407019861,26.2683378112418],[-80.2218587019169,26.2685478101342],[-80.2218849747111,26.2687448551918],[-80.2218839998461,26.2687530003516],[-80.221887484719,26.2687615349178],[-80.221931701686,26.2689718108013],[-80.2220077015935,26.2692398105697],[-80.2221277017314,26.2695428110528],[-80.2221587022617,26.2696198110063],[-80.2223357023302,26.2699638106822],[-80.2224524280365,26.2701452749853],[-80.2224547024219,26.2701488111196],[-80.2226457022367,26.270456810934],[-80.2227957028587,26.2707448116246],[-80.2228977021666,26.2709618117391],[-80.2229837034345,26.2712018111156],[-80.2230377023274,26.271467811691],[-80.2230523963503,26.2716340342841],[-80.2230707659025,26.2719803865864],[-80.2230678871726,26.2719806626783],[-80.2230679995879,26.2719809999241]]]]}},{"type":"Feature","id":"FL-12011-G002-2022","properties":{"state_po":"FL","county_fips":"12011","county_name":"Broward County","precinct_id":"G002","geometry_vintage":"2022"},"geometry":{"type":"MultiPolygon","coordinates":[[[[-80.2018670003611,26.274076000308],[-80.2016939995777,26.2740750002619],[-80.1967770003576,26.2740209995703],[-80.1946739996047,26.2740019995935],[-80.1945769996282,26.2740010004467],[-80.1926970001658,26.2739689998703],[-80.1923769997981,26.2739600003546],[-80.1923710004207,26.2711759996735],[-80.1923769997981,26.2666240001983],[-80.1923660001901,26.2584770004141],[-80.1924280003513,26.2580909997008],[-80.195191000064,26.2555949997103],[-80.1952910001789,26.2555050000566],[-80.1976760004464,26.2544940001988],[-80.1992209997487,26.2544659998069],[-80.201401999602,26.2544360002221],[-80.201633000362,26.2544330000837],[-80.201675999647,26.2570609998661],[-80.20169599967,26.2586880002519],[-80.2017090002695,26.2607219996215],[-80.2017149996469,26.2616670000329],[-80.2017379998082,26.265558999649],[-80.2017290002925,26.267269000265],[-80.2018050002,26.2718520002705],[-80.2018670003611,26.274076000308]]]]}},{"type":"Feature","id":"FL-12011-G003-2022","properties":{"state_po":"FL","county_fips":"12011","county_name":"Broward County","precinct_id":"G003","geometry_vintage":"2022"},"geometry":{"type":"MultiPolygon","coordinates":[[[[-80.2176349999546,26.2529839998126],[-80.2145220002894,26.252996000366],[-80.2123649997443,26.2534119997649],[-80.2123940001823,26.2535079996953],[-80.2102140003752,26.2540589999238],[-80.2101110001219,26.2540840001773],[-80.21008299973,26.2539979998087],[-80.2083249995984,26.2544320000376],[-80.2083580002209,26.2545219996914],[-80.206769999835,26.2547270001518],[-80.2060590003219,26.2547280001979],[-80.2046809997277,26.2547359996675],[-80.2041189998913,26.2547339995753],[-80.2040300002837,26.2547330004285],[-80.2039320002609,26.2547330004285],[-80.2037900000078,26.2547300002902],[-80.2036990003079,26.254729000244],[-80.2035450004008,26.2547100002671],[-80.2032409998716,26.2546550004288],[-80.2030019996419,26.2545849998987],[-80.2028269996657,26.2545409996683],[-80.2027679996428,26.254526999922],[-80.202505000105,26.2544829996916],[-80.201633000362,26.2544330000837],[-80.201401999602,26.2544360002221],[-80.1992209997487,26.2544659998069],[-80.1976760004464,26.2544940001988],[-80.1952910001789,26.2555050000566],[-80.195191000064,26.2555949997103],[-80.1924280003513,26.2580909997008],[-80.1924280003513,26.2578929995631],[-80.1924149997518,26.2524209999301],[-80.1923949997288,26.2445749996374],[-80.1945619998357,26.2445530004215],[-80.194319000321,26.2409390001356],[-80.1942820004134,26.2377339998251],[-80.1945310002048,26.2358829999014],[-80.1945449999511,26.2355489997874],[-80.1925559999588,26.2355410003178],[-80.1925570000049,26.2340570002312],[-80.1945530003201,26.2345820001601],[-80.1946720004119,26.2346119997449],[-80.1961779997143,26.2349869999509],[-80.200055999584,26.2354590001336],[-80.2046849999121,26.2355049995569],[-80.204855999704,26.235505999603],[-80.2062110001369,26.235533999995],[-80.2075820004083,26.2355329999489],[-80.2093609997097,26.2355590002485],[-80.2100740002143,26.235545999649],[-80.2118019998617,26.2354309997417],[-80.2134169996941,26.2354349999261],[-80.2167000000043,26.2354699997416],[-80.2172369995872,26.2354780001105],[-80.217496999886,26.2377260003555],[-80.2175610001394,26.2453759997035],[-80.2176329998624,26.2501840001923],[-80.2176349999546,26.2529839998126]]]]}},{"type":"Feature","id":"FL-12011-G004-2022","properties":{"state_po":"FL","county_fips":"12011","county_name":"Broward County","precinct_id":"G004","geometry_vintage":"2022"},"geometry":{"type":"MultiPolygon","coordinates":[[[[-80.1956959999698,26.2305280002679],[-80.1996309997702,26.2304789998068],[-80.2045510000279,26.230428000153],[-80.2047189996815,26.2304270001068],[-80.2093849999172,26.2304189997379],[-80.2143579999211,26.2302809996693],[-80.2173589998173,26.2303039998306],[-80.2215240003317,26.230235000246],[-80.2215590001471,26.2310429997355],[-80.2217059997315,26.2335060000028],[-80.2217869998695,26.2353060002725],[-80.2217960002845,26.2354859995801],[-80.2198149997618,26.2354869996262],[-80.2180740004141,26.2354899997645],[-80.2172369995872,26.2354780001105],[-80.2167000000043,26.2354699997416],[-80.2134169996941,26.2354349999261],[-80.2118019998617,26.2354309997417],[-80.2100740002143,26.235545999649],[-80.2093609997097,26.2355590002485],[-80.2075820004083,26.2355329999489],[-80.2062110001369,26.235533999995],[-80.204855999704,26.235505999603],[-80.2046849999121,26.2355049995569],[-80.200055999584,26.2354590001336],[-80.1961779997143,26.2349869999509],[-80.1946720004119,26.2346119997449],[-80.1945530003201,26.2345820001601],[-80.1925570000049,26.2340570002312],[-80.1906569996202,26.2335609998411],[-80.1906599997585,26.2333809996343],[-80.190653000335,26.2309800004276],[-80.1924716930135,26.2309618017466],[-80.1924610000744,26.2305549997143],[-80.1956959999698,26.2305280002679]]]]}},{"type":"Feature","id":"FL-12011-G005-2022","properties":{"state_po":"FL","county_fips":"12011","county_name":"Broward County","precinct_id":"G005","geometry_vintage":"2022"},"geometry":{"type":"MultiPolygon","coordinates":[[[[-80.1955719996474,26.2102949998153],[-80.1955739997396,26.2107520002055],[-80.1956309996702,26.2150380000046],[-80.1974730000782,26.2150299996357],[-80.1993799998864,26.2150220001661],[-80.1994389999093,26.21299500022],[-80.2028770001727,26.2129360001971],[-80.2029269997806,26.2150099996127],[-80.2040959997299,26.215002000143],[-80.2040969997761,26.2150220001661],[-80.2041169997991,26.215772999725],[-80.2042080003982,26.2191410003577],[-80.2043909998441,26.2191400003117],[-80.2044040004436,26.2200700000313],[-80.2044079997287,26.220339999892],[-80.2042339997986,26.2203520004454],[-80.2042800001212,26.2224619997224],[-80.2044859997284,26.222458999584],[-80.204519000351,26.2239140001319],[-80.2045669998665,26.2260089996165],[-80.2043859996135,26.2260099996626],[-80.2044629995671,26.2281759997235],[-80.2046659999353,26.2281739996312],[-80.2047189996815,26.2304270001068],[-80.2045510000279,26.230428000153],[-80.1996309997702,26.2304789998068],[-80.1956959999698,26.2305280002679],[-80.1924610000744,26.2305549997143],[-80.1923890003515,26.2254849997339],[-80.1923539996367,26.2234130004105],[-80.1921809997527,26.2147320002825],[-80.1922890002365,26.2146079999601],[-80.1922920003748,26.2142810001689],[-80.1882910002289,26.2190919998968],[-80.1882849999521,26.2188280003128],[-80.1955719996474,26.2102949998153]]]]}},{"type":"Feature","id":"FL-12011-G006-2022","properties":{"state_po":"FL","county_fips":"12011","county_name":"Broward County","precinct_id":"G006","geometry_vintage":"2022"},"geometry":{"type":"MultiPolygon","coordinates":[[[[-80.2337159995931,26.2282860002995],[-80.2337250000081,26.2297650001555],[-80.2337450000311,26.2301309999465],[-80.233480000401,26.230135000131],[-80.2215240003317,26.230235000246],[-80.2173589998173,26.2303039998306],[-80.2143579999211,26.2302809996693],[-80.2093849999172,26.2304189997379],[-80.2047189996815,26.2304270001068],[-80.2046659999353,26.2281739996312],[-80.2044629995671,26.2281759997235],[-80.2043859996135,26.2260099996626],[-80.2045669998665,26.2260089996165],[-80.204519000351,26.2239140001319],[-80.2044859997284,26.222458999584],[-80.2042800001212,26.2224619997224],[-80.2042339997986,26.2203520004454],[-80.2044079997287,26.220339999892],[-80.2044040004436,26.2200700000313],[-80.2125130002741,26.2200730001697],[-80.2125150003663,26.2205159999143],[-80.2125690001586,26.2218910003702],[-80.2141510002678,26.2218939996093],[-80.2205690003584,26.2218969997476],[-80.2205890003814,26.222496000391],[-80.2206299995742,26.2243959998764],[-80.2206810001274,26.226539999822],[-80.2210399995956,26.2282389999308],[-80.2241799996066,26.2282559998154],[-80.2274199997325,26.2282680003688],[-80.230645000066,26.228281000069],[-80.2330549996879,26.2282850002534],[-80.233450999963,26.2282850002534],[-80.2337159995931,26.2282860002995]]]]}},{"type":"Feature","id":"FL-12011-G007-2022","properties":{"state_po":"FL","county_fips":"12011","county_name":"Broward County","precinct_id":"G007","geometry_vintage":"2022"},"geometry":{"type":"MultiPolygon","coordinates":[[[[-80.2217960002845,26.2354859995801],[-80.2217869998695,26.2353060002725],[-80.2217059997315,26.2335060000028],[-80.2215590001471,26.2310429997355],[-80.2215240003317,26.230235000246],[-80.233480000401,26.230135000131],[-80.2337450000311,26.2301309999465],[-80.2337949996389,26.2353660003415],[-80.2337999998695,26.2355249995799],[-80.2332240002867,26.2355299998105],[-80.2331509996183,26.2355299998105],[-80.2324869995747,26.2355350000411],[-80.2302960001596,26.2355279997183],[-80.2293640003477,26.2355269996722],[-80.228842999704,26.2355269996722],[-80.2267880002653,26.235513999972],[-80.2217960002845,26.2354859995801]]]]}},{"type":"Feature","id":"FL-12011-G008-2022","properties":{"state_po":"FL","county_fips":"12011","county_name":"Broward County","precinct_id":"G008","geometry_vintage":"2022"},"geometry":{"type":"MultiPolygon","coordinates":[[[[-80.2176349999546,26.2529839998126],[-80.2176329998624,26.2501840001923],[-80.2175610001394,26.2453759997035],[-80.217496999886,26.2377260003555],[-80.2172369995872,26.2354780001105],[-80.2180740004141,26.2354899997645],[-80.2198149997618,26.2354869996262],[-80.2217960002845,26.2354859995801],[-80.2267880002653,26.235513999972],[-80.228842999704,26.2355269996722],[-80.2293640003477,26.2355269996722],[-80.2302960001596,26.2355279997183],[-80.2324869995747,26.2355350000411],[-80.2331509996183,26.2355299998105],[-80.2332240002867,26.2355299998105],[-80.2337999998695,26.2355249995799],[-80.2340139998456,26.2424899997146],[-80.2340020001915,26.2447250002594],[-80.233988999592,26.2471289996045],[-80.2341620003754,26.2567970002822],[-80.2307319995815,26.2553659999418],[-80.2306429999738,26.255539999872],[-80.2288649998192,26.2547999999209],[-80.226928999573,26.2539910003852],[-80.2265320001511,26.2538340003397],[-80.2260949997838,26.253686999856],[-80.2254139998556,26.2535040004101],[-80.2248340000884,26.2533830002262],[-80.2242870000443,26.2533030001342],[-80.2238139998156,26.2532549997193],[-80.2238279995619,26.2530950004348],[-80.2215370000318,26.2530560004349],[-80.2200560000837,26.2530140002967],[-80.2200620003604,26.2531989998349],[-80.2176319998163,26.2531460000887],[-80.2176349999546,26.2529839998126]]]]}},{"type":"Feature","id":"FL-12011-G009-2022","properties":{"state_po":"FL","county_fips":"12011","county_name":"Broward County","precinct_id":"G009","geometry_vintage":"2022"},"geometry":{"type":"MultiPolygon","coordinates":[[[[-80.2296710001159,26.2720949997853],[-80.2230707578086,26.2719810475881],[-80.2230707659025,26.2719803865864],[-80.2230717020967,26.2719008109745],[-80.2230727021428,26.2718598117818],[-80.2230697029038,26.2718298121969],[-80.2230377023274,26.271467811691],[-80.2229837034345,26.2712018111156],[-80.2228977021666,26.2709618117391],[-80.2227957028587,26.2707448116246],[-80.2226457022367,26.270456810934],[-80.2224547024219,26.2701488111196],[-80.2224524280365,26.2701452749853],[-80.2223357023302,26.2699638106822],[-80.2221587022617,26.2696198110063],[-80.2221277017314,26.2695428110528],[-80.2220077015935,26.2692398105697],[-80.221931701686,26.2689718108013],[-80.221887484719,26.2687615349178],[-80.2218839998461,26.2687530003516],[-80.2218849747111,26.2687448551918],[-80.2218587019169,26.2685478101342],[-80.2218407019861,26.2683378112418],[-80.2218417020323,26.2681278114502],[-80.2218557017786,26.2679048101597],[-80.2218817020782,26.2677078100683],[-80.2219157018475,26.2675198103918],[-80.221919702032,26.2675008113143],[-80.2219697016398,26.2672958108539],[-80.2220327018471,26.2670928095864],[-80.2221087152443,26.2668750981082],[-80.2221137028844,26.2668608105788],[-80.2222207024228,26.2666258096343],[-80.2225447020757,26.265920810398],[-80.2226527016602,26.2656868103988],[-80.2227167028129,26.2655478102841],[-80.222780702167,26.2654078101232],[-80.2227947028126,26.265365809985],[-80.2228147028356,26.2653078100083],[-80.2230027016128,26.2647638092033],[-80.2230817016585,26.2644218096197],[-80.2231277028805,26.264162809367],[-80.2231307021195,26.2641178099898],[-80.2231447027652,26.2639368097368],[-80.2231477029035,26.2637068099222],[-80.2231457028113,26.263425808655],[-80.2231417017275,26.2633788091856],[-80.2231237026961,26.2631468092787],[-80.2230917021197,26.2628978085879],[-80.223033702143,26.2626268086811],[-80.2229747021202,26.2624118086589],[-80.2229607023739,26.2623588089128],[-80.2228667016363,26.2621038088446],[-80.2228649371664,26.2621043430419],[-80.2228640000729,26.2620990001696],[-80.2228300389745,26.2620188498909],[-80.222333856022,26.260847821071],[-80.2223307020996,26.2608388089648],[-80.2223301292314,26.260839024802],[-80.2223279996368,26.2608340002898],[-80.2202019996219,26.2616350003558],[-80.2199119997383,26.2610749997123],[-80.2183509996982,26.2610320004273],[-80.2177020003464,26.2610260001506],[-80.2053019995869,26.2608490000822],[-80.2017090002695,26.2607219996215],[-80.20169599967,26.2586880002519],[-80.201675999647,26.2570609998661],[-80.201633000362,26.2544330000837],[-80.202505000105,26.2544829996916],[-80.2027679996428,26.254526999922],[-80.2028269996657,26.2545409996683],[-80.2030019996419,26.2545849998987],[-80.2032409998716,26.2546550004288],[-80.2035450004008,26.2547100002671],[-80.2036990003079,26.254729000244],[-80.2037900000078,26.2547300002902],[-80.2039320002609,26.2547330004285],[-80.2040300002837,26.2547330004285],[-80.2041189998913,26.2547339995753],[-80.2046809997277,26.2547359996675],[-80.2060590003219,26.2547280001979],[-80.206769999835,26.2547270001518],[-80.2083580002209,26.2545219996914],[-80.2083249995984,26.2544320000376],[-80.21008299973,26.2539979998087],[-80.2101110001219,26.2540840001773],[-80.2102140003752,26.2540589999238],[-80.2123940001823,26.2535079996953],[-80.2123649997443,26.2534119997649],[-80.2145220002894,26.252996000366],[-80.2176349999546,26.2529839998126],[-80.2176319998163,26.2531460000887],[-80.2200620003604,26.2531989998349],[-80.2200560000837,26.2530140002967],[-80.2215370000318,26.2530560004349],[-80.2238279995619,26.2530950004348],[-80.2238139998156,26.2532549997193],[-80.2242870000443,26.2533030001342],[-80.2248340000884,26.2533830002262],[-80.2254139998556,26.2535040004101],[-80.2260949997838,26.253686999856],[-80.2265320001511,26.2538340003397],[-80.226928999573,26.2539910003852],[-80.2288649998192,26.2547999999209],[-80.2306429999738,26.255539999872],[-80.2307319995815,26.2553659999418],[-80.2341620003754,26.2567970002822],[-80.2341519999142,26.2569849999587],[-80.2341339999834,26.2579510004392],[-80.2340899997531,26.2631599996351],[-80.2342079997987,26.2694219997264],[-80.2342130000293,26.2721440002463],[-80.2296710001159,26.2720949997853]]]]}},{"type":"Feature","id":"FL-12011-H001-2022","properties":{"state_po":"FL","county_fips":"12011","county_name":"Broward County","precinct_id":"H001","geometry_vintage":"2022"},"geometry":{"type":"MultiPolygon","coordinates":[[[[-80.1995850003468,26.1877800002477],[-80.1995876371591,26.1877852900599],[-80.1996325816776,26.189595254818],[-80.2035054689016,26.189619957396],[-80.203464833035,26.1878036946856],[-80.203465520117,26.187797608074],[-80.2035519998243,26.1877980001784],[-80.2037750002154,26.1877960000862],[-80.2038279999616,26.1904609997762],[-80.2038279999616,26.1938749998322],[-80.2038510001229,26.1952700003112],[-80.2036360001007,26.1952660001266],[-80.2006489999507,26.1952070001038],[-80.1997699998849,26.1951870000809],[-80.1997530000003,26.1947299996906],[-80.1996329998624,26.1896490001021],[-80.1980299996841,26.189719999779],[-80.1955979999471,26.1896989997099],[-80.1955110004317,26.1864629997685],[-80.1980479996148,26.1864740002758],[-80.198139000214,26.1864730002296],[-80.1981786926918,26.1877777906134],[-80.1985209998436,26.1877780001554],[-80.1995850003468,26.1877800002477]]]]}},{"type":"Feature","id":"FL-12011-H002-2022","properties":{"state_po":"FL","county_fips":"12011","county_name":"Broward County","precinct_id":"H002","geometry_vintage":"2022"},"geometry":{"type":"MultiPolygon","coordinates":[[[[-80.2039510002378,26.200009000316],[-80.2038510001229,26.1952700003112],[-80.2038279999616,26.1938749998322],[-80.2077890000617,26.1938680004088],[-80.2078280000615,26.195452999757],[-80.2078219997848,26.1957170002402],[-80.2078700001997,26.19749899968],[-80.2113739999095,26.1974950003948],[-80.2113739999095,26.1980770002542],[-80.2117999997695,26.1980780003004],[-80.2118090001845,26.1989679999741],[-80.2118009998156,26.2010790001965],[-80.214245000106,26.2010820003349],[-80.2152990001481,26.2010729999199],[-80.2171619997259,26.2010640004042],[-80.2190549997878,26.2011810004037],[-80.2200780001989,26.2011760001731],[-80.2227749995659,26.2011509999196],[-80.2279980003068,26.2010600002197],[-80.2281910002138,26.201053999943],[-80.230066000345,26.2010560000352],[-80.2310049995804,26.2010610002658],[-80.2321429998989,26.2010600002197],[-80.2362919996754,26.2010309997817],[-80.2363319997214,26.2023339996153],[-80.2363499996521,26.2034519999107],[-80.2363970000209,26.2057570000863],[-80.2364060004359,26.206291999577],[-80.2364410002513,26.2083110000535],[-80.2364430003435,26.2084360004219],[-80.2323820001286,26.2084249999147],[-80.2289950004183,26.2084360004219],[-80.228255999614,26.2084360004219],[-80.2254099996711,26.2084379996149],[-80.2202910001289,26.2085779997757],[-80.2137620003154,26.2085910003752],[-80.2136149998317,26.2085900003291],[-80.2131750002254,26.2085880002369],[-80.2130289997879,26.2085880002369],[-80.2128749998807,26.2085870001908],[-80.2124160002975,26.2085850000985],[-80.2122630004365,26.2085850000985],[-80.2122000002292,26.2085850000985],[-80.2118110002768,26.2085860001447],[-80.2104579999361,26.2085920004213],[-80.2100069998226,26.2085949996604],[-80.2099530000303,26.2085949996604],[-80.2098679997077,26.2085949996604],[-80.2094510002628,26.2085959997065],[-80.2093130001941,26.2085969997526],[-80.2091679998027,26.2085959997065],[-80.2087339995738,26.2085939996143],[-80.2085900001277,26.2085939996143],[-80.2085550003123,26.2085929995682],[-80.208451000013,26.2085929995682],[-80.2084170002437,26.2085929995682],[-80.2081390000142,26.2085920004213],[-80.2073050002249,26.2085920004213],[-80.2070280000415,26.2085920004213],[-80.2067119998583,26.2085860001447],[-80.2064799999514,26.2085830000063],[-80.2061120000681,26.2085609998911],[-80.2057850002769,26.2085130003755],[-80.2057709996313,26.2085090001911],[-80.2054680000475,26.2084249999147],[-80.2052780002788,26.2083740002608],[-80.2051669996566,26.2083249997998],[-80.2048229999808,26.2081750000771],[-80.2046180004197,26.2080580000775],[-80.2044269997056,26.2079339997551],[-80.2043450004208,26.2078569998015],[-80.2042480004442,26.2077670001478],[-80.2041209999835,26.2076340003097],[-80.2041129996146,26.2074089998263],[-80.2040819999837,26.2055230000873],[-80.2040029999378,26.2023120003994],[-80.2039740003992,26.2010830003811],[-80.203973000353,26.2010119998048],[-80.2039569996152,26.2002719998538],[-80.2039510002378,26.200009000316]]]]}},{"type":"Feature","id":"FL-12011-H003-2022","properties":{"state_po":"FL","county_fips":"12011","county_name":"Broward County","precinct_id":"H003","geometry_vintage":"2022"},"geometry":{"type":"MultiPolygon","coordinates":[[[[-80.2039510002378,26.200009000316],[-80.2039569996152,26.2002719998538],[-80.203973000353,26.2010119998048],[-80.2039740003992,26.2010830003811],[-80.2040029999378,26.2023120003994],[-80.2040819999837,26.2055230000873],[-80.2041129996146,26.2074089998263],[-80.2041209999835,26.2076340003097],[-80.2042480004442,26.2077670001478],[-80.2043450004208,26.2078569998015],[-80.2044269997056,26.2079339997551],[-80.2046180004197,26.2080580000775],[-80.2048229999808,26.2081750000771],[-80.2051669996566,26.2083249997998],[-80.2052780002788,26.2083740002608],[-80.2054680000475,26.2084249999147],[-80.2057709996313,26.2085090001911],[-80.2057850002769,26.2085130003755],[-80.2061120000681,26.2085609998911],[-80.2064799999514,26.2085830000063],[-80.2067119998583,26.2085860001447],[-80.2070280000415,26.2085920004213],[-80.2073050002249,26.2085920004213],[-80.2081390000142,26.2085920004213],[-80.2084170002437,26.2085929995682],[-80.208451000013,26.2085929995682],[-80.2085550003123,26.2085929995682],[-80.2085900001277,26.2085939996143],[-80.2087339995738,26.2085939996143],[-80.2091679998027,26.2085959997065],[-80.2093130001941,26.2085969997526],[-80.2094510002628,26.2085959997065],[-80.2098679997077,26.2085949996604],[-80.2099530000303,26.2085949996604],[-80.2100069998226,26.2085949996604],[-80.2104579999361,26.2085920004213],[-80.2118110002768,26.2085860001447],[-80.2122000002292,26.2085850000985],[-80.2122630004365,26.2085850000985],[-80.2124160002975,26.2085850000985],[-80.2128749998807,26.2085870001908],[-80.2130289997879,26.2085880002369],[-80.2131750002254,26.2085880002369],[-80.2136149998317,26.2085900003291],[-80.2137620003154,26.2085910003752],[-80.2202910001289,26.2085779997757],[-80.2254099996711,26.2084379996149],[-80.2255030003625,26.2150309996817],[-80.2278309998001,26.2150190000277],[-80.2278430003535,26.2158689996555],[-80.2278659996155,26.2166010001369],[-80.2278810003073,26.2174960000412],[-80.2265930002661,26.2174970000873],[-80.2252989999482,26.2174879996723],[-80.2236670002312,26.2176340001099],[-80.2230430002336,26.2178900002242],[-80.2228619999806,26.2179670001778],[-80.2205100003356,26.2186860000597],[-80.2194520001091,26.2187019998983],[-80.2186239996972,26.2185979995989],[-80.2175830002546,26.2181600000848],[-80.2165110002818,26.2177679999941],[-80.2160220002145,26.2177609996713],[-80.2154400003551,26.2177530002017],[-80.2124979995824,26.2178239998786],[-80.2125039998591,26.2184489999223],[-80.2125039998591,26.2191390002655],[-80.2125120002279,26.2198309998017],[-80.2125130002741,26.2200730001697],[-80.2044040004436,26.2200700000313],[-80.2043909998441,26.2191400003117],[-80.2042080003982,26.2191410003577],[-80.2041169997991,26.215772999725],[-80.2040969997761,26.2150220001661],[-80.2040959997299,26.215002000143],[-80.2029269997806,26.2150099996127],[-80.2028770001727,26.2129360001971],[-80.1994389999093,26.21299500022],[-80.1993799998864,26.2150220001661],[-80.1974730000782,26.2150299996357],[-80.1956309996702,26.2150380000046],[-80.1955739997396,26.2107520002055],[-80.1955719996474,26.2102949998153],[-80.19556600027,26.2099130001857],[-80.1955470002932,26.2090289998893],[-80.1955699995552,26.2075180003563],[-80.1955640001778,26.2031620000271],[-80.1997719999771,26.2030840000275],[-80.1997829995851,26.202866999913],[-80.199821999585,26.201661000056],[-80.2018050002,26.201853999963],[-80.2037049996853,26.1997859999248],[-80.2037170002387,26.2002859996],[-80.2039510002378,26.200009000316]]]]}},{"type":"Feature","id":"FL-12011-H004-2022","properties":{"state_po":"FL","county_fips":"12011","county_name":"Broward County","precinct_id":"H004","geometry_vintage":"2022"},"geometry":{"type":"MultiPolygon","coordinates":[[[[-80.2125130002741,26.2200730001697],[-80.2125120002279,26.2198309998017],[-80.2125039998591,26.2191390002655],[-80.2125039998591,26.2184489999223],[-80.2124979995824,26.2178239998786],[-80.2154400003551,26.2177530002017],[-80.2160220002145,26.2177609996713],[-80.2165110002818,26.2177679999941],[-80.2175830002546,26.2181600000848],[-80.2186239996972,26.2185979995989],[-80.2194520001091,26.2187019998983],[-80.2205100003356,26.2186860000597],[-80.2228619999806,26.2179670001778],[-80.2230430002336,26.2178900002242],[-80.2236670002312,26.2176340001099],[-80.2252989999482,26.2174879996723],[-80.2265930002661,26.2174970000873],[-80.2278810003073,26.2174960000412],[-80.2314729995786,26.2175150000181],[-80.235041999588,26.217523000387],[-80.2366879999506,26.217533999995],[-80.236752000204,26.2204020000531],[-80.2367649999042,26.2208190003974],[-80.2367779996043,26.2212569999115],[-80.23684399995,26.2240530002466],[-80.2368690002036,26.2247550002439],[-80.2369870002492,26.2282909996308],[-80.234838000073,26.2282890004379],[-80.2337159995931,26.2282860002995],[-80.233450999963,26.2282850002534],[-80.2330549996879,26.2282850002534],[-80.230645000066,26.228281000069],[-80.2274199997325,26.2282680003688],[-80.2241799996066,26.2282559998154],[-80.2210399995956,26.2282389999308],[-80.2206810001274,26.226539999822],[-80.2206299995742,26.2243959998764],[-80.2205890003814,26.222496000391],[-80.2205690003584,26.2218969997476],[-80.2141510002678,26.2218939996093],[-80.2125690001586,26.2218910003702],[-80.2125150003663,26.2205159999143],[-80.2125130002741,26.2200730001697]]]]}},{"type":"Feature","id":"FL-12011-H005-2022","properties":{"state_po":"FL","county_fips":"12011","county_name":"Broward County","precinct_id":"H005","geometry_vintage":"2022"},"geometry":{"type":"MultiPolygon","coordinates":[[[[-80.2366879999506,26.217533999995],[-80.235041999588,26.217523000387],[-80.2314729995786,26.2175150000181],[-80.2278810003073,26.2174960000412],[-80.2278659996155,26.2166010001369],[-80.2278430003535,26.2158689996555],[-80.2278309998001,26.2150190000277],[-80.2255030003625,26.2150309996817],[-80.2254099996711,26.2084379996149],[-80.228255999614,26.2084360004219],[-80.2289950004183,26.2084360004219],[-80.2323820001286,26.2084249999147],[-80.2364430003435,26.2084360004219],[-80.2365020003664,26.2103600001148],[-80.2365269997206,26.2111250003194],[-80.2365350000895,26.2113610004107],[-80.2365990003429,26.2142499996386],[-80.2366099999509,26.2149850002584],[-80.2366299999738,26.215680999979],[-80.2366879999506,26.217533999995]]]]}},{"type":"Feature","id":"FL-12011-H006-2022","properties":{"state_po":"FL","county_fips":"12011","county_name":"Broward County","precinct_id":"H006","geometry_vintage":"2022"},"geometry":{"type":"MultiPolygon","coordinates":[[[[-80.2403709998212,26.2300309998316],[-80.2337450000311,26.2301309999465],[-80.2337250000081,26.2297650001555],[-80.2337159995931,26.2282860002995],[-80.234838000073,26.2282890004379],[-80.2369870002492,26.2282909996308],[-80.2368690002036,26.2247550002439],[-80.23684399995,26.2240530002466],[-80.2367779996043,26.2212569999115],[-80.2367649999042,26.2208190003974],[-80.2406279999816,26.2208330001437],[-80.2406469999584,26.221596000256],[-80.2406849999122,26.2230299998355],[-80.2407070000274,26.2238740000859],[-80.2408169997041,26.2282300004151],[-80.2403349999596,26.2282270002767],[-80.2403440003746,26.2287239998136],[-80.2403610002593,26.2296989998098],[-80.2403709998212,26.2300309998316]]]]}},{"type":"Feature","id":"FL-12011-H007-2022","properties":{"state_po":"FL","county_fips":"12011","county_name":"Broward County","precinct_id":"H007","geometry_vintage":"2022"},"geometry":{"type":"MultiPolygon","coordinates":[[[[-80.2366879999506,26.217533999995],[-80.2366299999738,26.215680999979],[-80.2366099999509,26.2149850002584],[-80.2365990003429,26.2142499996386],[-80.2365350000895,26.2113610004107],[-80.2365269997206,26.2111250003194],[-80.2365020003664,26.2103600001148],[-80.2364430003435,26.2084360004219],[-80.2364410002513,26.2083110000535],[-80.2364060004359,26.206291999577],[-80.2363970000209,26.2057570000863],[-80.2363499996521,26.2034519999107],[-80.2363319997214,26.2023339996153],[-80.2362919996754,26.2010309997817],[-80.2362880003902,26.2009519997359],[-80.2362220000446,26.1992529996271],[-80.2360789997454,26.1974490000722],[-80.2400739996147,26.1974399996571],[-80.240085000122,26.1979659996321],[-80.2401519996145,26.2010750000121],[-80.2441769999679,26.2010669996432],[-80.244319000221,26.2073990002645],[-80.2443400002902,26.2082780003303],[-80.2435329999473,26.2082780003303],[-80.240793000396,26.2082730000997],[-80.2403069995677,26.2082790003764],[-80.2403159999828,26.2084209997302],[-80.2405419996129,26.2174770000644],[-80.2406279999816,26.2208330001437],[-80.2367649999042,26.2208190003974],[-80.236752000204,26.2204020000531],[-80.2366879999506,26.217533999995]]]]}},{"type":"Feature","id":"FL-12011-J001-2022","properties":{"state_po":"FL","county_fips":"12011","county_name":"Broward County","precinct_id":"J001","geometry_vintage":"2022"},"geometry":{"type":"MultiPolygon","coordinates":[[[[-80.1913560003784,26.1864520001605],[-80.1882209996987,26.1864459998839],[-80.1882199996526,26.1866189997679],[-80.1882340002982,26.1870220003659],[-80.1876670002312,26.1870190002276],[-80.1875480001394,26.1870190002276],[-80.1875399997705,26.1867480003208],[-80.187523999932,26.1866510003443],[-80.1874920002549,26.1864459998839],[-80.1873780003937,26.1864459998839],[-80.1854060002861,26.1864429997455],[-80.1843449999212,26.1864890000681],[-80.1836809998776,26.1865670000679],[-80.1827239998121,26.1867789999517],[-80.1813809999326,26.1872520001805],[-80.1802020004213,26.1876590000637],[-80.1795180003548,26.1878629995787],[-80.1788189995965,26.1880090000162],[-80.1782799999214,26.1880809997392],[-80.1772510001329,26.188088000062],[-80.1772989996485,26.1893059995731],[-80.181365000094,26.1892430002651],[-80.1813700003246,26.1894619995725],[-80.1834279999016,26.1896659999868],[-80.1834700000398,26.1914589999338],[-80.1874900001627,26.1914139996572],[-80.1875920003699,26.1940810003388],[-80.1867449999811,26.1941119999697],[-80.1867839999809,26.19504699992],[-80.1843710002208,26.1951130002656],[-80.1784050002899,26.1951740003807],[-80.1783680003822,26.1940610003158],[-80.1783800000363,26.1934150002029],[-80.1733579995714,26.1935340002947],[-80.1733809997327,26.1944239999685],[-80.1723750001055,26.194448000176],[-80.1723030003825,26.1918619996325],[-80.1721949998987,26.1915590000487],[-80.1733069999174,26.1915780000256],[-80.1732530001252,26.188979999828],[-80.1752179999101,26.1889270000819],[-80.1751919996104,26.1881650000156],[-80.1751900004175,26.187996000316],[-80.1751389998643,26.1866120003444],[-80.1750690002335,26.1863370002532],[-80.1745479995898,26.1852759998883],[-80.1736379998931,26.1843539996382],[-80.1732790004249,26.1841570004461],[-80.1731210003333,26.1843640000994],[-80.1710769996032,26.1844030000992],[-80.1630740001643,26.1845790001216],[-80.1629849996573,26.1819809999241],[-80.1647360003655,26.1822010001769],[-80.1688660001651,26.1829769999894],[-80.1696490003005,26.1831340000349],[-80.1710369995572,26.1834100001722],[-80.1725419997128,26.1836919996869],[-80.1736020000316,26.1841140002618],[-80.174213000329,26.1845450003524],[-80.1746719999122,26.1850320003274],[-80.1749880000955,26.185545999749],[-80.1751880003253,26.1861519998158],[-80.1810980003718,26.1860250002545],[-80.1811829997949,26.1861010001619],[-80.1834740002243,26.1861119997698],[-80.1834500000168,26.1841639998695],[-80.187311000002,26.1840980004233],[-80.1874379995634,26.1840950002849],[-80.1894030002476,26.1839689998703],[-80.1894600001782,26.186265999677],[-80.1913439998251,26.186265999677],[-80.1913560003784,26.1864520001605]]],[[[-80.1995850003468,26.1877800002477],[-80.1985209998436,26.1877780001554],[-80.1981786926918,26.1877777906134],[-80.198139000214,26.1864730002296],[-80.1980479996148,26.1864740002758],[-80.1955110004317,26.1864629997685],[-80.1954949996938,26.1862909999306],[-80.1956230002007,26.1862909999306],[-80.1972159999178,26.1862980002534],[-80.1971870003791,26.1849870000509],[-80.203518000055,26.1850209998201],[-80.2037200003771,26.1850239999585],[-80.2037439996852,26.1865369995837],[-80.2037479998696,26.1867030000443],[-80.2037750002154,26.1877960000862],[-80.2035519998243,26.1877980001784],[-80.1995850003468,26.1877800002477]]]]}},{"type":"Feature","id":"FL-12011-J002-2022","properties":{"state_po":"FL","county_fips":"12011","county_name":"Broward County","precinct_id":"J002","geometry_vintage":"2022"},"geometry":{"type":"MultiPolygon","coordinates":[[[[-80.2199339998535,26.1792810004187],[-80.2196936992042,26.1802657886361],[-80.2196476988815,26.1812847888628],[-80.2196586993888,26.1818347890451],[-80.2196690002235,26.1824160001991],[-80.2197700003845,26.1872540002728],[-80.2197939996927,26.1882870002457],[-80.2198509996233,26.1906789999368],[-80.2198509996233,26.1907769999594],[-80.2198529997155,26.1910740001658],[-80.2198539997616,26.1911730002346],[-80.2198699996001,26.1916689997254],[-80.2198810001074,26.1919819997703],[-80.2198790000152,26.1921650001156],[-80.2198830001996,26.1922630001382],[-80.2198969999459,26.1925570002062],[-80.2199020001765,26.192655000229],[-80.2199400001302,26.1937939996942],[-80.2199420002225,26.193942000224],[-80.2199919998303,26.1972340000499],[-80.2200139999455,26.1988429996056],[-80.2200780001989,26.2011760001731],[-80.2190549997878,26.2011810004037],[-80.2171619997259,26.2010640004042],[-80.2152990001481,26.2010729999199],[-80.214245000106,26.2010820003349],[-80.2118009998156,26.2010790001965],[-80.2118090001845,26.1989679999741],[-80.2117999997695,26.1980780003004],[-80.2113739999095,26.1980770002542],[-80.2113739999095,26.1974950003948],[-80.2078700001997,26.19749899968],[-80.2078219997848,26.1957170002402],[-80.2078280000615,26.195452999757],[-80.2077890000617,26.1938680004088],[-80.2038279999616,26.1938749998322],[-80.2038279999616,26.1904609997762],[-80.2037750002154,26.1877960000862],[-80.2037479998696,26.1867030000443],[-80.2037439996852,26.1865369995837],[-80.2037200003771,26.1850239999585],[-80.2036810003772,26.1839590003085],[-80.2036420003774,26.1829919997819],[-80.2075439995553,26.1829739998511],[-80.2074659995556,26.1793419996345],[-80.2103179997752,26.1793370003032],[-80.2191939999025,26.1793069998191],[-80.219330999925,26.1792940001189],[-80.2199339998535,26.1792810004187]]]]}},{"type":"Feature","id":"FL-12011-J003-2022","properties":{"state_po":"FL","county_fips":"12011","county_name":"Broward County","precinct_id":"J003","geometry_vintage":"2022"},"geometry":{"type":"MultiPolygon","coordinates":[[[[-80.2199323693827,26.17930028638],[-80.2199329530427,26.1792933822846],[-80.2199335897627,26.1792858522612],[-80.2199339998535,26.1792810004187],[-80.2229820001186,26.1792930000728],[-80.224799000273,26.1792899999344],[-80.2272439997101,26.1792869997961],[-80.2296649998392,26.1792819995655],[-80.2355949999086,26.1792730000498],[-80.2356450004158,26.1792730000498],[-80.2357000002542,26.1819209998552],[-80.2360870001143,26.1917899999094],[-80.2360059999763,26.1937419999942],[-80.232619000266,26.193771999579],[-80.2304779995594,26.1937799999479],[-80.2287239996122,26.1937779998557],[-80.2287330000273,26.1938909996708],[-80.2272289999178,26.1938889995785],[-80.2265399996206,26.1938979999936],[-80.2265239997821,26.1937569997866],[-80.2240839996762,26.1937620000172],[-80.2199400001302,26.1937939996942],[-80.2199020001765,26.192655000229],[-80.2198969999459,26.1925570002062],[-80.2198830001996,26.1922630001382],[-80.2198790000152,26.1921650001156],[-80.2198810001074,26.1919819997703],[-80.2198699996001,26.1916689997254],[-80.2198539997616,26.1911730002346],[-80.2198529997155,26.1910740001658],[-80.2198509996233,26.1907769999594],[-80.2198509996233,26.1906789999368],[-80.2197939996927,26.1882870002457],[-80.2197700003845,26.1872540002728],[-80.2196690002235,26.1824160001991],[-80.2196710551744,26.1823916951215],[-80.2196586993888,26.1818347890451],[-80.2196476988815,26.1812847888628],[-80.2196746992273,26.1806967887267],[-80.2196936992042,26.1802837876675],[-80.2196936992042,26.1802657886361],[-80.2197376994346,26.1800847892825],[-80.2198796987884,26.1795167891694],[-80.2198906992957,26.1794697879013],[-80.2199052386352,26.1794107752879],[-80.2199064176464,26.1794059881967],[-80.219924699065,26.1793317878326],[-80.2199321067807,26.1793033899403],[-80.2199323693827,26.17930028638]]]]}},{"type":"Feature","id":"FL-12011-J004-2022","properties":{"state_po":"FL","county_fips":"12011","county_name":"Broward County","precinct_id":"J004","geometry_vintage":"2022"},"geometry":{"type":"MultiPolygon","coordinates":[[[[-80.2360059999763,26.1937419999942],[-80.2360090001146,26.1939030002242],[-80.2360310002298,26.1949920000816],[-80.2360409997917,26.1954109996188],[-80.2360789997454,26.1974490000722],[-80.2362220000446,26.1992529996271],[-80.2362880003902,26.2009519997359],[-80.2362919996754,26.2010309997817],[-80.2321429998989,26.2010600002197],[-80.2310049995804,26.2010610002658],[-80.230066000345,26.2010560000352],[-80.2281910002138,26.201053999943],[-80.2279980003068,26.2010600002197],[-80.2227749995659,26.2011509999196],[-80.2200780001989,26.2011760001731],[-80.2200139999455,26.1988429996056],[-80.2199919998303,26.1972340000499],[-80.2199420002225,26.193942000224],[-80.2199400001302,26.1937939996942],[-80.2240839996762,26.1937620000172],[-80.2265239997821,26.1937569997866],[-80.2265399996206,26.1938979999936],[-80.2272289999178,26.1938889995785],[-80.2287330000273,26.1938909996708],[-80.2287239996122,26.1937779998557],[-80.2304779995594,26.1937799999479],[-80.232619000266,26.193771999579],[-80.2360059999763,26.1937419999942]]]]}},{"type":"Feature","id":"FL-12011-J005-2022","properties":{"state_po":"FL","county_fips":"12011","county_name":"Broward County","precinct_id":"J005","geometry_vintage":"2022"},"geometry":{"type":"MultiPolygon","coordinates":[[[[-80.2427787061717,26.1981537933638],[-80.2418970000459,26.1981049997468],[-80.2414817057155,26.19798879205],[-80.2409820001185,26.1979729999549],[-80.2401460002371,26.197974000001],[-80.240085000122,26.1979659996321],[-80.2400739996147,26.1974399996571],[-80.2360789997454,26.1974490000722],[-80.2360409997917,26.1954109996188],[-80.2360310002298,26.1949920000816],[-80.2360090001146,26.1939030002242],[-80.2360059999763,26.1937419999942],[-80.2404180001899,26.1937300003401],[-80.2439840000609,26.1937209999251],[-80.2484079999286,26.1937139996023],[-80.251977999984,26.1936979997637],[-80.2519820001685,26.1938899996247],[-80.2520020001915,26.1949659997819],[-80.2520650003988,26.1969169998206],[-80.2520760000068,26.1977850002784],[-80.2470429999339,26.1978630002781],[-80.2462924959013,26.1978132893527],[-80.246223706758,26.197804792558],[-80.2457837071517,26.1975777928817],[-80.2454207065997,26.1974887923748],[-80.2449427070396,26.1975557927665],[-80.2447717072478,26.1976057923743],[-80.2448690004034,26.1977189999328],[-80.2448717073627,26.1977237924199],[-80.2447057069022,26.1977947920968],[-80.2445378826166,26.1978680490721],[-80.2443277056584,26.1979597934106],[-80.2441517056361,26.1980097921191],[-80.243992707297,26.1980707922341],[-80.2438157072285,26.198158792695],[-80.2436147069525,26.1983017920949],[-80.243598707114,26.1984087934319],[-80.2432749997408,26.1984650001605],[-80.2429877059172,26.1984047932475],[-80.2429719057282,26.198385816653],[-80.2427787061717,26.1981537933638]]]]}},{"type":"Feature","id":"FL-12011-J006-2022","properties":{"state_po":"FL","county_fips":"12011","county_name":"Broward County","precinct_id":"J006","geometry_vintage":"2022"},"geometry":{"type":"MultiPolygon","coordinates":[[[[-80.2422700001597,26.2170819998353],[-80.242819000296,26.2170849999736],[-80.2433680004322,26.2170870000659],[-80.2439169996691,26.2170900002042],[-80.2450469996187,26.2170989997199],[-80.2450299997341,26.2175059996031],[-80.2407290001426,26.2174749999721],[-80.2408110003267,26.2208350002359],[-80.2407589997274,26.2208350002359],[-80.2407480001195,26.2208350002359],[-80.2406849999122,26.2208340001898],[-80.2406279999816,26.2208330001437],[-80.2405419996129,26.2174770000644],[-80.2403159999828,26.2084209997302],[-80.2403069995677,26.2082790003764],[-80.240793000396,26.2082730000997],[-80.2435329999473,26.2082780003303],[-80.2443400002902,26.2082780003303],[-80.244319000221,26.2073990002645],[-80.2441769999679,26.2010669996432],[-80.2401519996145,26.2010750000121],[-80.240085000122,26.1979659996321],[-80.2401460002371,26.197974000001],[-80.2409820001185,26.1979729999549],[-80.2410207510062,26.1979785901407],[-80.2414817057155,26.19798879205],[-80.2418693899597,26.1981010166494],[-80.2418997061059,26.198109792234],[-80.2419190523217,26.1981107608038],[-80.2427787061717,26.1981537933638],[-80.2429719057282,26.198385816653],[-80.2429877059172,26.1984047932475],[-80.2432749997408,26.1984650001605],[-80.243598707114,26.1984087934319],[-80.24361406034,26.19830473018],[-80.2436147069525,26.1983017920949],[-80.2438157072285,26.198158792695],[-80.2439971409547,26.1980690907168],[-80.2441517056361,26.1980097921191],[-80.2443224617116,26.1979612826879],[-80.2447029999428,26.1977899996096],[-80.2448690004034,26.1977189999328],[-80.2447717072478,26.1976057923743],[-80.244784706948,26.1976017921898],[-80.2449427070396,26.1975557927665],[-80.2454207065997,26.1974887923748],[-80.2457837071517,26.1975777928817],[-80.246223706758,26.197804792558],[-80.2462924959013,26.1978132893527],[-80.2470429999339,26.1978630002781],[-80.2520760000068,26.1977850002784],[-80.2520970000758,26.1995469996951],[-80.252109999776,26.199746999925],[-80.2521839995912,26.2035099998874],[-80.2522899999829,26.2082509999846],[-80.2522930001212,26.2083999996611],[-80.2523550002824,26.2113879998572],[-80.2523900000977,26.2121010003618],[-80.252463999913,26.2147870001209],[-80.2511030001027,26.2147799997981],[-80.2509799998265,26.2147789997519],[-80.250610999897,26.2147769996597],[-80.250488999667,26.2147769996597],[-80.2504640003127,26.2147769996597],[-80.2503909996443,26.2147769996597],[-80.2503670003362,26.2147769996597],[-80.2496309996702,26.2147700002362],[-80.2494880002703,26.2147690001901],[-80.2490600003181,26.2147670000978],[-80.248918000065,26.2147670000978],[-80.2488949999037,26.2147670000978],[-80.247945000161,26.2147619998673],[-80.2465749999356,26.2147550004438],[-80.2457149998467,26.2147540003976],[-80.2451360001256,26.2148640000744],[-80.2445439998051,26.2150830002811],[-80.2438569996002,26.2153110000035],[-80.2428309999501,26.2153740002108],[-80.2422880000905,26.2153750002569],[-80.2416919995855,26.2153770003492],[-80.2411190001411,26.2153780003953],[-80.2411420003024,26.2159129998859],[-80.2411447216509,26.2159184821531],[-80.2411497056937,26.2161437982985],[-80.2411677056244,26.2168227981345],[-80.2411717058089,26.2169727969579],[-80.2411797061778,26.2170087968194],[-80.2412017071924,26.2170427965887],[-80.2412507058547,26.2170747980643],[-80.2412937060391,26.2170817965885],[-80.2416167056458,26.2170827966346],[-80.2417237069828,26.2170837966807],[-80.2417237267679,26.2170790149854],[-80.2422700001597,26.2170819998353]]]]}},{"type":"Feature","id":"FL-12011-J007-2022","properties":{"state_po":"FL","county_fips":"12011","county_name":"Broward County","precinct_id":"J007","geometry_vintage":"2022"},"geometry":{"type":"MultiPolygon","coordinates":[[[[-80.2422700001597,26.2170819998353],[-80.2417237267679,26.2170790149854],[-80.2417237069828,26.2170837966807],[-80.2416167056458,26.2170827966346],[-80.2412937060391,26.2170817965885],[-80.2412507058547,26.2170747980643],[-80.2412017071924,26.2170427965887],[-80.2411797061778,26.2170087968194],[-80.2411717058089,26.2169727969579],[-80.2411677056244,26.2168227981345],[-80.2411497056937,26.2161437982985],[-80.2411447216509,26.2159184821531],[-80.2411420003024,26.2159129998859],[-80.2411190001411,26.2153780003953],[-80.2416919995855,26.2153770003492],[-80.2422880000905,26.2153750002569],[-80.2428309999501,26.2153740002108],[-80.2438569996002,26.2153110000035],[-80.2445439998051,26.2150830002811],[-80.2451360001256,26.2148640000744],[-80.2457149998467,26.2147540003976],[-80.2465749999356,26.2147550004438],[-80.247945000161,26.2147619998673],[-80.2488949999037,26.2147670000978],[-80.248918000065,26.2147670000978],[-80.2490600003181,26.2147670000978],[-80.2494880002703,26.2147690001901],[-80.2496309996702,26.2147700002362],[-80.2503670003362,26.2147769996597],[-80.2503909996443,26.2147769996597],[-80.2504640003127,26.2147769996597],[-80.250488999667,26.2147769996597],[-80.250610999897,26.2147769996597],[-80.2509799998265,26.2147789997519],[-80.2511030001027,26.2147799997981],[-80.252463999913,26.2147870001209],[-80.2525080001435,26.217392999788],[-80.2525490002355,26.2185530002217],[-80.2527129997045,26.2251109995739],[-80.2527480004192,26.2267230001672],[-80.2528000001192,26.2290030000893],[-80.2528440003497,26.2299260003855],[-80.2405689999587,26.2300210002698],[-80.2403709998212,26.2300309998316],[-80.2403610002593,26.2296989998098],[-80.2403440003746,26.2287239998136],[-80.2403349999596,26.2282270002767],[-80.2408169997041,26.2282300004151],[-80.2407070000274,26.2238740000859],[-80.2406849999122,26.2230299998355],[-80.2406469999584,26.221596000256],[-80.2406279999816,26.2208330001437],[-80.2406849999122,26.2208340001898],[-80.2407480001195,26.2208350002359],[-80.2407589997274,26.2208350002359],[-80.2408110003267,26.2208350002359],[-80.2407290001426,26.2174749999721],[-80.2450299997341,26.2175059996031],[-80.2450469996187,26.2170989997199],[-80.2439169996691,26.2170900002042],[-80.2433680004322,26.2170870000659],[-80.242819000296,26.2170849999736],[-80.2422700001597,26.2170819998353]]]]}},{"type":"Feature","id":"FL-12011-J008-2022","properties":{"state_po":"FL","county_fips":"12011","county_name":"Broward County","precinct_id":"J008","geometry_vintage":"2022"},"geometry":{"type":"MultiPolygon","coordinates":[[[[-80.2729979998571,26.2155320003025],[-80.2730600000183,26.2156310003712],[-80.2732190001561,26.2158850003933],[-80.2732449995564,26.2159319998628],[-80.2733020003864,26.2160360001622],[-80.2734069998325,26.2162269999769],[-80.273411000017,26.216236000392],[-80.2735530002701,26.2165430001602],[-80.2736870001543,26.2168610004357],[-80.2737589998773,26.2170720002734],[-80.2738997158985,26.2176737969091],[-80.2739657162442,26.2183697966297],[-80.2739837161749,26.2187277969512],[-80.2739077162674,26.2194627966716],[-80.2735557162227,26.2205887982353],[-80.2731679996028,26.2213089996115],[-80.273289999833,26.2213699997266],[-80.2725540000664,26.2222790002765],[-80.2724709998361,26.2222129999309],[-80.2701649996144,26.2242110003382],[-80.2697619999157,26.2249720003584],[-80.2696860000082,26.2288500002282],[-80.2698329995926,26.2288500002282],[-80.2698359997309,26.2296910003403],[-80.2696979996623,26.2296920003864],[-80.2529970002107,26.2299099996476],[-80.2528440003497,26.2299260003855],[-80.2528000001192,26.2290030000893],[-80.2527480004192,26.2267230001672],[-80.2527129997045,26.2251109995739],[-80.2525490002355,26.2185530002217],[-80.2525080001435,26.217392999788],[-80.252463999913,26.2147870001209],[-80.2523900000977,26.2121010003618],[-80.2523550002824,26.2113879998572],[-80.2522930001212,26.2083999996611],[-80.252472000282,26.208398999615],[-80.2577350001695,26.208378999592],[-80.2605620001356,26.2083859999148],[-80.264548999636,26.2083859999148],[-80.2673799997865,26.2083619997074],[-80.2683979999671,26.2083540002378],[-80.2684820002435,26.2094129996111],[-80.2684839157994,26.2094177956956],[-80.2684847143974,26.2094177947962],[-80.2684853592113,26.2094214091716],[-80.2685277145817,26.2096587951182],[-80.268593714028,26.2099177953708],[-80.2686107139127,26.2099847948633],[-80.2687447137968,26.2103677954383],[-80.268846714004,26.2106307949761],[-80.2689807138882,26.2109247950441],[-80.2691137137263,26.2111917947664],[-80.2691757138874,26.2113397952962],[-80.269246715363,26.2115097950419],[-80.2694297139095,26.2117837950869],[-80.2696167153385,26.2120237962621],[-80.2696787146003,26.2121087947859],[-80.269773715384,26.2122387962843],[-80.2700837152906,26.2126207959139],[-80.2703767153125,26.2129077947598],[-80.2704947153582,26.2130277948977],[-80.2707799776132,26.2133170078745],[-80.2708130843557,26.2133480686593],[-80.2724467163422,26.214880795813],[-80.2726007162494,26.2150517974034],[-80.2727517160182,26.2152187961114],[-80.2729932100679,26.2155272123119],[-80.2729979998571,26.2155320003025]]]]}},{"type":"Feature","id":"FL-12011-J009-2022","properties":{"state_po":"FL","county_fips":"12011","county_name":"Broward County","precinct_id":"J009","geometry_vintage":"2022"},"geometry":{"type":"MultiPolygon","coordinates":[[[[-80.2605620001356,26.2083859999148],[-80.2577350001695,26.208378999592],[-80.252472000282,26.208398999615],[-80.2522930001212,26.2083999996611],[-80.2522899999829,26.2082509999846],[-80.2521839995912,26.2035099998874],[-80.252109999776,26.199746999925],[-80.2520970000758,26.1995469996951],[-80.2520760000068,26.1977850002784],[-80.2520650003988,26.1969169998206],[-80.2520020001915,26.1949659997819],[-80.2519820001685,26.1938899996247],[-80.251977999984,26.1936979997637],[-80.2521449995914,26.1936979997637],[-80.256099000268,26.1936979997637],[-80.2601069998375,26.1936870001558],[-80.2627270001503,26.1936829999714],[-80.2680989996684,26.1936840000175],[-80.2680989996684,26.1938499995787],[-80.2681009997607,26.1949269997821],[-80.268143999945,26.195896000401],[-80.2681470000833,26.1960219999162],[-80.2681579996912,26.1964010003068],[-80.2681619998758,26.1965279998682],[-80.2681680001525,26.1971200001887],[-80.2681720003369,26.1972849997039],[-80.2681850000371,26.1977810000939],[-80.2681900002676,26.1979469996552],[-80.2681920003599,26.1980530000468],[-80.2681949995989,26.1981520001156],[-80.2681989997834,26.198308000115],[-80.2681999998294,26.1983730004145],[-80.2682029999678,26.1984799999529],[-80.2682640000829,26.200851999621],[-80.2682809999675,26.2012799995732],[-80.2682739996447,26.2015409999181],[-80.2682779998292,26.2020370003082],[-80.2683410000365,26.2054609999261],[-80.2683939997826,26.208174000031],[-80.2673860000632,26.2081980002384],[-80.2605739997896,26.2082370002382],[-80.2605620001356,26.2083859999148]]]]}},{"type":"Feature","id":"FL-12011-J010-2022","properties":{"state_po":"FL","county_fips":"12011","county_name":"Broward County","precinct_id":"J010","geometry_vintage":"2022"},"geometry":{"type":"MultiPolygon","coordinates":[[[[-80.2683979999671,26.2083540002378],[-80.2673799997865,26.2083619997074],[-80.264548999636,26.2083859999148],[-80.2605620001356,26.2083859999148],[-80.2605739997896,26.2082370002382],[-80.2673860000632,26.2081980002384],[-80.2683939997826,26.208174000031],[-80.2683410000365,26.2054609999261],[-80.2682779998292,26.2020370003082],[-80.2682739996447,26.2015409999181],[-80.2682809999675,26.2012799995732],[-80.2682640000829,26.200851999621],[-80.2682029999678,26.1984799999529],[-80.2681999998294,26.1983730004145],[-80.2681989997834,26.198308000115],[-80.2681949995989,26.1981520001156],[-80.2681920003599,26.1980530000468],[-80.2681900002676,26.1979469996552],[-80.2681850000371,26.1977810000939],[-80.2681720003369,26.1972849997039],[-80.2681680001525,26.1971200001887],[-80.2681619998758,26.1965279998682],[-80.2681579996912,26.1964010003068],[-80.2681470000833,26.1960219999162],[-80.268143999945,26.195896000401],[-80.2681009997607,26.1949269997821],[-80.2680989996684,26.1938499995787],[-80.2680989996684,26.1936840000175],[-80.2682369997371,26.1936840000175],[-80.272083999976,26.1936809998791],[-80.2760799998914,26.1936629999484],[-80.2842059996065,26.19365999981],[-80.2843619996059,26.1936609998561],[-80.2859360002456,26.1936419998793],[-80.2874980003318,26.1936219998563],[-80.2877260000542,26.193618999718],[-80.2911240002717,26.1935870000409],[-80.2946779995893,26.1936450000176],[-80.2950430002336,26.1936470001098],[-80.2976439996702,26.1936629999484],[-80.2975620003854,26.2082879998921],[-80.2967000002042,26.2082770002842],[-80.296315999583,26.2082740001459],[-80.2952249996334,26.2082879998921],[-80.2949470003032,26.2082889999382],[-80.2945210004432,26.2082910000305],[-80.2938360003305,26.2082960002611],[-80.2911359999258,26.2082829996616],[-80.2900249999531,26.2082930001227],[-80.2887240002118,26.208306999869],[-80.2846429999738,26.2083190004224],[-80.2845480000895,26.2083190004224],[-80.2823609999595,26.2083229997075],[-80.2800579998761,26.2083229997075],[-80.279509999786,26.2083229997075],[-80.2779360000457,26.2083259998459],[-80.2769539997266,26.2083330001687],[-80.2751189996414,26.2083330001687],[-80.2746250002429,26.2083320001226],[-80.2727639998581,26.208336000307],[-80.271658000116,26.2083490000072],[-80.2709119998883,26.2083490000072],[-80.2692889996869,26.2083530001917],[-80.2685800002661,26.2083530001917],[-80.2683979999671,26.2083540002378]]]]}},{"type":"Feature","id":"FL-12011-J011-2022","properties":{"state_po":"FL","county_fips":"12011","county_name":"Broward County","precinct_id":"J011","geometry_vintage":"2022"},"geometry":{"type":"MultiPolygon","coordinates":[[[[-80.2922727214083,26.2139497951478],[-80.292259522958,26.2139503383383],[-80.2918837205566,26.2139657949863],[-80.2914677211577,26.213916796324],[-80.2909927208368,26.213919795563],[-80.2906937214374,26.213890795125],[-80.2904467208388,26.2137477948257],[-80.2904377213231,26.2137417963477],[-80.2904337202393,26.2137217963247],[-80.2903637206086,26.2134947948498],[-80.2903367202628,26.2132767955885],[-80.2903099078753,26.2130513688265],[-80.2903070003671,26.2130449998277],[-80.2909389998343,26.2117359997175],[-80.2903559999288,26.2115449999027],[-80.2896060004159,26.211406999834],[-80.2885070000973,26.2114439997417],[-80.287572000147,26.2116969997176],[-80.2862929996216,26.2123740003607],[-80.286195999645,26.2124270001068],[-80.2849220775912,26.2105016532296],[-80.2849217187617,26.2105017953225],[-80.2846787192468,26.2105967952068],[-80.2844397190171,26.2106927951373],[-80.2842937185796,26.2107377954138],[-80.284144718903,26.2107727952292],[-80.2839927190881,26.2107997946757],[-80.2838707188579,26.2108117952291],[-80.2838017183739,26.2108187946525],[-80.2836197189742,26.2108197946986],[-80.2832567184221,26.210822794837],[-80.2831037176618,26.210822794837],[-80.2826457190241,26.210822794837],[-80.2824937183098,26.2108237948831],[-80.2824936796389,26.2108186453651],[-80.2824909996593,26.2108189996979],[-80.2824701003142,26.2108245080455],[-80.2822617184029,26.2108307952059],[-80.2822227184031,26.2108347953904],[-80.2821407182189,26.2108437949061],[-80.2819417180352,26.2108767946293],[-80.2817857180358,26.210914794583],[-80.2816707181285,26.2109497952977],[-80.2814837175989,26.2110217950207],[-80.2814397182677,26.2110407949976],[-80.2813407181989,26.2110867953202],[-80.2812187440492,26.2111542696547],[-80.2811970002407,26.2111600001348],[-80.2811967169542,26.211160405729],[-80.2811886914043,26.2111719116553],[-80.281058717785,26.2112557950198],[-80.2810037179466,26.2112927949274],[-80.2808527181777,26.2114137951114],[-80.280713718063,26.2115457949034],[-80.2806807174405,26.211582794811],[-80.2805717178099,26.2117097952717],[-80.2804557178565,26.2118787949713],[-80.2804227181333,26.2119277963316],[-80.28031971788,26.212126795616],[-80.280229717327,26.2123677950386],[-80.2802097173039,26.2124407948077],[-80.2801927174193,26.212509796191],[-80.280170834216,26.2126310706682],[-80.2801687181112,26.2126427951298],[-80.2801660830976,26.2126661541206],[-80.2801537174195,26.2127757949679],[-80.2801487180882,26.2129127949904],[-80.2801657179729,26.2137267947567],[-80.280169664198,26.2138801543465],[-80.2801699996451,26.2139940004237],[-80.2801739998296,26.2141640001693],[-80.280174098755,26.214168830428],[-80.2801767166815,26.2141687962538],[-80.2801777176269,26.2142267962305],[-80.2801807177652,26.214403796299],[-80.2801827178575,26.2144627963219],[-80.2801847179497,26.2145537960217],[-80.280190717327,26.2148267960207],[-80.2801917173732,26.2148477960898],[-80.2801877180881,26.2149187957667],[-80.28018039311,26.2149135644103],[-80.2800197166359,26.2147987956288],[-80.2789179482041,26.2147940139334],[-80.2788649997193,26.214789000213],[-80.2788528723615,26.2147967110003],[-80.2784247168266,26.214880795813],[-80.2781487166893,26.2150207959738],[-80.2778357166443,26.2152697957653],[-80.2772677174306,26.2157557956943],[-80.2772015624015,26.2158466479053],[-80.2771927166699,26.2158587959475],[-80.2771927166699,26.2161177970995],[-80.2771647171773,26.2162907960842],[-80.2771977169004,26.2165557957143],[-80.2771547167162,26.2168967970504],[-80.2771387168776,26.217166796911],[-80.2769247169015,26.217367797187],[-80.276924813129,26.2173471640412],[-80.2769220000496,26.2173630002032],[-80.2756380001929,26.2170470000199],[-80.2738840002457,26.2170670000429],[-80.2737589998773,26.2170720002734],[-80.2736870001543,26.2168610004357],[-80.2735530002701,26.2165430001602],[-80.273411000017,26.216236000392],[-80.2734069998325,26.2162269999769],[-80.2733020003864,26.2160360001622],[-80.2732449995564,26.2159319998628],[-80.2732211801127,26.2158889412225],[-80.2732190001561,26.2158850003933],[-80.2730600000183,26.2156310003712],[-80.2730009199558,26.2155366623879],[-80.2729979998571,26.2155320003025],[-80.2729932100679,26.2155272123119],[-80.2727517160182,26.2152187961114],[-80.2726007162494,26.2150517974034],[-80.2724467163422,26.214880795813],[-80.2722327163661,26.2146717960674],[-80.2712427147788,26.2137487957712],[-80.2708147570947,26.2133497413983],[-80.2707837151956,26.2133207958189],[-80.2704947153582,26.2130277948977],[-80.2703767153125,26.2129077947598],[-80.2700837152906,26.2126207959139],[-80.269773715384,26.2122387962843],[-80.2696787146003,26.2121087947859],[-80.2696167153385,26.2120237962621],[-80.2694297139095,26.2117837950869],[-80.269246715363,26.2115097950419],[-80.2691757138874,26.2113397952962],[-80.2691137137263,26.2111917947664],[-80.2689807138882,26.2109247950441],[-80.268846714004,26.2106307949761],[-80.2687447137968,26.2103677954383],[-80.2686107139127,26.2099847948633],[-80.268593714028,26.2099177953708],[-80.2685277145817,26.2096587951182],[-80.2684853592113,26.2094214100709],[-80.2684847143974,26.2094177947962],[-80.2684839157994,26.2094177956956],[-80.2684820002435,26.2094129996111],[-80.2683979999671,26.2083540002378],[-80.2685800002661,26.2083530001917],[-80.2692889996869,26.2083530001917],[-80.2709119998883,26.2083490000072],[-80.271658000116,26.2083490000072],[-80.2727639998581,26.208336000307],[-80.2746250002429,26.2083320001226],[-80.2751189996414,26.2083330001687],[-80.2769539997266,26.2083330001687],[-80.2779360000457,26.2083259998459],[-80.279509999786,26.2083229997075],[-80.2800579998761,26.2083229997075],[-80.2823609999595,26.2083229997075],[-80.2845480000895,26.2083190004224],[-80.2846429999738,26.2083190004224],[-80.2887240002118,26.208306999869],[-80.2900249999531,26.2082930001227],[-80.2911359999258,26.2082829996616],[-80.2938360003305,26.2082960002611],[-80.2945210004432,26.2082910000305],[-80.2949470003032,26.2082889999382],[-80.2952249996334,26.2082879998921],[-80.296315999583,26.2082740001459],[-80.2967000002042,26.2082770002842],[-80.2975620003854,26.2082879998921],[-80.2974810002473,26.2294500000183],[-80.2962789996755,26.2294879999721],[-80.2959289997229,26.229456000295],[-80.2947890002115,26.2294520001106],[-80.2931330002871,26.2294590004334],[-80.2817939998925,26.2296070000639],[-80.2817899997081,26.2287189995831],[-80.2817879996159,26.2286570003211],[-80.2817840003307,26.228473999976],[-80.2817830002846,26.228412999861],[-80.2817749999157,26.2280940004387],[-80.281758000031,26.2274070002338],[-80.2817719997773,26.2271730002346],[-80.2817759999618,26.227138999566],[-80.2817949999387,26.2269970002122],[-80.2818309998001,26.2268260004204],[-80.2818459995926,26.2267559998904],[-80.2817369999619,26.2267090004209],[-80.2821500001218,26.2258120004244],[-80.2830219998647,26.2248379995749],[-80.2831199998874,26.2249179996668],[-80.2834709998861,26.2246600003596],[-80.2841319997913,26.2241639999695],[-80.2844540002512,26.2239229996476],[-80.285455999694,26.2229899997896],[-80.285596999901,26.2227929996981],[-80.2857970001308,26.2225169995608],[-80.2859580003608,26.222263000438],[-80.2860710001759,26.2220719997239],[-80.2862199998524,26.2218260000707],[-80.2863597203242,26.2218617966854],[-80.289417720151,26.2222757977907],[-80.2896247207036,26.2223417981364],[-80.2898617208411,26.2225067967521],[-80.2900567208403,26.2226947982272],[-80.2901417211629,26.2227607976736],[-80.2902257789959,26.222851746112],[-80.2903247206087,26.2229587978111],[-80.2905377214381,26.2232497977408],[-80.2905617207462,26.2233157980865],[-80.2906903687648,26.2234540580592],[-80.2909337208139,26.2233167981326],[-80.2910857206289,26.2232117977871],[-80.2910737209748,26.223118797995],[-80.2910017212518,26.222991796635],[-80.290873720745,26.2225637966827],[-80.2908487213907,26.2224087967294],[-80.2908487213907,26.2222877974448],[-80.2908377208835,26.2221727966381],[-80.290813720676,26.2220237978608],[-80.290813720676,26.2219207967083],[-80.2907527205609,26.2215677966174],[-80.2906917213452,26.2212777967338],[-80.2906917213452,26.2212227968955],[-80.2906677211378,26.221167797057],[-80.2906612334285,26.2211427068713],[-80.2906377206536,26.2210517971036],[-80.2906067210227,26.2209907969886],[-80.2905827208153,26.2208757970812],[-80.2905527212304,26.2205627970363],[-80.2905397206309,26.2201887968764],[-80.2905047208155,26.2200237973612],[-80.2904557212539,26.219880797062],[-80.2904557212539,26.2197657971547],[-80.2904317201471,26.2196607968092],[-80.2904259905663,26.2192510450006],[-80.2904230003206,26.2192269998271],[-80.2904286741434,26.21921932861],[-80.2904437207005,26.2191557969033],[-80.2905717212073,26.2189577967658],[-80.290626825367,26.2189514340623],[-80.2910047213902,26.218907797158],[-80.2909448580181,26.2185214627962],[-80.2909077214135,26.2182817970681],[-80.2909747200067,26.2180787958006],[-80.2913270599952,26.2180047366302],[-80.2916027210881,26.2179467960087],[-80.2916327206729,26.2178697960551],[-80.2915167207194,26.2177567971394],[-80.2915130811631,26.2177532430186],[-80.2912617206512,26.2175077973478],[-80.2912660194106,26.2170688445524],[-80.291268720974,26.2167927958517],[-80.2910797212515,26.216236796292],[-80.2907457211375,26.2156327963174],[-80.2907473552056,26.2156068337892],[-80.2907827201458,26.2150447961812],[-80.2909461710283,26.2146404726806],[-80.2909510003877,26.2146170003751],[-80.2909730913344,26.2146057462591],[-80.2913097210661,26.2143267963455],[-80.29173472088,26.2141777948702],[-80.2918287737782,26.2141697954006],[-80.2922637209933,26.2141327963923],[-80.2922727214083,26.2139497951478]]]]}},{"type":"Feature","id":"FL-12011-J012-2022","properties":{"state_po":"FL","county_fips":"12011","county_name":"Broward County","precinct_id":"J012","geometry_vintage":"2022"},"geometry":{"type":"MultiPolygon","coordinates":[[[[-80.2915167207194,26.2177567971394],[-80.2916327206729,26.2178697960551],[-80.2916027210881,26.2179467960087],[-80.2913270599952,26.2180047366302],[-80.2909747200067,26.2180787958006],[-80.2909077214135,26.2182817970681],[-80.2909448580181,26.2185214627962],[-80.2910047213902,26.218907797158],[-80.290626825367,26.2189514340623],[-80.2905717212073,26.2189577967658],[-80.2904437207005,26.2191557969033],[-80.2904286741434,26.21921932861],[-80.2904230003206,26.2192269998271],[-80.2904259905663,26.2192510450006],[-80.2904317201471,26.2196607968092],[-80.2904557212539,26.2197657971547],[-80.2904557212539,26.219880797062],[-80.2905047208155,26.2200237973612],[-80.2905397206309,26.2201887968764],[-80.2905527212304,26.2205627970363],[-80.2905827208153,26.2208757970812],[-80.2906067210227,26.2209907969886],[-80.2906377206536,26.2210517971036],[-80.2906612334285,26.2211427068713],[-80.290665337035,26.2211757092924],[-80.2907527205609,26.2215677966174],[-80.290813720676,26.2219207967083],[-80.290813720676,26.2220237978608],[-80.2908377208835,26.2221727966381],[-80.2908487213907,26.2222877974448],[-80.2908487213907,26.2224087967294],[-80.290873720745,26.2225637966827],[-80.2910017212518,26.222991796635],[-80.2910737209748,26.223118797995],[-80.2910857206289,26.2232117977871],[-80.2909303771345,26.2233069883277],[-80.2909267375782,26.2233092177471],[-80.2906903687648,26.2234540580592],[-80.2905617207462,26.2233157980865],[-80.2903247206087,26.2229587978111],[-80.2901969413351,26.2228329251003],[-80.2900567208403,26.2226947982272],[-80.2898617208411,26.2225067967521],[-80.2896247207036,26.2223417981364],[-80.289417720151,26.2222757977907],[-80.286356999875,26.2218569997016],[-80.2862199998524,26.2218260000707],[-80.2860710001759,26.2220719997239],[-80.2859580003608,26.222263000438],[-80.2857970001308,26.2225169995608],[-80.285596999901,26.2227929996981],[-80.285455999694,26.2229899997896],[-80.2844540002512,26.2239229996476],[-80.2841319997913,26.2241639999695],[-80.2834709998861,26.2246600003596],[-80.2831199998874,26.2249179996668],[-80.2830219998647,26.2248379995749],[-80.2821500001218,26.2258120004244],[-80.2817369999619,26.2267090004209],[-80.2818459995926,26.2267559998904],[-80.2818309998001,26.2268260004204],[-80.2817949999387,26.2269970002122],[-80.2817759999618,26.227138999566],[-80.2817719997773,26.2271730002346],[-80.281758000031,26.2274070002338],[-80.2817749999157,26.2280940004387],[-80.2817830002846,26.228412999861],[-80.2817840003307,26.228473999976],[-80.2817879996159,26.2286570003211],[-80.2817899997081,26.2287189995831],[-80.2817939998925,26.2296070000639],[-80.2816820001236,26.2296070000639],[-80.2698359997309,26.2296910003403],[-80.2698329995926,26.2288500002282],[-80.2696860000082,26.2288500002282],[-80.2697619999157,26.2249720003584],[-80.2701649996144,26.2242110003382],[-80.2724709998361,26.2222129999309],[-80.2725540000664,26.2222790002765],[-80.273289999833,26.2213699997266],[-80.2731679996028,26.2213089996115],[-80.2735557162227,26.2205887982353],[-80.2736397155998,26.2203647968987],[-80.2736887160607,26.2202307979139],[-80.2737667160604,26.2199827981685],[-80.2739077162674,26.2194627966716],[-80.2739766573962,26.2187960707829],[-80.2739837161749,26.2187277969512],[-80.2739657162442,26.2183697966297],[-80.2738997158985,26.2176737969091],[-80.2737589998773,26.2170720002734],[-80.2738840002457,26.2170670000429],[-80.2756380001929,26.2170470000199],[-80.2769220000496,26.2173630002032],[-80.2771387168776,26.217166796911],[-80.2771547167162,26.2168967970504],[-80.2771977169004,26.2165557957143],[-80.2771647171773,26.2162907960842],[-80.2771927166699,26.2161177970995],[-80.277189999818,26.2158539998631],[-80.2772015624015,26.2158466479053],[-80.2772677174306,26.2157557956943],[-80.2778357166443,26.2152697957653],[-80.2781487166893,26.2150207959738],[-80.2784247168266,26.214880795813],[-80.2788528723615,26.2147967110003],[-80.2788649997193,26.214789000213],[-80.2789179482041,26.2147940139334],[-80.2800197166359,26.2147987956288],[-80.28018039311,26.2149135626117],[-80.2801850003368,26.2149139996822],[-80.2801800783473,26.2144651435524],[-80.2801800001063,26.2144580002374],[-80.280174098755,26.214168830428],[-80.2801739998296,26.2141640001693],[-80.2801699996451,26.2139940004237],[-80.280169664198,26.2138801543465],[-80.2801657179729,26.2137267947567],[-80.2801487180882,26.2129127949904],[-80.2801537174195,26.2127757949679],[-80.2801660830976,26.2126661541206],[-80.2801660129505,26.2126423229857],[-80.28016600036,26.2126379999446],[-80.280170834216,26.2126310706682],[-80.2801927174193,26.212509796191],[-80.2802097173039,26.2124407948077],[-80.280229717327,26.2123677950386],[-80.28031971788,26.212126795616],[-80.2804227181333,26.2119277963316],[-80.2804557178565,26.2118787949713],[-80.2805717178099,26.2117097952717],[-80.2806807174405,26.211582794811],[-80.280713718063,26.2115457949034],[-80.2808527181777,26.2114137951114],[-80.2810037179466,26.2112927949274],[-80.281058717785,26.2112557950198],[-80.2811886914043,26.2111719116553],[-80.2811967169542,26.211160405729],[-80.2811970002407,26.2111600001348],[-80.2812187440492,26.2111542696547],[-80.2813407181989,26.2110867953202],[-80.2814397182677,26.2110407949976],[-80.2814837175989,26.2110217950207],[-80.2816707181285,26.2109497952977],[-80.2817857180358,26.210914794583],[-80.2819417180352,26.2108767946293],[-80.2821407182189,26.2108437949061],[-80.2822227184031,26.2108347953904],[-80.2822617184029,26.2108307952059],[-80.2824701012136,26.2108245071462],[-80.2824937183098,26.2108237948831],[-80.2826457190241,26.210822794837],[-80.2831037176618,26.210822794837],[-80.2832567184221,26.210822794837],[-80.2836197189742,26.2108197946986],[-80.2838017183739,26.2108187946525],[-80.2838707188579,26.2108117952291],[-80.2839927190881,26.2107997946757],[-80.284144718903,26.2107727952292],[-80.2842937185796,26.2107377954138],[-80.2844397190171,26.2106927951373],[-80.2846787192468,26.2105967952068],[-80.2849217187617,26.2105017953225],[-80.2849204929857,26.2104992574356],[-80.286195999645,26.2124270001068],[-80.2862929996216,26.2123740003607],[-80.287572000147,26.2116969997176],[-80.2885070000973,26.2114439997417],[-80.2896060004159,26.211406999834],[-80.2903559999288,26.2115449999027],[-80.2909389998343,26.2117359997175],[-80.2903070003671,26.2130449998277],[-80.2903099078753,26.2130513688265],[-80.2903367202628,26.2132767955885],[-80.2903637206086,26.2134947948498],[-80.2904337202393,26.2137217963247],[-80.2904377213231,26.2137417963477],[-80.2904467208388,26.2137477948257],[-80.2906937214374,26.213890795125],[-80.2909927208368,26.213919795563],[-80.2914677211577,26.213916796324],[-80.2918837205566,26.2139657949863],[-80.292259522958,26.2139503383383],[-80.2922727214083,26.2139497951478],[-80.2922637209933,26.2141327963923],[-80.2918287737782,26.2141697954006],[-80.29173472088,26.2141777948702],[-80.2913097210661,26.2143267963455],[-80.2909730913344,26.2146057462591],[-80.2909510003877,26.2146170003751],[-80.2909461710283,26.2146404717812],[-80.2907827201458,26.2150447961812],[-80.2907473552056,26.2156068337892],[-80.2907457211375,26.2156327963174],[-80.2910797212515,26.216236796292],[-80.291268720974,26.2167927958517],[-80.291266017612,26.2170688445524],[-80.2912617206512,26.2175077973478],[-80.2915130811631,26.2177532430186],[-80.2915167207194,26.2177567971394]]]]}},{"type":"Feature","id":"FL-12011-K001-2022","properties":{"state_po":"FL","county_fips":"12011","county_name":"Broward County","precinct_id":"K001","geometry_vintage":"2022"},"geometry":{"type":"MultiPolygon","coordinates":[[[[-80.1872140000254,26.173035000166],[-80.1872350000945,26.1734100003721],[-80.1872439996102,26.1739209996553],[-80.1872560001636,26.1761239996238],[-80.187281999564,26.1777459997789],[-80.1873269998405,26.1791899998195],[-80.1873259997944,26.1795270000719],[-80.1871820003484,26.1795290001641],[-80.1861959998449,26.179539999772],[-80.1862070003521,26.180399999861],[-80.1862070003521,26.1804500003681],[-80.1853460002171,26.1804650001605],[-80.1845290003125,26.1804769998146],[-80.1844539995518,26.1804979998836],[-80.1843179995753,26.1804959997914],[-80.1831309996952,26.1804419999992],[-80.1830709996263,26.176581000014],[-80.1830119996034,26.1735759999333],[-80.1830270002952,26.1730900000044],[-80.1830356877462,26.1729417881339],[-80.1870490472751,26.1728611917915],[-80.1872079997488,26.1728580000975],[-80.1872140000254,26.173035000166]]]]}},{"type":"Feature","id":"FL-12011-K002-2022","properties":{"state_po":"FL","county_fips":"12011","county_name":"Broward County","precinct_id":"K002","geometry_vintage":"2022"},"geometry":{"type":"MultiPolygon","coordinates":[[[[-80.1894410002013,26.1615939995643],[-80.1910149999416,26.1616339996103],[-80.1921039997991,26.1616339996103],[-80.1921779996143,26.1616339996103],[-80.1935249996783,26.1616300003251],[-80.194048999561,26.1616300003251],[-80.1963339997137,26.1616120003944],[-80.1997940000924,26.1615730003945],[-80.1999849999071,26.1615720003484],[-80.2018959998998,26.1615670001178],[-80.202971000011,26.1615670001178],[-80.203122999826,26.1615670001178],[-80.2031690001486,26.1646829999214],[-80.2031720002869,26.1648650002205],[-80.2029699999649,26.16487299969],[-80.203122999826,26.1687129996061],[-80.2017219999697,26.1687430000903],[-80.2009569997651,26.1687569998365],[-80.2002220000446,26.1687690003899],[-80.1992189996565,26.1687830001362],[-80.1993640000479,26.1716449999177],[-80.1997930000463,26.1722010003767],[-80.197013000449,26.172336000307],[-80.1962460001521,26.172336000307],[-80.1954900003625,26.1723429997305],[-80.1954710003857,26.1729560001202],[-80.1956250002929,26.1729560001202],[-80.195819000246,26.1739059998629],[-80.195809999831,26.1752729999499],[-80.1958279997617,26.1769089998513],[-80.1958580002458,26.17784699994],[-80.1959039996692,26.1797899996097],[-80.1959150001765,26.1802809997692],[-80.1954739996247,26.1802950004148],[-80.1952180004097,26.1802700001613],[-80.1952199996027,26.1803450000226],[-80.1951520000641,26.1803439999765],[-80.1947870003191,26.1803389997459],[-80.1935659997704,26.1803660000917],[-80.1933299996791,26.1803710003223],[-80.193328999633,26.180308000115],[-80.1933176915576,26.179461789331],[-80.1929750003953,26.1794609997262],[-80.1882229997909,26.1795159995646],[-80.1873259997944,26.1795270000719],[-80.1873269998405,26.1791899998195],[-80.187281999564,26.1777459997789],[-80.1872560001636,26.1761239996238],[-80.1872439996102,26.1739209996553],[-80.1872350000945,26.1734100003721],[-80.1872140000254,26.173035000166],[-80.1872079997488,26.1728580000975],[-80.189175999672,26.1728260004205],[-80.1891140004101,26.1689970001123],[-80.1901179999451,26.1689929999279],[-80.190188999622,26.1667879998672],[-80.1901189999912,26.1653550003339],[-80.1896429996241,26.1653540002878],[-80.1870719997723,26.1653629998035],[-80.1869240001418,26.1653649998957],[-80.1869189999113,26.1651909999655],[-80.1869579999111,26.1627820003899],[-80.1869420000726,26.1616549996793],[-80.1829510003877,26.1617300004401],[-80.1829209999036,26.1599199997091],[-80.1836110002468,26.1599019997783],[-80.1849429996191,26.1598779995709],[-80.1849340001033,26.1593060001726],[-80.1849160001726,26.1581619995775],[-80.1849140000804,26.1580610003158],[-80.1853349997098,26.1580519999007],[-80.1860900003526,26.1580370001083],[-80.1868729995886,26.158023000362],[-80.1870190000262,26.1580210002698],[-80.1870288422066,26.158025421337],[-80.1874286888822,26.1580077838331],[-80.1875186894353,26.1580217835793],[-80.1875976885818,26.1580617836253],[-80.187628689112,26.1580807836021],[-80.1876736893886,26.1581357843398],[-80.1879031316236,26.1584181597711],[-80.1879050004148,26.1584189997379],[-80.1873466886981,26.1588507840373],[-80.1872646894132,26.1589537833913],[-80.1872226883757,26.1590637839673],[-80.1872089997948,26.1591560004499],[-80.1872141376217,26.1592563719848],[-80.1872696887445,26.1614247840274],[-80.1872876886752,26.1615817840729],[-80.1873340001633,26.1615979997488],[-80.1894410002013,26.1615939995643]]]]}},{"type":"Feature","id":"FL-12011-K003-2022","properties":{"state_po":"FL","county_fips":"12011","county_name":"Broward County","precinct_id":"K003","geometry_vintage":"2022"},"geometry":{"type":"MultiPolygon","coordinates":[[[[-80.1894410002013,26.1615939995643],[-80.1873340001633,26.1615979997488],[-80.1872876886752,26.1615817840729],[-80.1872716888367,26.1614927853646],[-80.1872686886984,26.1613727852267],[-80.1872164335909,26.1593012220746],[-80.187212672626,26.1591521108821],[-80.1872226883757,26.1590637839673],[-80.1872646894132,26.1589537842906],[-80.1873466886981,26.1588507840373],[-80.1873676887672,26.1588347841988],[-80.1874026885826,26.1588067838069],[-80.1874766883978,26.1587517839685],[-80.1875876890199,26.1586677836921],[-80.187651688374,26.1586187841304],[-80.1878426890882,26.1584717836468],[-80.1878838798365,26.1584413658772],[-80.1879043609968,26.1584196769274],[-80.1879031316236,26.1584181606705],[-80.1878606890189,26.1583657841545],[-80.1877316893653,26.1582067831174],[-80.1877196888119,26.1581927842705],[-80.1876736893886,26.1581357843398],[-80.187628689112,26.1580807836021],[-80.1875976885818,26.1580617836253],[-80.1875706891353,26.1580447837406],[-80.1875596886281,26.1580377843172],[-80.1875186894353,26.1580217835793],[-80.1874286888822,26.1580077838331],[-80.1871596890678,26.1580187843403],[-80.1870288422066,26.158025421337],[-80.1870216889991,26.1580222080593],[-80.1870190000262,26.1580210002698],[-80.1870299996341,26.155896000301],[-80.1870169999339,26.1553149995884],[-80.1869620000955,26.1525750000371],[-80.1878746725774,26.1525705313059],[-80.1886903846529,26.152557317567],[-80.1904271562876,26.1525404265004],[-80.1928878183175,26.1525212637462],[-80.1928599995887,26.150720999975],[-80.1952370003866,26.1506559996755],[-80.1963129996446,26.1506510003443],[-80.1982940001673,26.1506429999753],[-80.1988410002113,26.1506389997909],[-80.1998269998155,26.150628000183],[-80.2027469995737,26.1505959996066],[-80.2028839995962,26.1505949995604],[-80.2029360001956,26.1528330002436],[-80.2029679998726,26.1537680001939],[-80.2029930001262,26.155622000256],[-80.2030649998492,26.1588390002205],[-80.2030639998031,26.1588960001512],[-80.2031199996876,26.1614150003029],[-80.203122999826,26.1615670001178],[-80.202971000011,26.1615670001178],[-80.2018959998998,26.1615670001178],[-80.1999849999071,26.1615720003484],[-80.1997940000924,26.1615730003945],[-80.1963339997137,26.1616120003944],[-80.194048999561,26.1616300003251],[-80.1935249996783,26.1616300003251],[-80.1921779996143,26.1616339996103],[-80.1921039997991,26.1616339996103],[-80.1910149999416,26.1616339996103],[-80.1894410002013,26.1615939995643]]]]}},{"type":"Feature","id":"FL-12011-K004-2022","properties":{"state_po":"FL","county_fips":"12011","county_name":"Broward County","precinct_id":"K004","geometry_vintage":"2022"},"geometry":{"type":"MultiPolygon","coordinates":[[[[-80.2031690001486,26.1646829999214],[-80.203122999826,26.1615670001178],[-80.2031199996876,26.1614150003029],[-80.2038880000305,26.1613010004417],[-80.2111779998642,26.1613200004186],[-80.2119739996997,26.1612960002111],[-80.2131239996722,26.1612590003035],[-80.2130719999721,26.158813999967],[-80.213029999834,26.1569090002511],[-80.2130049995804,26.1557160000942],[-80.2170279998417,26.1557040004401],[-80.2194950002934,26.155705999633],[-80.2196870001543,26.1646340003597],[-80.2162049996604,26.1646900002442],[-80.2147609996198,26.1647139995523],[-80.2133670000864,26.1647369997136],[-80.2122020003214,26.1647559996905],[-80.2110920003948,26.1647609999211],[-80.2069479999496,26.1647680002439],[-80.2058889996769,26.1647680002439],[-80.2031690001486,26.1646829999214]]]]}},{"type":"Feature","id":"FL-12011-K005-2022","properties":{"state_po":"FL","county_fips":"12011","county_name":"Broward County","precinct_id":"K005","geometry_vintage":"2022"},"geometry":{"type":"MultiPolygon","coordinates":[[[[-80.2031690001486,26.1646829999214],[-80.2058889996769,26.1647680002439],[-80.2069479999496,26.1647680002439],[-80.2110920003948,26.1647609999211],[-80.2122020003214,26.1647559996905],[-80.2133670000864,26.1647369997136],[-80.2147609996198,26.1647139995523],[-80.2162049996604,26.1646900002442],[-80.2196870001543,26.1646340003597],[-80.2196890002465,26.1647819999902],[-80.219866000315,26.1728770000744],[-80.2193639996482,26.1728469995902],[-80.2186449997663,26.1727240002133],[-80.2123150001365,26.1727879995674],[-80.2114760001166,26.1728359999823],[-80.2112359998409,26.1728269995672],[-80.2068580002958,26.1729040004201],[-80.2033409999865,26.172893999959],[-80.2031920003099,26.1728960000512],[-80.2031680001025,26.1711959998963],[-80.203122999826,26.1687129996061],[-80.2029699999649,26.16487299969],[-80.2031720002869,26.1648650002205],[-80.2031690001486,26.1646829999214]]]]}},{"type":"Feature","id":"FL-12011-K006-2022","properties":{"state_po":"FL","county_fips":"12011","county_name":"Broward County","precinct_id":"K006","geometry_vintage":"2022"},"geometry":{"type":"MultiPolygon","coordinates":[[[[-80.2191939999025,26.1793069998191],[-80.2103179997752,26.1793370003032],[-80.2074659995556,26.1793419996345],[-80.2075439995553,26.1829739998511],[-80.2036420003774,26.1829919997819],[-80.2035830003545,26.1803219998613],[-80.203436999917,26.1803229999074],[-80.1959150001765,26.1802809997692],[-80.1959039996692,26.1797899996097],[-80.1958580002458,26.17784699994],[-80.1958279997617,26.1769089998513],[-80.195809999831,26.1752729999499],[-80.195819000246,26.1739059998629],[-80.1956250002929,26.1729560001202],[-80.1954710003857,26.1729560001202],[-80.1954900003625,26.1723429997305],[-80.1962460001521,26.172336000307],[-80.197013000449,26.172336000307],[-80.1997930000463,26.1722010003767],[-80.1993640000479,26.1716449999177],[-80.1992189996565,26.1687830001362],[-80.2002220000446,26.1687690003899],[-80.2009569997651,26.1687569998365],[-80.2017219999697,26.1687430000903],[-80.203122999826,26.1687129996061],[-80.2031680001025,26.1711959998963],[-80.2031920003099,26.1728960000512],[-80.2033409999865,26.172893999959],[-80.2068580002958,26.1729040004201],[-80.2112359998409,26.1728269995672],[-80.2114760001166,26.1728359999823],[-80.2123150001365,26.1727879995674],[-80.2186449997663,26.1727240002133],[-80.2193639996482,26.1728469995902],[-80.219866000315,26.1728770000744],[-80.2198670003611,26.1729719999587],[-80.2198790000152,26.1740629999084],[-80.2198779999691,26.1741749996773],[-80.2198739997846,26.1750490004119],[-80.219846000292,26.1754890000182],[-80.2198139997157,26.1758179999016],[-80.2197199998774,26.1765989999448],[-80.2196249999931,26.1772530004265],[-80.2194819996939,26.1780419999392],[-80.2194039996942,26.178475000122],[-80.2193039995793,26.1789060002126],[-80.2191939999025,26.1793069998191]]]]}},{"type":"Feature","id":"FL-12011-K007-2022","properties":{"state_po":"FL","county_fips":"12011","county_name":"Broward County","precinct_id":"K007","geometry_vintage":"2022"},"geometry":{"type":"MultiPolygon","coordinates":[[[[-80.2037200003771,26.1850239999585],[-80.203518000055,26.1850209998201],[-80.1971870003791,26.1849870000509],[-80.1972159999178,26.1862980002534],[-80.1956230002007,26.1862909999306],[-80.1954739996247,26.1802950004148],[-80.1959150001765,26.1802809997692],[-80.203436999917,26.1803229999074],[-80.2035830003545,26.1803219998613],[-80.2036420003774,26.1829919997819],[-80.2036810003772,26.1839590003085],[-80.2037200003771,26.1850239999585]]]]}},{"type":"Feature","id":"FL-12011-L001-2022","properties":{"state_po":"FL","county_fips":"12011","county_name":"Broward County","precinct_id":"L001","geometry_vintage":"2022"},"geometry":{"type":"MultiPolygon","coordinates":[[[[-80.2012626919191,26.1246397748066],[-80.2013129748133,26.1246385490307],[-80.2013856921953,26.1246367746683],[-80.2014393511445,26.12607516204],[-80.201446769652,26.1262740381172],[-80.201462999717,26.1263439999765],[-80.2015480000395,26.1284710000375],[-80.2016140003852,26.1298790002165],[-80.2017080002234,26.1320390000007],[-80.2017369997621,26.1327769998595],[-80.2017690003385,26.1336679995794],[-80.2015300001088,26.1336709997177],[-80.2016049999701,26.1358480002859],[-80.20126999981,26.1359790000317],[-80.1955749997858,26.1360109997087],[-80.192598000097,26.1360899997546],[-80.1866409996817,26.1361980002384],[-80.1865489999357,26.1340199996242],[-80.1864669997516,26.1333150003878],[-80.1864550000975,26.1329149999282],[-80.1864400003051,26.1322390002305],[-80.1864620004203,26.1315140000719],[-80.1864439995903,26.1308000004205],[-80.1864370001668,26.1305060003525],[-80.1864279997517,26.1300770003542],[-80.1864249996134,26.1293730002647],[-80.1864430004434,26.1286429998754],[-80.186369999775,26.1277289999942],[-80.1863220002595,26.1270399996971],[-80.1863159999828,26.1267590002286],[-80.18630899966,26.1263530003915],[-80.1862959999598,26.1256450001175],[-80.1862650003288,26.1249690004199],[-80.186258000006,26.1242440002613],[-80.1862440002598,26.1235159999643],[-80.1862339997986,26.1231930003576],[-80.1861939997526,26.1221669998081],[-80.1861820000986,26.1218389999707],[-80.1861899995682,26.1214649998108],[-80.1861899995682,26.1213810004337],[-80.1861929997065,26.1212519998808],[-80.1880810004371,26.1212089996965],[-80.1904099999209,26.1211519997659],[-80.1914979997322,26.1211309996967],[-80.1940270003451,26.1210709996278],[-80.1972410001713,26.1209999999509],[-80.1972430002636,26.1211319997429],[-80.1972630002866,26.1218800000628],[-80.1987749998657,26.1218450002474],[-80.1990780003488,26.1222160002691],[-80.1996889997469,26.1227230002671],[-80.2003626917842,26.1233007742122],[-80.2005686572171,26.1234123773802],[-80.200816692036,26.1235467747647],[-80.2008194673439,26.1236069142286],[-80.2008196921744,26.1236117741649],[-80.2012210002483,26.1235929999179],[-80.2012626919191,26.1246397748066]]]]}},{"type":"Feature","id":"FL-12011-L002-2022","properties":{"state_po":"FL","county_fips":"12011","county_name":"Broward County","precinct_id":"L002","geometry_vintage":"2022"},"geometry":{"type":"MultiPolygon","coordinates":[[[[-80.1865990004429,26.1416129999409],[-80.1865740001893,26.1398139997172],[-80.1865469998435,26.1379859999548],[-80.1865269998205,26.1370400003966],[-80.1865029996131,26.1363629997535],[-80.1864970002357,26.1361930000078],[-80.1866409996817,26.1361980002384],[-80.192598000097,26.1360899997546],[-80.1955749997858,26.1360109997087],[-80.20126999981,26.1359790000317],[-80.2022890000367,26.1359630001932],[-80.2025440001049,26.1359630001932],[-80.2025500003816,26.1361269996622],[-80.2026290004273,26.137592999818],[-80.2074729998784,26.1374389999108],[-80.2074739999245,26.1375640002793],[-80.2074739999245,26.1375840003022],[-80.2115029995632,26.1375240002333],[-80.212655999674,26.1375250002794],[-80.2126629999968,26.1381840000924],[-80.212665000089,26.1388860000897],[-80.2126670001813,26.1395720002485],[-80.2126690002735,26.1402750002919],[-80.2126710003657,26.1409770002892],[-80.2126470001583,26.1416649996409],[-80.2125599997435,26.1423529998919],[-80.2123679998826,26.1430539998431],[-80.2119329996076,26.1454630003181],[-80.2108469998885,26.1454689996955],[-80.2104620001206,26.1454780001105],[-80.2105210001434,26.1476939997792],[-80.2105050003049,26.1497290000942],[-80.2101969995912,26.1497320002325],[-80.207782999785,26.1501440003462],[-80.2069780004337,26.1503000003456],[-80.2057810000924,26.1505910002753],[-80.2049189999113,26.1506029999294],[-80.2045089998898,26.1506090002061],[-80.2043950000286,26.1506120003444],[-80.2043440003746,26.1506140004366],[-80.204055999684,26.1506209998601],[-80.2039429998689,26.1506250000446],[-80.2028839995962,26.1505949995604],[-80.2027469995737,26.1505959996066],[-80.1998269998155,26.150628000183],[-80.1988410002113,26.1506389997909],[-80.1982940001673,26.1506429999753],[-80.1963129996446,26.1506510003443],[-80.1952370003866,26.1506559996755],[-80.1928599995887,26.150720999975],[-80.1928606911673,26.1505917817861],[-80.1917159998928,26.1506039999755],[-80.1892579998561,26.1506359996525],[-80.1869139996807,26.1506640000445],[-80.1868660001651,26.1489399996821],[-80.1868609999345,26.1467589998289],[-80.1867470000734,26.142869000305],[-80.1867520003039,26.1416119998947],[-80.1865990004429,26.1416129999409]]]]}},{"type":"Feature","id":"FL-12011-L003-2022","properties":{"state_po":"FL","county_fips":"12011","county_name":"Broward County","precinct_id":"L003","geometry_vintage":"2022"},"geometry":{"type":"MultiPolygon","coordinates":[[[[-80.2031199996876,26.1614150003029],[-80.2030639998031,26.1588960001512],[-80.2030649998492,26.1588390002205],[-80.2029930001262,26.155622000256],[-80.2029679998726,26.1537680001939],[-80.2029360001956,26.1528330002436],[-80.2028839995962,26.1505949995604],[-80.2039429998689,26.1506250000446],[-80.204055999684,26.1506209998601],[-80.2043440003746,26.1506140004366],[-80.2043950000286,26.1506120003444],[-80.2045089998898,26.1506090002061],[-80.2049189999113,26.1506029999294],[-80.2057810000924,26.1505910002753],[-80.2069780004337,26.1503000003456],[-80.207782999785,26.1501440003462],[-80.2101969995912,26.1497320002325],[-80.2105050003049,26.1497290000942],[-80.2121970000908,26.149676000348],[-80.2154899999629,26.1494410003028],[-80.2156609997547,26.1500630002081],[-80.2160020001915,26.1506779997907],[-80.2170099999109,26.1526770002442],[-80.2170210004182,26.1539159998244],[-80.2170279998417,26.1553589998189],[-80.2170279998417,26.1557040004401],[-80.2130049995804,26.1557160000942],[-80.213029999834,26.1569090002511],[-80.2130719999721,26.158813999967],[-80.2131239996722,26.1612590003035],[-80.2119739996997,26.1612960002111],[-80.2111779998642,26.1613200004186],[-80.2038880000305,26.1613010004417],[-80.2031199996876,26.1614150003029]]]]}},{"type":"Feature","id":"FL-12011-L004-2022","properties":{"state_po":"FL","county_fips":"12011","county_name":"Broward County","precinct_id":"L004","geometry_vintage":"2022"},"geometry":{"type":"MultiPolygon","coordinates":[[[[-80.2159790000302,26.1359590000087],[-80.2161770001678,26.1359600000548],[-80.216555999659,26.1375379999796],[-80.2171209996338,26.1375369999335],[-80.2191020001565,26.1375309996568],[-80.2191519997643,26.1397599999249],[-80.2192909998791,26.1461879995774],[-80.2193780002938,26.1502319999078],[-80.2194950002934,26.155705999633],[-80.2170279998417,26.1557040004401],[-80.2170279998417,26.1553589998189],[-80.2170210004182,26.1539159998244],[-80.2170099999109,26.1526770002442],[-80.2160020001915,26.1506779997907],[-80.2156609997547,26.1500630002081],[-80.2154899999629,26.1494410003028],[-80.2121970000908,26.149676000348],[-80.2105050003049,26.1497290000942],[-80.2105210001434,26.1476939997792],[-80.2104620001206,26.1454780001105],[-80.2108469998885,26.1454689996955],[-80.2119329996076,26.1454630003181],[-80.2123679998826,26.1430539998431],[-80.2125599997435,26.1423529998919],[-80.2126470001583,26.1416649996409],[-80.2126710003657,26.1409770002892],[-80.2126690002735,26.1402750002919],[-80.2126670001813,26.1395720002485],[-80.212665000089,26.1388860000897],[-80.2126629999968,26.1381840000924],[-80.212655999674,26.1375250002794],[-80.2157789998004,26.1375349998413],[-80.2156996957836,26.1364447769058],[-80.2153341276672,26.1363260771876],[-80.2151976960162,26.1362817783822],[-80.2151949998487,26.1359480004008],[-80.2159790000302,26.1359590000087]]]]}},{"type":"Feature","id":"FL-12011-L005-2022","properties":{"state_po":"FL","county_fips":"12011","county_name":"Broward County","precinct_id":"L005","geometry_vintage":"2022"},"geometry":{"type":"MultiPolygon","coordinates":[[[[-80.2197729996236,26.1360349999162],[-80.2197886981892,26.1362557780826],[-80.2197456980049,26.1362927770909],[-80.2197316982586,26.1363407784051],[-80.2197476980972,26.137252778194],[-80.2197696982124,26.1373097781246],[-80.219757697659,26.1377157779617],[-80.2200519998992,26.1377190002326],[-80.2213009999405,26.1377010003018],[-80.2220369997071,26.1376990002096],[-80.2231339999335,26.1377020003479],[-80.2230949999337,26.1359020000781],[-80.2230929998414,26.1357759996635],[-80.2242550003673,26.1357700002862],[-80.2242520002289,26.1359020000781],[-80.2242300001138,26.1375139997721],[-80.2265279999665,26.1375080003948],[-80.2268129996196,26.1375090004409],[-80.2267440000349,26.1388579996978],[-80.2268209999885,26.1429640001893],[-80.2269539998266,26.1502489997924],[-80.226512000128,26.1502529999768],[-80.224719000181,26.1502390002306],[-80.2240400003451,26.1502380001845],[-80.2233679999326,26.1502329999539],[-80.2233689999787,26.1502719999537],[-80.2203330002671,26.1502350000461],[-80.2195490000856,26.150234],[-80.2193780002938,26.1502319999078],[-80.2192909998791,26.1461879995774],[-80.2191519997643,26.1397599999249],[-80.2191020001565,26.1375309996568],[-80.2192919999252,26.1375299996107],[-80.219412697937,26.1375347768094],[-80.2193829996251,26.1360349999162],[-80.2197729996236,26.1360349999162]]]]}},{"type":"Feature","id":"FL-12011-L006-2022","properties":{"state_po":"FL","county_fips":"12011","county_name":"Broward County","precinct_id":"L006","geometry_vintage":"2022"},"geometry":{"type":"MultiPolygon","coordinates":[[[[-80.2269539998266,26.1502489997924],[-80.2273380004477,26.1502479997463],[-80.2276009999855,26.1502509998846],[-80.2303190003209,26.1502570001613],[-80.2309909998341,26.1502610003458],[-80.2311350001794,26.1560870001159],[-80.2311409995568,26.1564349999761],[-80.2311659998104,26.1577559997404],[-80.231272000202,26.1634319997879],[-80.2313280000865,26.1646850000136],[-80.2270040003337,26.1646920003364],[-80.2270010001953,26.1648589999438],[-80.2239859996535,26.1648640001744],[-80.2226649998892,26.1648490003819],[-80.2198759998768,26.1647789998518],[-80.2196890002465,26.1647819999902],[-80.2196870001543,26.1646340003597],[-80.2194950002934,26.155705999633],[-80.2193780002938,26.1502319999078],[-80.2195490000856,26.150234],[-80.2203330002671,26.1502350000461],[-80.2233689999787,26.1502719999537],[-80.2233679999326,26.1502329999539],[-80.2240400003451,26.1502380001845],[-80.224719000181,26.1502390002306],[-80.226512000128,26.1502529999768],[-80.2269539998266,26.1502489997924]]]]}},{"type":"Feature","id":"FL-12011-L007-2022","properties":{"state_po":"FL","county_fips":"12011","county_name":"Broward County","precinct_id":"L007","geometry_vintage":"2022"},"geometry":{"type":"MultiPolygon","coordinates":[[[[-80.2313280000865,26.1646850000136],[-80.2319839997611,26.1646839999675],[-80.2352910002788,26.1646809998292],[-80.2394230001707,26.1646690001751],[-80.2409789999802,26.1648460002436],[-80.2409399999804,26.1650309997817],[-80.2418369999769,26.1651699998965],[-80.2407670000963,26.1663710004222],[-80.2365930000663,26.1712200001038],[-80.2377329995776,26.172154000008],[-80.2395669996167,26.1749470002048],[-80.2398340002383,26.1763419997843],[-80.2398479999845,26.1792509999346],[-80.2371800001562,26.1792679998192],[-80.236246000252,26.1792689998653],[-80.2356450004158,26.1792730000498],[-80.2355949999086,26.1792730000498],[-80.2296649998392,26.1792819995655],[-80.2272439997101,26.1792869997961],[-80.224799000273,26.1792899999344],[-80.2229820001186,26.1792930000728],[-80.2199339998535,26.1792810004187],[-80.219330999925,26.1792940001189],[-80.2191939999025,26.1793069998191],[-80.2193039995793,26.1789060002126],[-80.2194039996942,26.178475000122],[-80.2194819996939,26.1780419999392],[-80.2196249999931,26.1772530004265],[-80.2197199998774,26.1765989999448],[-80.2198139997157,26.1758179999016],[-80.219846000292,26.1754890000182],[-80.2198739997846,26.1750490004119],[-80.2198779999691,26.1741749996773],[-80.2198790000152,26.1740629999084],[-80.2198670003611,26.1729719999587],[-80.219866000315,26.1728770000744],[-80.2196890002465,26.1647819999902],[-80.2198759998768,26.1647789998518],[-80.2226649998892,26.1648490003819],[-80.2239859996535,26.1648640001744],[-80.2270010001953,26.1648589999438],[-80.2270040003337,26.1646920003364],[-80.2313280000865,26.1646850000136]]]]}},{"type":"Feature","id":"FL-12011-L008-2022","properties":{"state_po":"FL","county_fips":"12011","county_name":"Broward County","precinct_id":"L008","geometry_vintage":"2022"},"geometry":{"type":"MultiPolygon","coordinates":[[[[-80.2457129997545,26.1907460003285],[-80.2447179997352,26.1907499996137],[-80.2445177072257,26.1910707913848],[-80.2444167070647,26.1912307906693],[-80.2442697056817,26.1915437907143],[-80.2441957058665,26.1917597907826],[-80.2441417069736,26.1919707906204],[-80.2441107073426,26.1921117908274],[-80.2440840001758,26.192221],[-80.2439840000609,26.1937209999251],[-80.2404180001899,26.1937300003401],[-80.2360059999763,26.1937419999942],[-80.2360870001143,26.1917899999094],[-80.2357000002542,26.1819209998552],[-80.2356450004158,26.1792730000498],[-80.236246000252,26.1792689998653],[-80.2371800001562,26.1792679998192],[-80.2398479999845,26.1792509999346],[-80.2398340002383,26.1763419997843],[-80.2395669996167,26.1749470002048],[-80.2377329995776,26.172154000008],[-80.2365930000663,26.1712200001038],[-80.2407670000963,26.1663710004222],[-80.2418369999769,26.1651699998965],[-80.2409399999804,26.1650309997817],[-80.2409789999802,26.1648460002436],[-80.2417549997928,26.1646629998984],[-80.2422720002519,26.1646710002673],[-80.2447120003579,26.1646130002906],[-80.2514439996402,26.164719999829],[-80.251480000401,26.1664389999607],[-80.251481999594,26.1666119998448],[-80.2516809997776,26.1786259998909],[-80.2516700001697,26.1791669996582],[-80.2516710002158,26.1792699999115],[-80.2516920002849,26.1810750004118],[-80.2518690003534,26.1810750004118],[-80.2519100004455,26.1831420004038],[-80.2517470001233,26.18314300045],[-80.2518349996848,26.1881419998543],[-80.250215999668,26.1881779997158],[-80.25015300036,26.1881779997158],[-80.2501599997835,26.1885940000139],[-80.2502280002214,26.1910970003272],[-80.2494349996249,26.1911110000735],[-80.2493959996251,26.1900390001006],[-80.2467489998658,26.1900859995701],[-80.2465967068719,26.1906517909483],[-80.2465747067566,26.1906917909942],[-80.2465277081865,26.190729790948],[-80.2457129997545,26.1907460003285]]]]}},{"type":"Feature","id":"FL-12011-L009-2022","properties":{"state_po":"FL","county_fips":"12011","county_name":"Broward County","precinct_id":"L009","geometry_vintage":"2022"},"geometry":{"type":"MultiPolygon","coordinates":[[[[-80.2457129997545,26.1907460003285],[-80.2463677071033,26.1907477908787],[-80.2464757066879,26.1907477908787],[-80.2465277081865,26.190729790948],[-80.2465747067566,26.1906917909942],[-80.2466057081862,26.190620790418],[-80.2466947068946,26.1903317896812],[-80.2467197071481,26.190223790996],[-80.2467489998658,26.1900859995701],[-80.2493959996251,26.1900390001006],[-80.2494349996249,26.1911110000735],[-80.2502280002214,26.1910970003272],[-80.2501599997835,26.1885940000139],[-80.25015300036,26.1881779997158],[-80.250215999668,26.1881779997158],[-80.2518349996848,26.1881419998543],[-80.2517470001233,26.18314300045],[-80.2519100004455,26.1831420004038],[-80.2518690003534,26.1810750004118],[-80.2516920002849,26.1810750004118],[-80.2516710002158,26.1792699999115],[-80.2516700001697,26.1791669996582],[-80.2518230000308,26.179165999612],[-80.253335999656,26.1791610002808],[-80.2551149998567,26.179153999958],[-80.2559820002684,26.1791519998658],[-80.2598000000693,26.1791479996813],[-80.2630339999185,26.1791170000504],[-80.2637000000543,26.1791180000965],[-80.263798000077,26.1791190001426],[-80.2641249998682,26.1791170000504],[-80.2651100003256,26.179113999912],[-80.2654380001629,26.1791129998659],[-80.267778000154,26.179113999912],[-80.2677810002923,26.1792439996117],[-80.2678230004305,26.1810280000431],[-80.2678459996925,26.1820399999469],[-80.2678970002457,26.1844640002143],[-80.2679219995999,26.1864659999068],[-80.268002999738,26.1887999996211],[-80.2680340002682,26.190873999936],[-80.2680989996684,26.1936840000175],[-80.2627270001503,26.1936829999714],[-80.2601069998375,26.1936870001558],[-80.256099000268,26.1936979997637],[-80.2521449995914,26.1936979997637],[-80.251977999984,26.1936979997637],[-80.2484079999286,26.1937139996023],[-80.2439840000609,26.1937209999251],[-80.2440840001758,26.192221],[-80.244091264,26.1922041467049],[-80.2441107073426,26.1921117908274],[-80.2441417069736,26.1919707906204],[-80.2441957058665,26.1917597907826],[-80.2442697056817,26.1915437907143],[-80.2444167070647,26.1912307906693],[-80.2445177072257,26.1910707913848],[-80.2447062087239,26.190777356091],[-80.2447207057953,26.1907547903022],[-80.2447233569966,26.1907499780299],[-80.2457129997545,26.1907460003285]]]]}},{"type":"Feature","id":"FL-12011-M001-2022","properties":{"state_po":"FL","county_fips":"12011","county_name":"Broward County","precinct_id":"M001","geometry_vintage":"2022"},"geometry":{"type":"MultiPolygon","coordinates":[[[[-80.2268129996196,26.1375090004409],[-80.2267919995505,26.1360889997084],[-80.2267260001042,26.1358969998475],[-80.2266740004041,26.1357559996405],[-80.2315309995553,26.1357379997098],[-80.2346440001198,26.1357330003785],[-80.2347149997967,26.1357330003785],[-80.2347200000273,26.1358640001244],[-80.2348070004421,26.1380460000237],[-80.2350279998417,26.1502150000231],[-80.2345510003278,26.1500650003004],[-80.2344039998441,26.150375000207],[-80.2323100004056,26.1502529999768],[-80.232173000383,26.150254000023],[-80.2310730000183,26.1502620003919],[-80.2309909998341,26.1502610003458],[-80.2303190003209,26.1502570001613],[-80.2276009999855,26.1502509998846],[-80.2273380004477,26.1502479997463],[-80.2269539998266,26.1502489997924],[-80.2268209999885,26.1429640001893],[-80.2267440000349,26.1388579996978],[-80.2268129996196,26.1375090004409]]]]}},{"type":"Feature","id":"FL-12011-M002-2022","properties":{"state_po":"FL","county_fips":"12011","county_name":"Broward County","precinct_id":"M002","geometry_vintage":"2022"},"geometry":{"type":"MultiPolygon","coordinates":[[[[-80.2309909998341,26.1502610003458],[-80.2310730000183,26.1502620003919],[-80.232173000383,26.150254000023],[-80.2323100004056,26.1502529999768],[-80.2344039998441,26.150375000207],[-80.2345510003278,26.1500650003004],[-80.2350279998417,26.1502150000231],[-80.2451279997567,26.1501820002999],[-80.2451269997106,26.1505120002295],[-80.2451469997336,26.1512019996734],[-80.2451719999872,26.1521639999695],[-80.2451800003561,26.1528859999898],[-80.2452689999637,26.1538349996863],[-80.2456359998009,26.1547270003517],[-80.2436659997854,26.1580149999931],[-80.2428970002957,26.1596400002867],[-80.2429999996496,26.1639650000856],[-80.2424270002052,26.1643069996692],[-80.2425680004122,26.1644930001527],[-80.2422720002519,26.1646710002673],[-80.2417549997928,26.1646629998984],[-80.2409789999802,26.1648460002436],[-80.2394230001707,26.1646690001751],[-80.2352910002788,26.1646809998292],[-80.2319839997611,26.1646839999675],[-80.2313280000865,26.1646850000136],[-80.231272000202,26.1634319997879],[-80.2311659998104,26.1577559997404],[-80.2311409995568,26.1564349999761],[-80.2311350001794,26.1560870001159],[-80.2309909998341,26.1502610003458]]]]}},{"type":"Feature","id":"FL-12011-M003-2022","properties":{"state_po":"FL","county_fips":"12011","county_name":"Broward County","precinct_id":"M003","geometry_vintage":"2022"},"geometry":{"type":"MultiPolygon","coordinates":[[[[-80.2678269997156,26.159006999874],[-80.267070999926,26.1590249998048],[-80.2660040001838,26.159026999897],[-80.266006000276,26.1597259997559],[-80.2660050002299,26.1604180001914],[-80.2659739996997,26.1610549998892],[-80.2628539997116,26.1611139999121],[-80.2602350003443,26.1611259995661],[-80.2600679998376,26.16043400003],[-80.2600629996071,26.1597429996406],[-80.2600580002758,26.1590479999661],[-80.2573759998019,26.1590500000584],[-80.2572429999638,26.1620810004387],[-80.2570710001259,26.1620509999545],[-80.2570560003335,26.1621209995853],[-80.2567729998734,26.1634929999029],[-80.2566969999659,26.1643069996692],[-80.2564470001283,26.1668249997748],[-80.2516330002621,26.1664519996609],[-80.2516399996856,26.1666240003982],[-80.251481999594,26.1666119998448],[-80.251480000401,26.1664389999607],[-80.2514439996402,26.164719999829],[-80.2447120003579,26.1646130002906],[-80.2422720002519,26.1646710002673],[-80.2425680004122,26.1644930001527],[-80.2424270002052,26.1643069996692],[-80.2429999996496,26.1639650000856],[-80.2428970002957,26.1596400002867],[-80.2436659997854,26.1580149999931],[-80.2456359998009,26.1547270003517],[-80.2452689999637,26.1538349996863],[-80.2451800003561,26.1528859999898],[-80.2451719999872,26.1521639999695],[-80.2451469997336,26.1512019996734],[-80.2451269997106,26.1505120002295],[-80.2451279997567,26.1501820002999],[-80.2462819999137,26.1501679996543],[-80.2570089999647,26.1501499997236],[-80.2571730003331,26.1501460004384],[-80.267789999808,26.1501119997698],[-80.2677919999002,26.1504399996071],[-80.2677739999694,26.1520639998546],[-80.2678770002227,26.1529349995515],[-80.2680550003373,26.1547739998211],[-80.2680589996225,26.1549519999357],[-80.2680669999914,26.1566659998369],[-80.2678269997156,26.159006999874]]]]}},{"type":"Feature","id":"FL-12011-M004-2022","properties":{"state_po":"FL","county_fips":"12011","county_name":"Broward County","precinct_id":"M004","geometry_vintage":"2022"},"geometry":{"type":"MultiPolygon","coordinates":[[[[-80.2678269997156,26.159006999874],[-80.2678289998078,26.1592110002883],[-80.2678380002229,26.1598249998248],[-80.2678410003612,26.1600300002851],[-80.2678410003612,26.1601959998464],[-80.2678449996463,26.1606960004209],[-80.2678420004073,26.1608619999822],[-80.2678380002229,26.1610299996357],[-80.2678279997617,26.1615300002102],[-80.2678129999693,26.1617020000481],[-80.2678099998309,26.161741000048],[-80.2678000002691,26.1617969999325],[-80.2677630003615,26.1620340000699],[-80.2677519998542,26.1620810004387],[-80.2677299997391,26.1621869999309],[-80.2677109997622,26.1622730002996],[-80.2674409999016,26.1640589999238],[-80.267445000086,26.1642849995539],[-80.2674710003857,26.1659119999397],[-80.2674739996247,26.1664559998454],[-80.2675169998091,26.1682370001383],[-80.2639069997076,26.1677589996789],[-80.2620939997377,26.167413999957],[-80.2566349998047,26.1668439997517],[-80.2564470001283,26.1668249997748],[-80.2566969999659,26.1643069996692],[-80.2567729998734,26.1634929999029],[-80.2570560003335,26.1621209995853],[-80.2570710001259,26.1620509999545],[-80.2572429999638,26.1620810004387],[-80.2573759998019,26.1590500000584],[-80.2600580002758,26.1590479999661],[-80.2600629996071,26.1597429996406],[-80.2600679998376,26.16043400003],[-80.2602350003443,26.1611259995661],[-80.2628539997116,26.1611139999121],[-80.2659739996997,26.1610549998892],[-80.2660050002299,26.1604180001914],[-80.266006000276,26.1597259997559],[-80.2660040001838,26.159026999897],[-80.267070999926,26.1590249998048],[-80.2678269997156,26.159006999874]]]]}},{"type":"Feature","id":"FL-12011-M005-2022","properties":{"state_po":"FL","county_fips":"12011","county_name":"Broward County","precinct_id":"M005","geometry_vintage":"2022"},"geometry":{"type":"MultiPolygon","coordinates":[[[[-80.2675169998091,26.1682370001383],[-80.2675199999474,26.1683829996766],[-80.2675870003391,26.1701439999465],[-80.2676240002468,26.1717959996865],[-80.2676230002006,26.1719270003317],[-80.2676949999237,26.1755670000179],[-80.2677469996237,26.1777819996405],[-80.267778000154,26.179113999912],[-80.2654380001629,26.1791129998659],[-80.2651100003256,26.179113999912],[-80.2641249998682,26.1791170000504],[-80.263798000077,26.1791190001426],[-80.2637000000543,26.1791180000965],[-80.2630339999185,26.1791170000504],[-80.2598000000693,26.1791479996813],[-80.2559820002684,26.1791519998658],[-80.2551149998567,26.179153999958],[-80.253335999656,26.1791610002808],[-80.2518230000308,26.179165999612],[-80.2516700001697,26.1791669996582],[-80.2516809997776,26.1786259998909],[-80.251481999594,26.1666119998448],[-80.2516399996856,26.1666240003982],[-80.2516330002621,26.1664519996609],[-80.2564470001283,26.1668249997748],[-80.2566349998047,26.1668439997517],[-80.2620939997377,26.167413999957],[-80.2639069997076,26.1677589996789],[-80.2675169998091,26.1682370001383]]]]}},{"type":"Feature","id":"FL-12011-M006-2022","properties":{"state_po":"FL","county_fips":"12011","county_name":"Broward County","precinct_id":"M006","geometry_vintage":"2022"},"geometry":{"type":"MultiPolygon","coordinates":[[[[-80.2836839998161,26.1643839996228],[-80.2835639996782,26.1643849996689],[-80.2834380001629,26.1643849996689],[-80.2795129999243,26.1644089998763],[-80.2755549999627,26.1643889998533],[-80.2676830002696,26.1642849995539],[-80.2675890004314,26.1642849995539],[-80.267445000086,26.1642849995539],[-80.2674409999016,26.1640589999238],[-80.2677109997622,26.1622730002996],[-80.2677299997391,26.1621869999309],[-80.2677519998542,26.1620810004387],[-80.2677630003615,26.1620340000699],[-80.2678000002691,26.1617969999325],[-80.2678099998309,26.161741000048],[-80.2678129999693,26.1617020000481],[-80.2678279997617,26.1615300002102],[-80.2678380002229,26.1610299996357],[-80.2678420004073,26.1608619999822],[-80.2678449996463,26.1606960004209],[-80.2678410003612,26.1601959998464],[-80.2678410003612,26.1600300002851],[-80.2678380002229,26.1598249998248],[-80.2678289998078,26.1592110002883],[-80.2678269997156,26.159006999874],[-80.2680669999914,26.1566659998369],[-80.2680589996225,26.1549519999357],[-80.2680550003373,26.1547739998211],[-80.2678770002227,26.1529349995515],[-80.2677739999694,26.1520639998546],[-80.2677919999002,26.1504399996071],[-80.267789999808,26.1501119997698],[-80.2679580003607,26.1501119997698],[-80.2833020001865,26.1500650003004],[-80.2838009998156,26.1500640002543],[-80.283956999815,26.1500640002543],[-80.2831199998874,26.1509760000432],[-80.2828449997962,26.1516709997177],[-80.2827750001655,26.1528720002435],[-80.282802999658,26.154873999936],[-80.2828059997964,26.1566200004136],[-80.2828150002114,26.1585080002449],[-80.2828370003267,26.1594980000335],[-80.2828819997039,26.1597330000787],[-80.2829419997728,26.1600419999392],[-80.2830569996801,26.1604930000528],[-80.2830829999798,26.1605689999603],[-80.2835439996552,26.1618879996324],[-80.2836530001852,26.1631330003885],[-80.2836789995855,26.1641679995544],[-80.2836839998161,26.1643839996228]]]]}},{"type":"Feature","id":"FL-12011-M007-2022","properties":{"state_po":"FL","county_fips":"12011","county_name":"Broward County","precinct_id":"M007","geometry_vintage":"2022"},"geometry":{"type":"MultiPolygon","coordinates":[[[[-80.267445000086,26.1642849995539],[-80.2675890004314,26.1642849995539],[-80.2676830002696,26.1642849995539],[-80.2755549999627,26.1643889998533],[-80.2795129999243,26.1644089998763],[-80.2834380001629,26.1643849996689],[-80.2835639996782,26.1643849996689],[-80.2836839998161,26.1643839996228],[-80.2836839998161,26.1644289998993],[-80.2836849998622,26.1644380003144],[-80.2836869999544,26.1644930001527],[-80.2836880000006,26.1645629997835],[-80.2836900000927,26.1646090001062],[-80.283692000185,26.1647260001057],[-80.2836979995624,26.1649270003816],[-80.2837049998852,26.1650780001505],[-80.2837069999774,26.1650980001734],[-80.2837219997698,26.16519500015],[-80.2837369995622,26.1652950002649],[-80.2837409997467,26.1653180004262],[-80.2837609997696,26.1654140003567],[-80.2838080001384,26.1655910004252],[-80.2838349995849,26.1656890004479],[-80.2843299999289,26.1669409997282],[-80.284866000365,26.1688769999744],[-80.2846450000661,26.1696240002483],[-80.2845360004354,26.1695979999486],[-80.2792680003173,26.1684049997918],[-80.2777630001617,26.1683449997228],[-80.2755509997782,26.1683629996536],[-80.2717000002542,26.1683570002762],[-80.2706280002813,26.1682859997],[-80.2676990001081,26.1682329999539],[-80.2677040003387,26.1683800004375],[-80.2675199999474,26.1683829996766],[-80.2675169998091,26.1682370001383],[-80.2674739996247,26.1664559998454],[-80.2674710003857,26.1659119999397],[-80.267445000086,26.1642849995539]]]]}},{"type":"Feature","id":"FL-12011-M008-2022","properties":{"state_po":"FL","county_fips":"12011","county_name":"Broward County","precinct_id":"M008","geometry_vintage":"2022"},"geometry":{"type":"MultiPolygon","coordinates":[[[[-80.2846450000661,26.1696240002483],[-80.2845799997665,26.1698039995558],[-80.2839470002532,26.1714560001951],[-80.2838690002535,26.1716530002866],[-80.2835610004391,26.1724439998915],[-80.2834830004394,26.1726620000521],[-80.2832559998639,26.1735590000487],[-80.2832250002329,26.1746679999291],[-80.2832529997255,26.1749120003894],[-80.2832600000483,26.1749710004122],[-80.2833149998867,26.1752519998807],[-80.2834069996327,26.1756349995564],[-80.2834240004166,26.1757060001327],[-80.2834649996094,26.1758749998323],[-80.2836199995627,26.1764470001298],[-80.2836659998853,26.1766660003365],[-80.2837090000696,26.1768669997131],[-80.2837360004154,26.1769960002661],[-80.2837490001156,26.1770570003811],[-80.283823999977,26.1773840001724],[-80.2838369996771,26.1774430001952],[-80.2838539995618,26.1775139998721],[-80.2839999999994,26.1790580000276],[-80.2838809999076,26.1790580000276],[-80.2816199999623,26.179062000212],[-80.2783880002054,26.1790709997277],[-80.2757930001462,26.1790980000735],[-80.2738040001538,26.1790939998891],[-80.2698549997078,26.1791119998198],[-80.267901999577,26.1791119998198],[-80.267778000154,26.179113999912],[-80.2677469996237,26.1777819996405],[-80.2676949999237,26.1755670000179],[-80.2676230002006,26.1719270003317],[-80.2676240002468,26.1717959996865],[-80.2675870003391,26.1701439999465],[-80.2675199999474,26.1683829996766],[-80.2677040003387,26.1683800004375],[-80.2676990001081,26.1682329999539],[-80.2706280002813,26.1682859997],[-80.2717000002542,26.1683570002762],[-80.2755509997782,26.1683629996536],[-80.2777630001617,26.1683449997228],[-80.2792680003173,26.1684049997918],[-80.2845360004354,26.1695979999486],[-80.2846450000661,26.1696240002483]]]]}},{"type":"Feature","id":"FL-12011-M009-2022","properties":{"state_po":"FL","county_fips":"12011","county_name":"Broward County","precinct_id":"M009","geometry_vintage":"2022"},"geometry":{"type":"MultiPolygon","coordinates":[[[[-80.2680989996684,26.1936840000175],[-80.2680340002682,26.190873999936],[-80.268002999738,26.1887999996211],[-80.2679219995999,26.1864659999068],[-80.2678970002457,26.1844640002143],[-80.2678459996925,26.1820399999469],[-80.2678230004305,26.1810280000431],[-80.2677810002923,26.1792439996117],[-80.267778000154,26.179113999912],[-80.267901999577,26.1791119998198],[-80.2698549997078,26.1791119998198],[-80.2738040001538,26.1790939998891],[-80.2757930001462,26.1790980000735],[-80.2783880002054,26.1790709997277],[-80.2816199999623,26.179062000212],[-80.2838809999076,26.1790580000276],[-80.2838829999998,26.1791400002117],[-80.2839349996998,26.1817009996023],[-80.2839810000225,26.1834389997109],[-80.2840379999531,26.186518999653],[-80.2840990000681,26.1887429996905],[-80.2841169999989,26.1894489998723],[-80.2841230002756,26.1901560001002],[-80.2842059996065,26.19365999981],[-80.2760799998914,26.1936629999484],[-80.272083999976,26.1936809998791],[-80.2682369997371,26.1936840000175],[-80.2680989996684,26.1936840000175]]]]}},{"type":"Feature","id":"FL-12011-M010-2022","properties":{"state_po":"FL","county_fips":"12011","county_name":"Broward County","precinct_id":"M010","geometry_vintage":"2022"},"geometry":{"type":"MultiPolygon","coordinates":[[[[-80.2838809999076,26.1790580000276],[-80.2839999999994,26.1790580000276],[-80.2872630002866,26.1790460003735],[-80.2887830002346,26.1790319997279],[-80.2907510001579,26.1790410001429],[-80.2908910003188,26.1790369999584],[-80.29795300043,26.1790539998431],[-80.2979490002455,26.1791230003271],[-80.2979480001994,26.1792410003728],[-80.2979429999688,26.1811250000196],[-80.2979419999227,26.1815829995567],[-80.2979339995538,26.1818290001091],[-80.2979310003147,26.1819440000165],[-80.2979260000842,26.1821959999463],[-80.297923999992,26.1823790002915],[-80.2979250000381,26.1828129996211],[-80.2979149995769,26.1837169999405],[-80.2979179997152,26.1842599998],[-80.2979290002226,26.184441000053],[-80.2979369996921,26.1846220003059],[-80.2979470001533,26.1846580001675],[-80.2979629999918,26.184765999752],[-80.2979999998994,26.1849429998205],[-80.2980110004067,26.1850520003504],[-80.2980110004067,26.185079999843],[-80.298015999738,26.1851959997964],[-80.2980500004065,26.1853749999572],[-80.2980719996224,26.1855190003025],[-80.2980880003603,26.1855899999794],[-80.2981099995762,26.1857340003247],[-80.2981319996913,26.1858029999094],[-80.298146000337,26.1858749996324],[-80.298238000083,26.1861529998619],[-80.2982309997602,26.1862610003458],[-80.2982240003367,26.1862930000228],[-80.2982600001982,26.186295000115],[-80.2983040004286,26.1862909999306],[-80.2983649996444,26.1863619996075],[-80.298451000013,26.1864639998146],[-80.298683999966,26.1867369998136],[-80.299585000147,26.1875549997643],[-80.2980509995533,26.1889540004277],[-80.298065000199,26.1898100003321],[-80.2980319995764,26.1936650000406],[-80.2976439996702,26.1936629999484],[-80.2950430002336,26.1936470001098],[-80.2946779995893,26.1936450000176],[-80.2911240002717,26.1935870000409],[-80.2877260000542,26.193618999718],[-80.2874980003318,26.1936219998563],[-80.2859360002456,26.1936419998793],[-80.2843619996059,26.1936609998561],[-80.2842059996065,26.19365999981],[-80.2841230002756,26.1901560001002],[-80.2841169999989,26.1894489998723],[-80.2840990000681,26.1887429996905],[-80.2840379999531,26.186518999653],[-80.2839810000225,26.1834389997109],[-80.2839349996998,26.1817009996023],[-80.2838829999998,26.1791400002117],[-80.2838809999076,26.1790580000276]]]]}},{"type":"Feature","id":"FL-12011-M011-2022","properties":{"state_po":"FL","county_fips":"12011","county_name":"Broward County","precinct_id":"M011","geometry_vintage":"2022"},"geometry":{"type":"MultiPolygon","coordinates":[[[[-80.299585000147,26.1875549997643],[-80.298683999966,26.1867369998136],[-80.298451000013,26.1864639998146],[-80.2983649996444,26.1863619996075],[-80.2983040004286,26.1862909999306],[-80.2982600001982,26.186295000115],[-80.2982240003367,26.1862930000228],[-80.2982309997602,26.1862610003458],[-80.298238000083,26.1861529998619],[-80.298146000337,26.1858749996324],[-80.2981319996913,26.1858029999094],[-80.2981099995762,26.1857340003247],[-80.2980880003603,26.1855899999794],[-80.2980719996224,26.1855190003025],[-80.2980500004065,26.1853749999572],[-80.298015999738,26.1851959997964],[-80.2980110004067,26.185079999843],[-80.2980110004067,26.1850520003504],[-80.2979999998994,26.1849429998205],[-80.2979629999918,26.184765999752],[-80.2979470001533,26.1846580001675],[-80.2979369996921,26.1846220003059],[-80.2979290002226,26.184441000053],[-80.2979179997152,26.1842599998],[-80.2979149995769,26.1837169999405],[-80.2979250000381,26.1828129996211],[-80.297923999992,26.1823790002915],[-80.2979260000842,26.1821959999463],[-80.2979310003147,26.1819440000165],[-80.2979339995538,26.1818290001091],[-80.2979419999227,26.1815829995567],[-80.2979429999688,26.1811250000196],[-80.2979480001994,26.1792410003728],[-80.2979490002455,26.1791230003271],[-80.29795300043,26.1790539998431],[-80.2908910003188,26.1790369999584],[-80.2907510001579,26.1790410001429],[-80.2887830002346,26.1790319997279],[-80.2872630002866,26.1790460003735],[-80.2839999999994,26.1790580000276],[-80.2838539995618,26.1775139998721],[-80.2838369996771,26.1774430001952],[-80.283823999977,26.1773840001724],[-80.2837490001156,26.1770570003811],[-80.2837360004154,26.1769960002661],[-80.2837090000696,26.1768669997131],[-80.2836659998853,26.1766660003365],[-80.2836199995627,26.1764470001298],[-80.2834649996094,26.1758749998323],[-80.2834240004166,26.1757060001327],[-80.2834069996327,26.1756349995564],[-80.2833149998867,26.1752519998807],[-80.2832600000483,26.1749710004122],[-80.2832529997255,26.1749120003894],[-80.2832250002329,26.1746679999291],[-80.2832559998639,26.1735590000487],[-80.2834830004394,26.1726620000521],[-80.2835610004391,26.1724439998915],[-80.2838690002535,26.1716530002866],[-80.2839470002532,26.1714560001951],[-80.2845799997665,26.1698039995558],[-80.2846450000661,26.1696240002483],[-80.2864220001745,26.1699249997398],[-80.2903790000901,26.1699849998088],[-80.292211000037,26.169783000386],[-80.2937990004229,26.1691819996505],[-80.2960849997223,26.168295000115],[-80.2962249998832,26.1682610003458],[-80.2978769996232,26.1681119997698],[-80.2980019999917,26.1681099996776],[-80.301915999723,26.1683210004147],[-80.3034870002242,26.1683580003223],[-80.3076050003698,26.1684550002989],[-80.3091990001331,26.1684930002526],[-80.3114210000784,26.1685540003677],[-80.3123980001669,26.1682709999076],[-80.3127650000041,26.1680109996088],[-80.312865000119,26.1681469995852],[-80.3135490001855,26.1685710002523],[-80.3150259999493,26.168781000044],[-80.3163230004055,26.1693789997419],[-80.3169909997342,26.1699540001778],[-80.3168939997576,26.1700399996471],[-80.317170999941,26.170289000338],[-80.3172590004019,26.1702100002922],[-80.3219809996228,26.165903000424],[-80.3247739998196,26.1636950002249],[-80.3255119996784,26.1642990001995],[-80.3050599999184,26.1826629998984],[-80.299585000147,26.1875549997643]]]]}},{"type":"Feature","id":"FL-12011-M012-2022","properties":{"state_po":"FL","county_fips":"12011","county_name":"Broward County","precinct_id":"M012","geometry_vintage":"2022"},"geometry":{"type":"MultiPolygon","coordinates":[[[[-80.2846450000661,26.1696240002483],[-80.284866000365,26.1688769999744],[-80.2843299999289,26.1669409997282],[-80.2838349995849,26.1656890004479],[-80.2838080001384,26.1655910004252],[-80.2837609997696,26.1654140003567],[-80.2837409997467,26.1653180004262],[-80.2837369995622,26.1652950002649],[-80.2837219997698,26.16519500015],[-80.2837069999774,26.1650980001734],[-80.2837049998852,26.1650780001505],[-80.2836979995624,26.1649270003816],[-80.283692000185,26.1647260001057],[-80.2836900000927,26.1646090001062],[-80.2836880000006,26.1645629997835],[-80.2836869999544,26.1644930001527],[-80.2836849998622,26.1644380003144],[-80.2836839998161,26.1644289998993],[-80.2836839998161,26.1643839996228],[-80.2838019998617,26.1643829995766],[-80.2979840000609,26.1642630003381],[-80.298015999738,26.1624169997456],[-80.2980509995533,26.1603729999149],[-80.3053279996868,26.160566999868],[-80.305926000284,26.1605809996143],[-80.3139649995844,26.1607310002364],[-80.3142379995834,26.1607530003516],[-80.3144230000208,26.160758999729],[-80.3142609997447,26.1648100003821],[-80.3137559998389,26.1665650003753],[-80.3136939996777,26.1666889997984],[-80.313615999678,26.1668730001897],[-80.31360500007,26.16689899959],[-80.313452000209,26.1672919997269],[-80.313280000371,26.1676399995872],[-80.3131129998644,26.1678779997707],[-80.3130860004179,26.1679179998167],[-80.3129739997497,26.1680489995625],[-80.312865000119,26.1681469995852],[-80.3127650000041,26.1680109996088],[-80.3123980001669,26.1682709999076],[-80.3114210000784,26.1685540003677],[-80.3091990001331,26.1684930002526],[-80.3076050003698,26.1684550002989],[-80.3034870002242,26.1683580003223],[-80.301915999723,26.1683210004147],[-80.2980019999917,26.1681099996776],[-80.2978769996232,26.1681119997698],[-80.2962249998832,26.1682610003458],[-80.2960849997223,26.168295000115],[-80.2937990004229,26.1691819996505],[-80.292211000037,26.169783000386],[-80.2903790000901,26.1699849998088],[-80.2864220001745,26.1699249997398],[-80.2846450000661,26.1696240002483]]]]}},{"type":"Feature","id":"FL-12011-M013-2022","properties":{"state_po":"FL","county_fips":"12011","county_name":"Broward County","precinct_id":"M013","geometry_vintage":"2022"},"geometry":{"type":"MultiPolygon","coordinates":[[[[-80.283956999815,26.1500640002543],[-80.2916019998318,26.1500420001391],[-80.2973610001094,26.1500260003006],[-80.2977789996005,26.15002100007],[-80.2978049999002,26.1528310001514],[-80.2979090001995,26.1603879997073],[-80.2980509995533,26.1603729999149],[-80.298015999738,26.1624169997456],[-80.2979840000609,26.1642630003381],[-80.2838019998617,26.1643829995766],[-80.2836839998161,26.1643839996228],[-80.2836789995855,26.1641679995544],[-80.2836530001852,26.1631330003885],[-80.2835439996552,26.1618879996324],[-80.2830829999798,26.1605689999603],[-80.2830569996801,26.1604930000528],[-80.2829419997728,26.1600419999392],[-80.2828819997039,26.1597330000787],[-80.2828370003267,26.1594980000335],[-80.2828150002114,26.1585080002449],[-80.2828059997964,26.1566200004136],[-80.282802999658,26.154873999936],[-80.2827750001655,26.1528720002435],[-80.2828449997962,26.1516709997177],[-80.2831199998874,26.1509760000432],[-80.283956999815,26.1500640002543]]]]}},{"type":"Feature","id":"FL-12011-M014-2022","properties":{"state_po":"FL","county_fips":"12011","county_name":"Broward County","precinct_id":"M014","geometry_vintage":"2022"},"geometry":{"type":"MultiPolygon","coordinates":[[[[-80.3139410002763,26.1459179997168],[-80.3139390001841,26.1457029996945],[-80.3139220002994,26.1418659999168],[-80.3139269996307,26.1385069996991],[-80.3139339999534,26.1362190003075],[-80.3139370000918,26.1349759996435],[-80.3139509998381,26.1311820000501],[-80.313959000207,26.1270870000659],[-80.313949999792,26.123968000124],[-80.3141789995605,26.1228869997361],[-80.314385000067,26.1228879997822],[-80.3152589999023,26.1229509999895],[-80.3152789999252,26.1231569995967],[-80.3152030000178,26.1235869996412],[-80.3153800000863,26.1244150000531],[-80.3152349996948,26.125102000258],[-80.3153610001094,26.1260330000238],[-80.3151660001101,26.1267790002515],[-80.3153359998558,26.1282899997845],[-80.3156839997162,26.1287830000363],[-80.316157999991,26.1291370001733],[-80.3165940003122,26.1297499996636],[-80.3168660002651,26.1299210003548],[-80.3192739997946,26.1301700001463],[-80.3199080002533,26.1300619996624],[-80.3204530002051,26.1293199996191],[-80.3207959998348,26.1290289996895],[-80.3214199998325,26.1289250002894],[-80.3214009998556,26.131171999589],[-80.3228019997119,26.1311999999809],[-80.3247450002809,26.1312159998194],[-80.3255919997703,26.1312119996349],[-80.3299920003299,26.1312450002574],[-80.3300019998917,26.1335959998564],[-80.3299880001454,26.1372870000958],[-80.3301539997067,26.1372809998191],[-80.3301310004447,26.1395079999951],[-80.3301149997068,26.145766999948],[-80.3301149997068,26.1459330004085],[-80.3299300001687,26.1459330004085],[-80.3275999997396,26.1459140004317],[-80.3258190003459,26.1455529999719],[-80.3240030002376,26.144875000182],[-80.3218230004305,26.1446099996526],[-80.3185190000511,26.1454519998108],[-80.3160399999453,26.1459260000857],[-80.3143500002517,26.1459179997168],[-80.3141659998603,26.1459179997168],[-80.3139410002763,26.1459179997168]]]]}},{"type":"Feature","id":"FL-12011-M015-2022","properties":{"state_po":"FL","county_fips":"12011","county_name":"Broward County","precinct_id":"M015","geometry_vintage":"2022"},"geometry":{"type":"MultiPolygon","coordinates":[[[[-80.3139649995844,26.1607310002364],[-80.3140030004375,26.1593729996651],[-80.3139940000224,26.1584450000376],[-80.313959000207,26.1532960000113],[-80.3139509998381,26.151895000155],[-80.3139410002763,26.1459179997168],[-80.3141659998603,26.1459179997168],[-80.3143500002517,26.1459179997168],[-80.3160399999453,26.1459260000857],[-80.3185190000511,26.1454519998108],[-80.3218230004305,26.1446099996526],[-80.3240030002376,26.144875000182],[-80.3258190003459,26.1455529999719],[-80.3275999997396,26.1459140004317],[-80.3299300001687,26.1459330004085],[-80.3301149997068,26.1459330004085],[-80.3301149997068,26.145766999948],[-80.3301310004447,26.1395079999951],[-80.3301539997067,26.1372809998191],[-80.3299880001454,26.1372870000958],[-80.3300019998917,26.1335959998564],[-80.3299920003299,26.1312450002574],[-80.3301519996144,26.1312450002574],[-80.3301700004445,26.128172999785],[-80.3301789999602,26.1256409999331],[-80.3301929997065,26.1239930003775],[-80.3302000000293,26.1226379999446],[-80.3302070003521,26.1192199997041],[-80.3402189998063,26.1216150004328],[-80.3439940003222,26.1225219999912],[-80.3450630001567,26.1227790001516],[-80.3462530001752,26.1230639998046],[-80.3601069996377,26.1263700002762],[-80.3599909996842,26.1266200001138],[-80.3626140001354,26.1272739996962],[-80.3658340002382,26.1280789999467],[-80.3661100003756,26.1281480004308],[-80.3666999997046,26.1282780001305],[-80.346393000336,26.1465740002907],[-80.345402999648,26.1471610003807],[-80.3414659997554,26.1504890000681],[-80.3359519999842,26.1556200001638],[-80.3274809996478,26.1633650002954],[-80.3222710004057,26.1677819998403],[-80.3111629998719,26.177918999663],[-80.2999289998228,26.1878509999246],[-80.299585000147,26.1875549997643],[-80.3050599999184,26.1826629998984],[-80.3255119996784,26.1642990001995],[-80.3247739998196,26.1636950002249],[-80.3219809996228,26.165903000424],[-80.3172590004019,26.1702100002922],[-80.3169909997342,26.1699540001778],[-80.3163230004055,26.1693789997419],[-80.3150259999493,26.168781000044],[-80.3135490001855,26.1685710002523],[-80.312865000119,26.1681469995852],[-80.3129739997497,26.1680489995625],[-80.3130860004179,26.1679179998167],[-80.3131129998644,26.1678779997707],[-80.313280000371,26.1676399995872],[-80.313452000209,26.1672919997269],[-80.31360500007,26.16689899959],[-80.313615999678,26.1668730001897],[-80.3136939996777,26.1666889997984],[-80.3137559998389,26.1665650003753],[-80.3142609997447,26.1648100003821],[-80.3144230000208,26.160758999729],[-80.3142379995834,26.1607530003516],[-80.3139649995844,26.1607310002364]]]]}},{"type":"Feature","id":"FL-12011-M016-2022","properties":{"state_po":"FL","county_fips":"12011","county_name":"Broward County","precinct_id":"M016","geometry_vintage":"2022"},"geometry":{"type":"MultiPolygon","coordinates":[[[[-80.362601999582,26.1262320002075],[-80.3603940002822,26.1254960004409],[-80.3593350000096,26.1251050003963],[-80.3529169999189,26.1228040004052],[-80.3462730001981,26.1207500001133],[-80.3462740002443,26.1205719999987],[-80.3462859998983,26.1192520002805],[-80.3462910001289,26.1185629999833],[-80.3463049998752,26.1174340000799],[-80.3463090000596,26.1169310002663],[-80.3463140002903,26.116826999967],[-80.3463209997137,26.1167229996676],[-80.3464539995518,26.1167209995754],[-80.3468400002652,26.1167259998059],[-80.3489699995652,26.1167170002902],[-80.3493049997253,26.1167089999213],[-80.3503179996753,26.1167099999674],[-80.3503179996753,26.1154009998571],[-80.3503169996292,26.114942000274],[-80.3503159995831,26.1149190001127],[-80.3496379997932,26.1149200001587],[-80.3493140001403,26.1149170000204],[-80.3508069997426,26.1126000001907],[-80.3546370000968,26.1083710003223],[-80.3573829999248,26.105422000126],[-80.3597549995929,26.1022989999997],[-80.3605500002816,26.1023080004148],[-80.3625730000433,26.1023179999766],[-80.3622979999521,26.1063650004453],[-80.3626259997894,26.1078960000013],[-80.3626350002044,26.108532999699],[-80.3626479999046,26.1091759996735],[-80.3626510000429,26.1096499999484],[-80.3626560002735,26.1100030000393],[-80.3626540001813,26.1107729995751],[-80.3626590004119,26.1112629996886],[-80.3626550002274,26.1140899996546],[-80.3626330001122,26.1174370002183],[-80.3626259997894,26.1194949997953],[-80.3626160002275,26.1212390001806],[-80.3626160002275,26.1255189997029],[-80.3626079998587,26.1257339997252],[-80.3626089999048,26.125882000255],[-80.362601999582,26.1262320002075]]]]}},{"type":"Feature","id":"FL-12011-M017-2022","properties":{"state_po":"FL","county_fips":"12011","county_name":"Broward County","precinct_id":"M017","geometry_vintage":"2022"},"geometry":{"type":"MultiPolygon","coordinates":[[[[-80.346343999875,26.1023089995616],[-80.3542270000754,26.1022880003917],[-80.3554430003935,26.1022899995847],[-80.3597549995929,26.1022989999997],[-80.3573829999248,26.105422000126],[-80.3546370000968,26.1083710003223],[-80.3508069997426,26.1126000001907],[-80.3493140001403,26.1149170000204],[-80.3484040004436,26.1149099996976],[-80.3463579996213,26.1149119997899],[-80.3463649999441,26.1131440000964],[-80.3463470000134,26.1113839998725],[-80.346352000244,26.1094780001105],[-80.3463340003132,26.1079770001393],[-80.3463599997136,26.1061650002155],[-80.3463379995984,26.1046860003595],[-80.346343999875,26.1023089995616]]]]}},{"type":"Feature","id":"FL-12011-N001-2022","properties":{"state_po":"FL","county_fips":"12011","county_name":"Broward County","precinct_id":"N001","geometry_vintage":"2022"},"geometry":{"type":"MultiPolygon","coordinates":[[[[-80.2015480000395,26.1284710000375],[-80.201462999717,26.1263439999765],[-80.2013856921953,26.1246367746683],[-80.2013126852316,26.1246352503174],[-80.2012584246359,26.1246341171717],[-80.2012250912643,26.1236395002636],[-80.2012236919192,26.1235977753179],[-80.2012214274263,26.1235978526597],[-80.2008196921744,26.1236117741649],[-80.2008194682432,26.1236069142286],[-80.200816692036,26.1235467747647],[-80.2005686572171,26.1234123773802],[-80.2003626917842,26.1233007742122],[-80.1990780003488,26.1222160002691],[-80.1987749998657,26.1218450002474],[-80.1972630002866,26.1218800000628],[-80.1972430002636,26.1211319997429],[-80.1972410001713,26.1209999999509],[-80.1975679999626,26.1209929996281],[-80.1985609998896,26.12096900032],[-80.1993429999788,26.1209480002509],[-80.201826000269,26.1208880001819],[-80.201989999738,26.1208850000436],[-80.202778000104,26.1208720003434],[-80.2065149997668,26.1208779997208],[-80.2100140001453,26.1208650000206],[-80.2139730001532,26.1208549995595],[-80.2180510002528,26.1208369996287],[-80.2180249999531,26.1209759997435],[-80.2173989998633,26.1258749999322],[-80.2177319999312,26.1295549996644],[-80.2189539996267,26.1355910001254],[-80.2189949997188,26.1358919996169],[-80.2190100004105,26.1360370000084],[-80.2161770001678,26.1359600000548],[-80.2159790000302,26.1359590000087],[-80.2151949998487,26.1359480004008],[-80.2151976960162,26.1362817783822],[-80.2153341276672,26.1363260771876],[-80.2156996957836,26.1364447769058],[-80.2157789998004,26.1375349998413],[-80.212655999674,26.1375250002794],[-80.2115029995632,26.1375240002333],[-80.2074739999245,26.1375840003022],[-80.2074739999245,26.1375640002793],[-80.2074729998784,26.1374389999108],[-80.2026290004273,26.137592999818],[-80.2025500003816,26.1361269996622],[-80.2025440001049,26.1359630001932],[-80.2022890000367,26.1359630001932],[-80.20126999981,26.1359790000317],[-80.2016049999701,26.1358480002859],[-80.2015300001088,26.1336709997177],[-80.2017690003385,26.1336679995794],[-80.2017369997621,26.1327769998595],[-80.2017080002234,26.1320390000007],[-80.2016140003852,26.1298790002165],[-80.2015480000395,26.1284710000375]]]]}},{"type":"Feature","id":"FL-12011-N002-2022","properties":{"state_po":"FL","county_fips":"12011","county_name":"Broward County","precinct_id":"N002","geometry_vintage":"2022"},"geometry":{"type":"MultiPolygon","coordinates":[[[[-80.2010749998107,26.1118709998476],[-80.2009809999725,26.1089330001587],[-80.2008969996961,26.1063450004223],[-80.2012600002482,26.1063370000534],[-80.201420000432,26.106333999915],[-80.2016300002237,26.1063319998228],[-80.2016049999701,26.1059419998243],[-80.2015609997397,26.1046070003137],[-80.2025549997128,26.1049289998743],[-80.2021849997373,26.1063210002148],[-80.2042050002599,26.1062830002611],[-80.2078870000843,26.1061899995697],[-80.2088739997346,26.1061749997773],[-80.209493000401,26.106181000054],[-80.2098000001692,26.1061759998234],[-80.2102749995909,26.106170000446],[-80.2130529999953,26.1061420000541],[-80.2131999995797,26.106141000008],[-80.214083999876,26.1061270002617],[-80.2145970001508,26.1061139996622],[-80.2149880001954,26.1061090003309],[-80.215765000054,26.1060290002391],[-80.2181910004137,26.1059819998703],[-80.2181969997911,26.1061250001695],[-80.2185550001125,26.1163630001532],[-80.2180510002528,26.1208369996287],[-80.2139730001532,26.1208549995595],[-80.2100140001453,26.1208650000206],[-80.2065149997668,26.1208779997208],[-80.202778000104,26.1208720003434],[-80.201989999738,26.1208850000436],[-80.201826000269,26.1208880001819],[-80.1993429999788,26.1209480002509],[-80.1985609998896,26.12096900032],[-80.1984886907998,26.1208887735989],[-80.1983816912614,26.1208907736911],[-80.1983804142241,26.1206326412843],[-80.1983796920685,26.1204867739463],[-80.1982990003979,26.1204810002988],[-80.1982489998908,26.1204810002988],[-80.1981010002603,26.1204810002988],[-80.1981089997299,26.1206730001597],[-80.1981170000988,26.1208930004125],[-80.1978379998232,26.120899999836],[-80.1977670001463,26.1209009998821],[-80.1977270001003,26.1209009998821],[-80.1977100002157,26.1208959996515],[-80.1976940003772,26.120889000228],[-80.1976799997315,26.1208779997208],[-80.1976690001236,26.1208660000667],[-80.1976609997547,26.1208510002743],[-80.1976560004234,26.1208350004358],[-80.1976500001467,26.1206619996524],[-80.1976459999623,26.1205960002061],[-80.1976399996856,26.1204390001606],[-80.1976280000315,26.1202149997233],[-80.1979389999842,26.1202129996311],[-80.1979450002609,26.1202769998845],[-80.198098000122,26.1202739997462],[-80.1982889999367,26.1202699995617],[-80.1993290002325,26.1202430001152],[-80.199263999933,26.1184290000991],[-80.2003879996058,26.1183920001915],[-80.2003790000902,26.1180460004235],[-80.200459000182,26.1180440003312],[-80.2009440000649,26.1180370000084],[-80.2009310003647,26.1175330001487],[-80.2007570004346,26.1136510000945],[-80.2006710000659,26.1123599999149],[-80.2009399998805,26.1123549996844],[-80.2010956923117,26.1123547721559],[-80.2010749998107,26.1118709998476]]]]}},{"type":"Feature","id":"FL-12011-N003-2022","properties":{"state_po":"FL","county_fips":"12011","county_name":"Broward County","precinct_id":"N003","geometry_vintage":"2022"},"geometry":{"type":"MultiPolygon","coordinates":[[[[-80.2145970001508,26.1061139996622],[-80.2172750004403,26.0974650001106],[-80.2167480004192,26.0936860003096],[-80.215906000261,26.0915030003641],[-80.2165389997743,26.0916629996486],[-80.2168370000269,26.0917170003402],[-80.2188690002035,26.0922240003382],[-80.2266110001968,26.0941300001003],[-80.2267609999196,26.0941740003307],[-80.2282979997522,26.0947130000058],[-80.2334590003319,26.0957870000708],[-80.249445000086,26.0995890000332],[-80.2502539996217,26.0997789998018],[-80.2499449997613,26.1010510000045],[-80.2499849998072,26.1034590004334],[-80.2500659999453,26.1054400000568],[-80.2500700001298,26.1055489996875],[-80.2501429998989,26.1084660002066],[-80.2503680003823,26.1136079999101],[-80.2508049998502,26.1158909999705],[-80.2523799996366,26.1207399996521],[-80.2524179995904,26.1208959996515],[-80.2515809996627,26.1209120003894],[-80.2502189998063,26.1209169997206],[-80.2494890003164,26.1209189998129],[-80.2488159998579,26.1209219999512],[-80.2487080002733,26.1209229999973],[-80.2413520000941,26.1209060001127],[-80.2380230003605,26.1209139995823],[-80.2380129998994,26.1208159995596],[-80.2350499999569,26.12080800009],[-80.2341679997528,26.1207969995827],[-80.2341750000755,26.1206089999063],[-80.233937999938,26.1132680004188],[-80.2336789996854,26.1058479999861],[-80.2336490001006,26.1057160001942],[-80.2323250001979,26.1057520000556],[-80.2303170002287,26.1057819996404],[-80.2267500003116,26.1058140002168],[-80.2222470003981,26.1059130002856],[-80.2216800003311,26.1059290001241],[-80.2215800002162,26.1059320002625],[-80.2183600001133,26.1059759995935],[-80.2181910004137,26.1059819998703],[-80.215765000054,26.1060290002391],[-80.2149880001954,26.1061090003309],[-80.2145970001508,26.1061139996622]]]]}},{"type":"Feature","id":"FL-12011-N004-2022","properties":{"state_po":"FL","county_fips":"12011","county_name":"Broward County","precinct_id":"N004","geometry_vintage":"2022"},"geometry":{"type":"MultiPolygon","coordinates":[[[[-80.2180510002528,26.1208369996287],[-80.2185550001125,26.1163630001532],[-80.2181969997911,26.1061250001695],[-80.2181910004137,26.1059819998703],[-80.2183600001133,26.1059759995935],[-80.2215800002162,26.1059320002625],[-80.2216800003311,26.1059290001241],[-80.2222470003981,26.1059130002856],[-80.2267500003116,26.1058140002168],[-80.2303170002287,26.1057819996404],[-80.2323250001979,26.1057520000556],[-80.2336490001006,26.1057160001942],[-80.2336789996854,26.1058479999861],[-80.233937999938,26.1132680004188],[-80.2341750000755,26.1206089999063],[-80.2341679997528,26.1207969995827],[-80.2327900000578,26.1207809997442],[-80.227221999595,26.1208029998595],[-80.2214590000322,26.1208090001361],[-80.2195680000625,26.1208140003667],[-80.2182070002522,26.120839999767],[-80.2180510002528,26.1208369996287]]]]}},{"type":"Feature","id":"FL-12011-N005-2022","properties":{"state_po":"FL","county_fips":"12011","county_name":"Broward County","precinct_id":"N005","geometry_vintage":"2022"},"geometry":{"type":"MultiPolygon","coordinates":[[[[-80.2197729996236,26.1360349999162],[-80.2193829996251,26.1360349999162],[-80.219412697937,26.1375347768094],[-80.2192919999252,26.1375299996107],[-80.2191020001565,26.1375309996568],[-80.2171209996338,26.1375369999335],[-80.216555999659,26.1375379999796],[-80.2161770001678,26.1359600000548],[-80.2190100004105,26.1360370000084],[-80.2189949997188,26.1358919996169],[-80.2189539996267,26.1355910001254],[-80.2177319999312,26.1295549996644],[-80.2173989998633,26.1258749999322],[-80.2180249999531,26.1209759997435],[-80.2180510002528,26.1208369996287],[-80.2182070002522,26.120839999767],[-80.2195680000625,26.1208140003667],[-80.2214590000322,26.1208090001361],[-80.227221999595,26.1208029998595],[-80.2327900000578,26.1207809997442],[-80.2341679997528,26.1207969995827],[-80.2350499999569,26.12080800009],[-80.2380129998994,26.1208159995596],[-80.2380230003605,26.1209139995823],[-80.2413520000941,26.1209060001127],[-80.241351000048,26.1236380001944],[-80.2407920003499,26.1255870001408],[-80.2406330002121,26.1271739995813],[-80.240520000397,26.1283249995999],[-80.2404980002818,26.1285459998988],[-80.2403349999596,26.1301320001925],[-80.2405679999126,26.1332940003187],[-80.2412479997947,26.1355770003792],[-80.2356800002312,26.1355980004482],[-80.2347070003271,26.1355429997105],[-80.2347149997967,26.1357330003785],[-80.2346440001198,26.1357330003785],[-80.2315309995553,26.1357379997098],[-80.2266740004041,26.1357559996405],[-80.2267260001042,26.1358969998475],[-80.2267919995505,26.1360889997084],[-80.2268129996196,26.1375090004409],[-80.2265279999665,26.1375080003948],[-80.2242300001138,26.1375139997721],[-80.2242520002289,26.1359020000781],[-80.2242550003673,26.1357700002862],[-80.2230929998414,26.1357759996635],[-80.2230949999337,26.1359020000781],[-80.2231339999335,26.1377020003479],[-80.2220369997071,26.1376990002096],[-80.2213009999405,26.1377010003018],[-80.2200519998992,26.1377190002326],[-80.2199136976583,26.1377117777772],[-80.219757697659,26.1377157779617],[-80.2197696982124,26.1373097781246],[-80.2197476980972,26.137252778194],[-80.219746698051,26.1371987784018],[-80.2197316982586,26.1363407784051],[-80.2197456980049,26.1362927770909],[-80.2197886981892,26.1362557780826],[-80.2197729996236,26.1360349999162]]]]}},{"type":"Feature","id":"FL-12011-N006-2022","properties":{"state_po":"FL","county_fips":"12011","county_name":"Broward County","precinct_id":"N006","geometry_vintage":"2022"},"geometry":{"type":"MultiPolygon","coordinates":[[[[-80.2568849996424,26.1355920001715],[-80.2569479998497,26.1394259998109],[-80.2570380004028,26.1431960000962],[-80.2570399995956,26.143275000142],[-80.2570859999183,26.1465999996911],[-80.2571619998258,26.1484690004449],[-80.2571619998258,26.1486590002136],[-80.2570069998725,26.1500159998394],[-80.2570089999647,26.1501499997236],[-80.2462819999137,26.1501679996543],[-80.2451279997567,26.1501820002999],[-80.2350279998417,26.1502150000231],[-80.2348070004421,26.1380460000237],[-80.2347200000273,26.1358640001244],[-80.2347149997967,26.1357330003785],[-80.2347070003271,26.1355429997105],[-80.2356800002312,26.1355980004482],[-80.2412479997947,26.1355770003792],[-80.2467410003962,26.1355879999871],[-80.2506740001044,26.1355910001254],[-80.2567030002426,26.1355930002177],[-80.2568849996424,26.1355920001715]]]]}},{"type":"Feature","id":"FL-12011-N007-2022","properties":{"state_po":"FL","county_fips":"12011","county_name":"Broward County","precinct_id":"N007","geometry_vintage":"2022"},"geometry":{"type":"MultiPolygon","coordinates":[[[[-80.2413520000941,26.1209060001127],[-80.2487080002733,26.1209229999973],[-80.2488159998579,26.1209219999512],[-80.2494890003164,26.1209189998129],[-80.2502189998063,26.1209169997206],[-80.2502880002903,26.1226460003135],[-80.2502989998983,26.1229479998512],[-80.2503470003132,26.1242679995694],[-80.250438000013,26.1268709999975],[-80.2504929998514,26.1282590001536],[-80.2507049997353,26.1288179998517],[-80.2506740001044,26.1355910001254],[-80.2467410003962,26.1355879999871],[-80.2412479997947,26.1355770003792],[-80.2405679999126,26.1332940003187],[-80.2403349999596,26.1301320001925],[-80.2404980002818,26.1285459998988],[-80.240520000397,26.1283249995999],[-80.2406330002121,26.1271739995813],[-80.2407920003499,26.1255870001408],[-80.241351000048,26.1236380001944],[-80.2413520000941,26.1209060001127]]]]}},{"type":"Feature","id":"FL-12011-N008-2022","properties":{"state_po":"FL","county_fips":"12011","county_name":"Broward County","precinct_id":"N008","geometry_vintage":"2022"},"geometry":{"type":"MultiPolygon","coordinates":[[[[-80.2502189998063,26.1209169997206],[-80.2515809996627,26.1209120003894],[-80.2524179995904,26.1208959996515],[-80.2526040000739,26.1208949996054],[-80.2530770003027,26.1220180001315],[-80.255259000202,26.1243360000072],[-80.2563579996213,26.1262619997923],[-80.2566270003351,26.1282240003382],[-80.2567699997351,26.1322909999306],[-80.2568570001498,26.1340730002696],[-80.2568620003804,26.1341870001308],[-80.2568849996424,26.1355920001715],[-80.2567030002426,26.1355930002177],[-80.2506740001044,26.1355910001254],[-80.2507049997353,26.1288179998517],[-80.2504929998514,26.1282590001536],[-80.250438000013,26.1268709999975],[-80.2503470003132,26.1242679995694],[-80.2502989998983,26.1229479998512],[-80.2502880002903,26.1226460003135],[-80.2502189998063,26.1209169997206]]]]}},{"type":"Feature","id":"FL-12011-N009-2022","properties":{"state_po":"FL","county_fips":"12011","county_name":"Broward County","precinct_id":"N009","geometry_vintage":"2022"},"geometry":{"type":"MultiPolygon","coordinates":[[[[-80.2596919995855,26.1277229997175],[-80.2595799998165,26.1277219996714],[-80.2596230000008,26.1289250002894],[-80.259736999862,26.1289280004278],[-80.2597480003693,26.1292180003113],[-80.2597840002308,26.1301439998466],[-80.2598250003228,26.1303739996612],[-80.2598569999999,26.1305499996836],[-80.2599160000227,26.1307499999135],[-80.2599420003224,26.1308380003743],[-80.2600220004143,26.1310169996357],[-80.2601350002294,26.1312299995657],[-80.2609649998342,26.1325839999525],[-80.2612339996487,26.1330190002275],[-80.2619880002454,26.1326229999523],[-80.2630469996187,26.1318250000246],[-80.2644509996133,26.1305869995912],[-80.2644779999591,26.1306180001215],[-80.2645099996361,26.1306469996602],[-80.264526000374,26.1306610003058],[-80.26461800012,26.1305909997757],[-80.2659799999764,26.1317609997712],[-80.2676400000853,26.1332419997193],[-80.26836600029,26.1339049997168],[-80.2693449995714,26.1348219997363],[-80.2700929998914,26.1356199996641],[-80.2700240003067,26.1356249998947],[-80.2698779998692,26.1356370004481],[-80.2667670002962,26.1357239999635],[-80.2630709998261,26.1355160002641],[-80.2609069998575,26.135566999918],[-80.2568849996424,26.1355920001715],[-80.2568620003804,26.1341870001308],[-80.2568570001498,26.1340730002696],[-80.2567699997351,26.1322909999306],[-80.2566270003351,26.1282240003382],[-80.2563579996213,26.1262619997923],[-80.2563588162058,26.1262623397361],[-80.2563672347594,26.1262658533873],[-80.2567647081241,26.1262097743624],[-80.2568767078931,26.126202774939],[-80.2569317077315,26.1262157737398],[-80.2569687076391,26.1262297743855],[-80.257008707685,26.1262597748696],[-80.2571467077537,26.1264307737621],[-80.2572797075917,26.1265877738076],[-80.2573529537751,26.1266770971712],[-80.2574027087674,26.1267377744296],[-80.2574757076371,26.1267747743373],[-80.2576047090894,26.1267857748445],[-80.2577508956866,26.126780928398],[-80.2596710004157,26.1267800002976],[-80.2596577093352,26.1268367735991],[-80.2596517090585,26.1268827739217],[-80.2596537091507,26.1269177737371],[-80.2596667088509,26.126965774152],[-80.2596752344239,26.1269701133809],[-80.2597787086199,26.1270227740826],[-80.2596817086433,26.1271677735747],[-80.2596798542412,26.1271775923728],[-80.2596647087586,26.1272577741278],[-80.2596919995855,26.1277229997175]]]]}},{"type":"Feature","id":"FL-12011-N010-2022","properties":{"state_po":"FL","county_fips":"12011","county_name":"Broward County","precinct_id":"N010","geometry_vintage":"2022"},"geometry":{"type":"MultiPolygon","coordinates":[[[[-80.2698779998692,26.1356370004481],[-80.2700469995687,26.1358500003781],[-80.2700729998684,26.1358890003779],[-80.2703659998903,26.1363160002841],[-80.2705250000281,26.1366070002138],[-80.2705730004429,26.1367050002364],[-80.2707149997967,26.1369919999817],[-80.2708159999578,26.1372360004419],[-80.2709319999112,26.1375590000487],[-80.2710570002797,26.1379740003007],[-80.2710639997032,26.1379969995627],[-80.2711140002103,26.1382290003689],[-80.2712280000715,26.1397019999482],[-80.271062999657,26.1408620003819],[-80.2695170003087,26.1442520002305],[-80.2683470003132,26.1466350004058],[-80.2682900003825,26.146831999598],[-80.267789999808,26.1501119997698],[-80.2571730003331,26.1501460004384],[-80.2570089999647,26.1501499997236],[-80.2570069998725,26.1500159998394],[-80.2571619998258,26.1486590002136],[-80.2571619998258,26.1484690004449],[-80.2570859999183,26.1465999996911],[-80.2570399995956,26.143275000142],[-80.2570380004028,26.1431960000962],[-80.2569479998497,26.1394259998109],[-80.2568849996424,26.1355920001715],[-80.2609069998575,26.135566999918],[-80.2630709998261,26.1355160002641],[-80.2667670002962,26.1357239999635],[-80.2698779998692,26.1356370004481]]]]}},{"type":"Feature","id":"FL-12011-N011-2022","properties":{"state_po":"FL","county_fips":"12011","county_name":"Broward County","precinct_id":"N011","geometry_vintage":"2022"},"geometry":{"type":"MultiPolygon","coordinates":[[[[-80.283956999815,26.1500640002543],[-80.2838009998156,26.1500640002543],[-80.2833020001865,26.1500650003004],[-80.2679580003607,26.1501119997698],[-80.267789999808,26.1501119997698],[-80.2682900003825,26.146831999598],[-80.2683470003132,26.1466350004058],[-80.2695170003087,26.1442520002305],[-80.271062999657,26.1408620003819],[-80.2712280000715,26.1397019999482],[-80.2711140002103,26.1382290003689],[-80.2710639997032,26.1379969995627],[-80.2710570002797,26.1379740003007],[-80.2709319999112,26.1375590000487],[-80.2708159999578,26.1372360004419],[-80.2707149997967,26.1369919999817],[-80.2705730004429,26.1367050002364],[-80.2705250000281,26.1366070002138],[-80.2703659998903,26.1363160002841],[-80.2700729998684,26.1358890003779],[-80.2700469995687,26.1358500003781],[-80.2698779998692,26.1356370004481],[-80.2700240003067,26.1356249998947],[-80.2700929998914,26.1356199996641],[-80.2742320001061,26.1355399995722],[-80.2772540000714,26.1355079998951],[-80.2873950000786,26.1355239997337],[-80.2875209995938,26.1355239997337],[-80.2875180003548,26.1356540003327],[-80.2875130001242,26.1359899996397],[-80.2875079998936,26.1360460004234],[-80.2874970002857,26.1361770001693],[-80.2874920000551,26.1362289998693],[-80.2874550001475,26.1364660000068],[-80.2873970001708,26.1367179999367],[-80.2873600002632,26.1368800002127],[-80.2873020002864,26.1371599996352],[-80.2872210001484,26.1374729996801],[-80.2871309995953,26.1378619996324],[-80.287076999803,26.1382220000461],[-80.2870749997108,26.1383359999073],[-80.2870700003796,26.138888000182],[-80.2871549998027,26.1422919997768],[-80.2871929997565,26.1442049998617],[-80.2872420002175,26.146305999623],[-80.2872509997332,26.1464699999914],[-80.2872669995717,26.1467219999212],[-80.2872620002404,26.1468389999207],[-80.2872570000099,26.146972999805],[-80.2872479995948,26.1471780002654],[-80.2872349998947,26.1472819996654],[-80.2872190000562,26.1474209997802],[-80.2871749998257,26.1475900003791],[-80.2871240001718,26.1477519997559],[-80.287045000126,26.1479730000548],[-80.28695300038,26.1481649999157],[-80.2869260000342,26.1482229998924],[-80.2867819996888,26.1484230001222],[-80.2867520001041,26.1484690004449],[-80.2867160002426,26.1485260003755],[-80.2866580002658,26.1486030003291],[-80.2866259996895,26.1486479997063],[-80.2866129999893,26.148665999637],[-80.2865109997821,26.1487859997749],[-80.2864129997595,26.1489039998206],[-80.2861599997835,26.1490640000044],[-80.2860870000144,26.1491120004193],[-80.2859390003839,26.1492139997272],[-80.2858889998768,26.1492480003958],[-80.2857240003617,26.1493339998651],[-80.2855470002931,26.1494089997264],[-80.2852360003405,26.1495269997721],[-80.2850350000646,26.1495990003944],[-80.2848040002038,26.1496839998176],[-80.284705000135,26.1497229998175],[-80.2844079999286,26.1498440000014],[-80.2843099999059,26.1498840000474],[-80.2841820002984,26.1499430000703],[-80.2841370000219,26.1499660002316],[-80.2839719996074,26.1500509996548],[-80.283956999815,26.1500640002543]]]]}},{"type":"Feature","id":"FL-12011-N012-2022","properties":{"state_po":"FL","county_fips":"12011","county_name":"Broward County","precinct_id":"N012","geometry_vintage":"2022"},"geometry":{"type":"MultiPolygon","coordinates":[[[[-80.2596919995855,26.1277229997175],[-80.2596647087586,26.1272577741278],[-80.2596798542412,26.1271775923728],[-80.2597287090121,26.1270837741977],[-80.2597787086199,26.1270227740826],[-80.2596752344239,26.1269701133809],[-80.2596667088509,26.126965774152],[-80.25965371005,26.1269177737371],[-80.2596517099578,26.1268827748211],[-80.2596577093352,26.1268367735991],[-80.2596710004157,26.1267800002976],[-80.2577508956866,26.126780928398],[-80.2576047090894,26.1267857748445],[-80.2574757076371,26.1267747743373],[-80.2574027087674,26.1267377744296],[-80.257352559872,26.1266769325952],[-80.257008707685,26.1262597748696],[-80.2569687076391,26.1262297743855],[-80.2569317077315,26.1262157737398],[-80.2568767078931,26.1262027740397],[-80.2567647081241,26.1262097725638],[-80.2563672347594,26.1262658533873],[-80.2563579996213,26.1262619997923],[-80.255259000202,26.1243360000072],[-80.2530770003027,26.1220180001315],[-80.2526040000739,26.1208949996054],[-80.2571579996413,26.1209009998821],[-80.2582899996831,26.1209060001127],[-80.2595229998859,26.1209110003433],[-80.2608319999961,26.1209050000666],[-80.2609340002033,26.1209040000205],[-80.2644070002822,26.1209149996284],[-80.2646020002815,26.1209130004355],[-80.2665759995821,26.1209270001818],[-80.2686970002657,26.1209100002972],[-80.2699349997998,26.1209009998821],[-80.2707790000501,26.1208949996054],[-80.2707699996351,26.1207330002286],[-80.2708909998191,26.1207330002286],[-80.271516999909,26.1207090000212],[-80.2737290002925,26.1207130002057],[-80.274839000219,26.1207090000212],[-80.2805469999435,26.1206740002058],[-80.280926000334,26.1206689999752],[-80.2829340003032,26.1206970003671],[-80.2853009997407,26.1206770003442],[-80.2854710003857,26.120676000298],[-80.2854609999246,26.1208239999285],[-80.2853779996943,26.1224239999685],[-80.2855670003162,26.1250759999583],[-80.2870870002642,26.1282469996002],[-80.2874330000323,26.132973999951],[-80.2875209995938,26.1355239997337],[-80.2873950000786,26.1355239997337],[-80.2772540000714,26.1355079998951],[-80.2742320001061,26.1355399995722],[-80.2700929998914,26.1356199996641],[-80.2693449995714,26.1348219997363],[-80.26836600029,26.1339049997168],[-80.2676400000853,26.1332419997193],[-80.2659799999764,26.1317609997712],[-80.26461800012,26.1305909997757],[-80.264526000374,26.1306610003058],[-80.2645099996361,26.1306469996602],[-80.2644779999591,26.1306180001215],[-80.2644509996133,26.1305869995912],[-80.2630469996187,26.1318250000246],[-80.2619880002454,26.1326229999523],[-80.2612339996487,26.1330190002275],[-80.2609649998342,26.1325839999525],[-80.2601350002294,26.1312299995657],[-80.2600220004143,26.1310169996357],[-80.2599420003224,26.1308380003743],[-80.2599160000227,26.1307499999135],[-80.2598569999999,26.1305499996836],[-80.2598250003228,26.1303739996612],[-80.2597840002308,26.1301439998466],[-80.2597480003693,26.1292180003113],[-80.259736999862,26.1289280004278],[-80.2596230000008,26.1289250002894],[-80.2595799998165,26.1277219996714],[-80.2596919995855,26.1277229997175]]]]}},{"type":"Feature","id":"FL-12011-N013-2022","properties":{"state_po":"FL","county_fips":"12011","county_name":"Broward County","precinct_id":"N013","geometry_vintage":"2022"},"geometry":{"type":"MultiPolygon","coordinates":[[[[-80.2854710003857,26.120676000298],[-80.2853009997407,26.1206770003442],[-80.2829340003032,26.1206970003671],[-80.280926000334,26.1206689999752],[-80.2805469999435,26.1206740002058],[-80.274839000219,26.1207090000212],[-80.2737290002925,26.1207130002057],[-80.271516999909,26.1207090000212],[-80.2708909998191,26.1207330002286],[-80.2707699996351,26.1207330002286],[-80.2707790000501,26.1208949996054],[-80.2699349997998,26.1209009998821],[-80.2686970002657,26.1209100002972],[-80.2665759995821,26.1209270001818],[-80.2646020002815,26.1209130004355],[-80.2644070002822,26.1209149996284],[-80.2609340002033,26.1209040000205],[-80.2608319999961,26.1209050000666],[-80.2595229998859,26.1209110003433],[-80.2582899996831,26.1209060001127],[-80.2571579996413,26.1209009998821],[-80.2526040000739,26.1208949996054],[-80.2524179995904,26.1208959996515],[-80.2523799996366,26.1207399996521],[-80.2508049998502,26.1158909999705],[-80.2503680003823,26.1136079999101],[-80.2501429998989,26.1084660002066],[-80.2500700001298,26.1055489996875],[-80.2500659999453,26.1054400000568],[-80.2499849998072,26.1034590004334],[-80.2499449997613,26.1010510000045],[-80.2502539996217,26.0997789998018],[-80.2504479995749,26.0998260001706],[-80.2651710004407,26.1034449997878],[-80.2653770000479,26.1034950002949],[-80.2685089996899,26.104256000315],[-80.2819180002149,26.1075989997949],[-80.2820980004217,26.1076409999331],[-80.2821517151289,26.1084427689195],[-80.2821557162127,26.1084957686656],[-80.2821817147137,26.1087767690335],[-80.2822517161431,26.1090907691246],[-80.2823017148516,26.109292770346],[-80.2824043221011,26.109565739768],[-80.28240500019,26.1095699998565],[-80.2824065461245,26.109571657307],[-80.2824077161425,26.1095747689613],[-80.2825737148044,26.1098747702054],[-80.2826827162337,26.1100427689595],[-80.2828197162563,26.1102437701347],[-80.2829797146415,26.1104317689119],[-80.2830527162092,26.110504768681],[-80.283090716163,26.1105437686808],[-80.28333571577,26.1107627688875],[-80.2836297158381,26.1110117686791],[-80.2837727161373,26.1111327697624],[-80.2838337162523,26.1111847703617],[-80.2841257162282,26.1114407686774],[-80.284195715859,26.1115077699685],[-80.2843327158815,26.1116377696682],[-80.2843335225734,26.1116386941713],[-80.2843947160426,26.1117087702444],[-80.2845837157652,26.1119217701744],[-80.2846027157421,26.1119437702897],[-80.2846377155575,26.1120007702202],[-80.2846937172406,26.112090769874],[-80.284754715557,26.1121887698967],[-80.2848407159257,26.1123477700344],[-80.2848507172861,26.1123667700113],[-80.2849027160868,26.1124607698495],[-80.2849547157869,26.11255676978],[-80.2850677156019,26.1128257695944],[-80.2850727158325,26.1128427712778],[-80.2851927159704,26.1132697711839],[-80.2852437156243,26.1135747699606],[-80.2852537169848,26.1138157711817],[-80.2852657157395,26.1140797698664],[-80.2852854828381,26.1144948816344],[-80.2853737171227,26.1166267722086],[-80.2853847158313,26.1168797721846],[-80.2854177155545,26.1176387721125],[-80.2854297170072,26.1178917720885],[-80.2854347172378,26.1180017708659],[-80.2854367164306,26.1180727714421],[-80.2854597156927,26.11861877144],[-80.2854677169609,26.1188007717391],[-80.2854697170532,26.1188557706781],[-80.2854757164305,26.1190207719919],[-80.2854787156695,26.1190767718764],[-80.2854817158079,26.1191807721757],[-80.2854937172606,26.1194927721746],[-80.2854977156464,26.1195977716208],[-80.2854997157386,26.1196697722431],[-80.285508717053,26.1198887724498],[-80.2855117171913,26.1199617722189],[-80.2855057169147,26.1200687717573],[-80.28548871703,26.1203907722172],[-80.2854877169839,26.1204237719404],[-80.2854837167994,26.1204987718017],[-80.2854817167072,26.1205347716632],[-80.2854797157157,26.1205747717093],[-80.2854757164305,26.1206437730925],[-80.285473975343,26.1206759967008],[-80.2854710003857,26.120676000298]]]]}},{"type":"Feature","id":"FL-12011-N014-2022","properties":{"state_po":"FL","county_fips":"12011","county_name":"Broward County","precinct_id":"N014","geometry_vintage":"2022"},"geometry":{"type":"MultiPolygon","coordinates":[[[[-80.2940880002603,26.120666999883],[-80.285473975343,26.1206759967008],[-80.2854757164305,26.1206437730925],[-80.2854797157157,26.1205747717093],[-80.2854817167072,26.1205347716632],[-80.2854837167994,26.1204987718017],[-80.2854877169839,26.1204237719404],[-80.28548871703,26.1203907722172],[-80.2855057169147,26.1200687717573],[-80.2855117171913,26.1199617722189],[-80.285508717053,26.1198887724498],[-80.2854997157386,26.1196697722431],[-80.2854977156464,26.1195977716208],[-80.2854937172606,26.1194927721746],[-80.2854817158079,26.1191807721757],[-80.2854787156695,26.1190767718764],[-80.2854757164305,26.1190207719919],[-80.2854697170532,26.1188557706781],[-80.2854677169609,26.1188007717391],[-80.2854597156927,26.11861877144],[-80.2854367164306,26.1180727714421],[-80.2854347172378,26.1180017708659],[-80.2854297170072,26.1178917720885],[-80.2854177155545,26.1176387721125],[-80.2853847158313,26.1168797721846],[-80.2853737171227,26.1166267722086],[-80.285364449609,26.1164028697975],[-80.2853397155548,26.1157607709437],[-80.2853317169845,26.1155447708754],[-80.2853217156241,26.1153357711298],[-80.2852947170769,26.1147087709938],[-80.2852857157626,26.1144997712483],[-80.2852854828381,26.1144948816344],[-80.2852657157395,26.1140797698664],[-80.2852537169848,26.1138157711817],[-80.2852437156243,26.1135747699606],[-80.2851927159704,26.1132697711839],[-80.2850727158325,26.1128427712778],[-80.2850677156019,26.1128257695944],[-80.2849547157869,26.11255676978],[-80.2849027160868,26.1124607698495],[-80.2848507172861,26.1123667700113],[-80.2848407159257,26.1123477700344],[-80.284754715557,26.1121887698967],[-80.2846937172406,26.112090769874],[-80.2846377155575,26.1120007702202],[-80.2846027157421,26.1119437702897],[-80.2845837157652,26.1119217701744],[-80.2843947160426,26.1117087702444],[-80.2843335225734,26.1116386941713],[-80.2843327158815,26.1116377696682],[-80.284195715859,26.1115077699685],[-80.2841257162282,26.1114407686774],[-80.2838337162523,26.1111847703617],[-80.2837727161373,26.1111327697624],[-80.2836297158381,26.1110117686791],[-80.28333571577,26.1107627688875],[-80.283090716163,26.1105437686808],[-80.2830527162092,26.110504768681],[-80.2829797146415,26.1104317689119],[-80.2828197162563,26.1102437701347],[-80.2826827162337,26.1100427689595],[-80.2825737148044,26.1098747702054],[-80.2824077161425,26.1095747689613],[-80.2824065461245,26.109571657307],[-80.28240500019,26.1095699998565],[-80.2824043221011,26.109565739768],[-80.2823017148516,26.109292770346],[-80.2822517161431,26.1090907691246],[-80.2821817147137,26.1087767690335],[-80.2821557162127,26.1084957686656],[-80.2821517151289,26.1084427689195],[-80.2821199987383,26.1079693621972],[-80.2821218207647,26.1079698262474],[-80.282112715129,26.1078257692447],[-80.2821077148985,26.1077507693834],[-80.2821027146679,26.1076767686688],[-80.2821020491696,26.1076664399551],[-80.2820986812085,26.107645278008],[-80.2820980004217,26.1076409999331],[-80.2879030001227,26.1090170004351],[-80.2973739998096,26.1113259998958],[-80.2975750000855,26.1113750003569],[-80.2978829998999,26.111479999803],[-80.3134659999553,26.1152439998116],[-80.3138149998617,26.1153249999497],[-80.3166629998969,26.1159999996012],[-80.3218899999229,26.1172479995964],[-80.3245979997972,26.1178979998937],[-80.3300280001914,26.1191779995659],[-80.3302070003521,26.1192199997041],[-80.3302000000293,26.1226379999446],[-80.3301929997065,26.1239930003775],[-80.3301789999602,26.1256409999331],[-80.3301700004445,26.128172999785],[-80.3301519996144,26.1312450002574],[-80.3299920003299,26.1312450002574],[-80.3255919997703,26.1312119996349],[-80.3247450002809,26.1312159998194],[-80.3228019997119,26.1311999999809],[-80.3214009998556,26.131171999589],[-80.3214199998325,26.1289250002894],[-80.3207959998348,26.1290289996895],[-80.3204530002051,26.1293199996191],[-80.3199080002533,26.1300619996624],[-80.3192739997946,26.1301700001463],[-80.3168660002651,26.1299210003548],[-80.3165940003122,26.1297499996636],[-80.316157999991,26.1291370001733],[-80.3156839997162,26.1287830000363],[-80.3153359998558,26.1282899997845],[-80.3151660001101,26.1267790002515],[-80.3153610001094,26.1260330000238],[-80.3152349996948,26.125102000258],[-80.3153800000863,26.1244150000531],[-80.3152030000178,26.1235869996412],[-80.3152789999252,26.1231569995967],[-80.3152589999023,26.1229509999895],[-80.314385000067,26.1228879997822],[-80.3141789995605,26.1228869997361],[-80.313828999608,26.1214720001336],[-80.3137790000002,26.1212899998345],[-80.3118079999386,26.1211660004114],[-80.3059480003993,26.1211749999272],[-80.303962999692,26.1211780000655],[-80.3020339997687,26.1211840003422],[-80.2981070003372,26.1206429996756],[-80.2977960003844,26.1206409995833],[-80.2973680004323,26.1206390003904],[-80.2940880002603,26.120666999883]]]]}},{"type":"Feature","id":"FL-12011-N015-2022","properties":{"state_po":"FL","county_fips":"12011","county_name":"Broward County","precinct_id":"N015","geometry_vintage":"2022"},"geometry":{"type":"MultiPolygon","coordinates":[[[[-80.3141789995605,26.1228869997361],[-80.313949999792,26.123968000124],[-80.313959000207,26.1270870000659],[-80.3139509998381,26.1311820000501],[-80.3139370000918,26.1349759996435],[-80.3139339999534,26.1362190003075],[-80.3139269996307,26.1385069996991],[-80.3139220002994,26.1418659999168],[-80.3139390001841,26.1457029996945],[-80.3139410002763,26.1459179997168],[-80.3059090003994,26.1458940004086],[-80.3059119996384,26.1457609996713],[-80.2980620000606,26.1457580004322],[-80.2977370003616,26.1457570003861],[-80.2977249998082,26.1354709999875],[-80.2973280003862,26.1354469997801],[-80.2957349997698,26.1354649997109],[-80.2875209995938,26.1355239997337],[-80.2874330000323,26.132973999951],[-80.2870870002642,26.1282469996002],[-80.2855670003162,26.1250759999583],[-80.2853779996943,26.1224239999685],[-80.2854609999246,26.1208239999285],[-80.2854710003857,26.120676000298],[-80.2940880002603,26.120666999883],[-80.2973680004323,26.1206390003904],[-80.2977960003844,26.1206409995833],[-80.2981070003372,26.1206429996756],[-80.3020339997687,26.1211840003422],[-80.303962999692,26.1211780000655],[-80.3059480003993,26.1211749999272],[-80.3118079999386,26.1211660004114],[-80.3137790000002,26.1212899998345],[-80.313828999608,26.1214720001336],[-80.3141789995605,26.1228869997361]]]]}},{"type":"Feature","id":"FL-12011-N016-2022","properties":{"state_po":"FL","county_fips":"12011","county_name":"Broward County","precinct_id":"N016","geometry_vintage":"2022"},"geometry":{"type":"MultiPolygon","coordinates":[[[[-80.3139410002763,26.1459179997168],[-80.3139509998381,26.151895000155],[-80.313959000207,26.1532960000113],[-80.3139940000224,26.1584450000376],[-80.3140030004375,26.1593729996651],[-80.3139649995844,26.1607310002364],[-80.305926000284,26.1605809996143],[-80.3053279996868,26.160566999868],[-80.2980509995533,26.1603729999149],[-80.2979090001995,26.1603879997073],[-80.2978049999002,26.1528310001514],[-80.2977789996005,26.15002100007],[-80.2973610001094,26.1500260003006],[-80.2916019998318,26.1500420001391],[-80.283956999815,26.1500640002543],[-80.2839719996074,26.1500509996548],[-80.2841370000219,26.1499660002316],[-80.2841820002984,26.1499430000703],[-80.2843099999059,26.1498840000474],[-80.2844079999286,26.1498440000014],[-80.284705000135,26.1497229998175],[-80.2848040002038,26.1496839998176],[-80.2850350000646,26.1495990003944],[-80.2852360003405,26.1495269997721],[-80.2855470002931,26.1494089997264],[-80.2857240003617,26.1493339998651],[-80.2858889998768,26.1492480003958],[-80.2859390003839,26.1492139997272],[-80.2860870000144,26.1491120004193],[-80.2861599997835,26.1490640000044],[-80.2864129997595,26.1489039998206],[-80.2865109997821,26.1487859997749],[-80.2866129999893,26.148665999637],[-80.2866259996895,26.1486479997063],[-80.2866580002658,26.1486030003291],[-80.2867160002426,26.1485260003755],[-80.2867520001041,26.1484690004449],[-80.2867819996888,26.1484230001222],[-80.2869260000342,26.1482229998924],[-80.28695300038,26.1481649999157],[-80.287045000126,26.1479730000548],[-80.2871240001718,26.1477519997559],[-80.2871749998257,26.1475900003791],[-80.2872190000562,26.1474209997802],[-80.2872349998947,26.1472819996654],[-80.2872479995948,26.1471780002654],[-80.2872570000099,26.146972999805],[-80.2872620002404,26.1468389999207],[-80.2872669995717,26.1467219999212],[-80.2872509997332,26.1464699999914],[-80.2872420002175,26.146305999623],[-80.2871929997565,26.1442049998617],[-80.2871549998027,26.1422919997768],[-80.2870700003796,26.138888000182],[-80.2870749997108,26.1383359999073],[-80.287076999803,26.1382220000461],[-80.2871309995953,26.1378619996324],[-80.2872210001484,26.1374729996801],[-80.2873020002864,26.1371599996352],[-80.2873600002632,26.1368800002127],[-80.2873970001708,26.1367179999367],[-80.2874550001475,26.1364660000068],[-80.2874920000551,26.1362289998693],[-80.2874970002857,26.1361770001693],[-80.2875079998936,26.1360460004234],[-80.2875130001242,26.1359899996397],[-80.2875180003548,26.1356540003327],[-80.2875209995938,26.1355239997337],[-80.2957349997698,26.1354649997109],[-80.2973280003862,26.1354469997801],[-80.2977249998082,26.1354709999875],[-80.2977370003616,26.1457570003861],[-80.2980620000606,26.1457580004322],[-80.3059119996384,26.1457609996713],[-80.3059090003994,26.1458940004086],[-80.3139410002763,26.1459179997168]]]]}},{"type":"Feature","id":"FL-12011-P001-2022","properties":{"state_po":"FL","county_fips":"12011","county_name":"Broward County","precinct_id":"P001","geometry_vintage":"2022"},"geometry":{"type":"MultiPolygon","coordinates":[[[[-80.1192966694051,26.1556307848337],[-80.1194806688971,26.1553507854113],[-80.1198636685728,26.1548897848366],[-80.1200526691946,26.1547577841453],[-80.1203486693549,26.1546547847914],[-80.1205830003046,26.1546349997063],[-80.1206836704144,26.1547007842147],[-80.120754669192,26.1548297847676],[-80.1207645041779,26.1548887955823],[-80.1207726691227,26.1549377843521],[-80.1207705997827,26.1550807963425],[-80.1207476688692,26.1552637840973],[-80.1207526690997,26.1552997839588],[-80.1207986703217,26.1553987840275],[-80.1208886690762,26.1554687845576],[-80.1210646690985,26.1555507847418],[-80.121286000348,26.1556180000715],[-80.1220250002529,26.1544449999377],[-80.1257029998929,26.1541079996853],[-80.1280419998377,26.1543380003993],[-80.1291820002485,26.1532549999192],[-80.1309849997573,26.152856000405],[-80.131983999961,26.1538070001938],[-80.1326150002814,26.1535950003099],[-80.1336399998854,26.1526499998985],[-80.1347200002272,26.1527079998752],[-80.1363730000133,26.1514139995573],[-80.1399890003914,26.150993999974],[-80.1408319996964,26.1511799995582],[-80.1420829998299,26.1508549998592],[-80.1444989997284,26.151105999743],[-80.145952000184,26.1512429997655],[-80.1462339996987,26.1522569997616],[-80.1463020001365,26.1530840001274],[-80.1463000000443,26.1541509998696],[-80.1463050002749,26.1550479998661],[-80.1463190000212,26.1552809998192],[-80.1463499996521,26.1557649996559],[-80.1463640002977,26.1570139996972],[-80.146367000436,26.1575239998336],[-80.1463650003439,26.1577989999248],[-80.1463790000901,26.1583330002686],[-80.1463820002285,26.1586309996218],[-80.1463869995598,26.1591399997121],[-80.1463919997903,26.1598849998937],[-80.1463909997442,26.1602719997538],[-80.1463909997442,26.1604839996377],[-80.1463909997442,26.1606350003059],[-80.1463959999747,26.1613360002571],[-80.1464159999978,26.1628770002742],[-80.1464289996979,26.1631759996735],[-80.1464139999055,26.1650929999429],[-80.1464339999285,26.1664470003297],[-80.1464360000207,26.1665869995912],[-80.1444199996826,26.1666350000061],[-80.1424040002437,26.1666770001443],[-80.1403930001362,26.1666780001904],[-80.1383729996136,26.1667000003056],[-80.1383690003285,26.1665549999142],[-80.1382969997061,26.1638490001321],[-80.1381526747055,26.1640037860468],[-80.1379596747985,26.1641297873606],[-80.137923674937,26.1641447862537],[-80.1377696750298,26.1641767859308],[-80.137690674984,26.1641807861152],[-80.1376126749843,26.1641757858847],[-80.1375346749846,26.1641647862767],[-80.1373846743626,26.1641227861385],[-80.1372746746859,26.1640817860464],[-80.1372458154414,26.1640650784415],[-80.1371416748478,26.1640047860929],[-80.1369516741798,26.1638757873386],[-80.1369256747794,26.1638487860935],[-80.1368406735576,26.1637897860707],[-80.1367446736271,26.1637507860708],[-80.1366466736044,26.1637217874314],[-80.136596674896,26.1637107860248],[-80.1363546736286,26.1636697859328],[-80.1362686741593,26.1636577862787],[-80.1360956742753,26.1636407863941],[-80.1360086738605,26.1636337860712],[-80.1359399323813,26.1636319415617],[-80.135850082015,26.163629532278],[-80.135747674415,26.1636267857484],[-80.1356606740002,26.1636287858407],[-80.1355736735855,26.163631785979],[-80.1350426742794,26.1636567862326],[-80.1340963356767,26.1637448766256],[-80.1339146726234,26.163761786578],[-80.1318436733462,26.1631457860501],[-80.131688134699,26.1630830952096],[-80.1316476724015,26.1630667860043],[-80.1315726734395,26.1630427857968],[-80.1315431397035,26.163034961695],[-80.1314216727713,26.1630027857508],[-80.1312416716652,26.1629387863968],[-80.1312389997794,26.1629340002048],[-80.1312244541446,26.1629315792298],[-80.1308426721509,26.1627717858901],[-80.1306146724285,26.1627137859133],[-80.1304596715759,26.1626867855676],[-80.1299876722926,26.1626447854294],[-80.1296101485888,26.1626329206736],[-80.1294730001782,26.1626400001368],[-80.1292893936899,26.1627199678531],[-80.1292161061377,26.1628335351404],[-80.1292154802096,26.1629435069382],[-80.1292706293354,26.16304157441],[-80.1298536724084,26.1634127857723],[-80.1301791460501,26.1635887687076],[-80.1302680521283,26.1636536907661],[-80.1303626715994,26.1637227856789],[-80.1304074380521,26.1638314075943],[-80.1304229963235,26.1638691602344],[-80.1304306729365,26.1638877860933],[-80.1303966731673,26.1640637861157],[-80.1302910801685,26.164184094721],[-80.1302306718074,26.1642607862072],[-80.1300446731225,26.1643157860456],[-80.1295594016444,26.164314608833],[-80.129421248691,26.1643142733859],[-80.1293276724335,26.1643437873368],[-80.1292069042746,26.1643595128821],[-80.1290436719272,26.1644477858375],[-80.1289586716048,26.1645247857911],[-80.1289138251123,26.1646029665545],[-80.1288858723845,26.164662021436],[-80.1287919426933,26.1648604550468],[-80.1287023567277,26.1649464832944],[-80.1285742249199,26.1650141123123],[-80.1283746087006,26.165064647916],[-80.1282085740658,26.1650672883256],[-80.1281325004139,26.1650506157941],[-80.1281204602903,26.1650479771833],[-80.128007107941,26.1650231343111],[-80.1278609132499,26.1649520617891],[-80.1277414059405,26.1648531030891],[-80.1277466705718,26.164730787197],[-80.1277286724396,26.1644397863679],[-80.1277247846704,26.1642629176005],[-80.1277246722552,26.1642577860688],[-80.1276360296784,26.1640346957455],[-80.127558000001,26.1639320003624],[-80.1273816717261,26.1638297861166],[-80.1272274640755,26.1637504092549],[-80.1271041247549,26.1637249413539],[-80.1268520196044,26.1637304838756],[-80.1267226710138,26.1637427866012],[-80.1265496315596,26.1638396876523],[-80.1264510739572,26.163894185669],[-80.1264246707613,26.1639087861624],[-80.1262954858473,26.1638888706757],[-80.1262239771542,26.1638778467861],[-80.1259833653394,26.1637972036789],[-80.1257696711328,26.163671786025],[-80.125650671041,26.1636617855638],[-80.1254566710878,26.1636937861402],[-80.1252689996639,26.1638229998325],[-80.1251426709968,26.1640927865537],[-80.1248417398538,26.164646145704],[-80.1248086708828,26.1648617869428],[-80.1247659998504,26.1649600001048],[-80.1246746709986,26.1650807871495],[-80.1245376709761,26.1651527868725],[-80.1244196709304,26.1651587871492],[-80.1243186707694,26.1651037864115],[-80.1240239998071,26.164912999736],[-80.1236816710716,26.1648387867814],[-80.1235636701266,26.1648417869198],[-80.1232545137841,26.1648756131199],[-80.1231706699897,26.1648847871041],[-80.1229581080296,26.164861212276],[-80.1228708665965,26.1648515355708],[-80.1226206698074,26.1648237869891],[-80.1222786702238,26.1647357874275],[-80.1220296704323,26.1646257868514],[-80.1210490002105,26.1640509995548],[-80.121019668822,26.1640337874302],[-80.1209186560704,26.163905975781],[-80.1208766694221,26.1638177855632],[-80.1208466698373,26.1636387863018],[-80.1208416696067,26.1634207861412],[-80.1208905360687,26.1631784961915],[-80.1210332521822,26.1627982358508],[-80.1210290001875,26.1624599999299],[-80.1208086689842,26.1622157863303],[-80.120553668916,26.1621217855928],[-80.1203176688247,26.1621047857081],[-80.119885668688,26.162152786123],[-80.1196516309174,26.1621990418532],[-80.1193399996406,26.1621399995622],[-80.1190566691293,26.1620207863311],[-80.1187446691305,26.161798785986],[-80.1185606219745,26.1615993703156],[-80.118181669248,26.1612037864265],[-80.1180626682569,26.1610047853434],[-80.1179646691335,26.160897785805],[-80.1180670002911,26.160405999638],[-80.1178579996463,26.1597829996866],[-80.1183439995752,26.1578909996708],[-80.1191160001027,26.1567540002977],[-80.1189786691296,26.156461785384],[-80.1189226692451,26.1563677846464],[-80.1188800108032,26.156272337799],[-80.1189131562165,26.1560875316152],[-80.1190329998724,26.1558489999323],[-80.1192966694051,26.1556307848337]]]]}},{"type":"Feature","id":"FL-12011-P002-2022","properties":{"state_po":"FL","county_fips":"12011","county_name":"Broward County","precinct_id":"P002","geometry_vintage":"2022"},"geometry":{"type":"MultiPolygon","coordinates":[[[[-80.1529089999497,26.1550940001889],[-80.1543519999442,26.1557899999094],[-80.1545089999897,26.1558560002551],[-80.1550370000568,26.1568439999515],[-80.1579620000456,26.1608979998437],[-80.1601920003599,26.1639789998318],[-80.1602139995758,26.16402099997],[-80.1602419999677,26.1640749997623],[-80.1603650002439,26.1642430003151],[-80.1604349998747,26.1643400002916],[-80.1594419999477,26.1656680003788],[-80.1585160004124,26.1659720000086],[-80.1583760002516,26.1659879998472],[-80.1574849996323,26.1660299999854],[-80.1574940000474,26.1661870000309],[-80.1566119998433,26.1662110002383],[-80.1546700002197,26.1662599998001],[-80.1545079999436,26.1662639999845],[-80.1515720003469,26.1663959997764],[-80.1464360000207,26.1665869995912],[-80.1464339999285,26.1664470003297],[-80.1464139999055,26.1650929999429],[-80.1464289996979,26.1631759996735],[-80.1464159999978,26.1628770002742],[-80.1463959999747,26.1613360002571],[-80.1463909997442,26.1606350003059],[-80.1463909997442,26.1604839996377],[-80.1463909997442,26.1602719997538],[-80.1463919997903,26.1598849998937],[-80.1463869995598,26.1591399997121],[-80.1463820002285,26.1586309996218],[-80.1463790000901,26.1583330002686],[-80.1463650003439,26.1577989999248],[-80.146367000436,26.1575239998336],[-80.1463640002977,26.1570139996972],[-80.1463499996521,26.1557649996559],[-80.1463190000212,26.1552809998192],[-80.1463050002749,26.1550479998661],[-80.1463000000443,26.1541509998696],[-80.1463020001365,26.1530840001274],[-80.1462339996987,26.1522569997616],[-80.145952000184,26.1512429997655],[-80.1460476763585,26.1512207829137],[-80.1460866772577,26.151214782637],[-80.1462746769341,26.1511647821298],[-80.1463206772568,26.1511577827064],[-80.1465086769333,26.1511317824067],[-80.1465486769792,26.1511327815535],[-80.1467016768403,26.1511667822221],[-80.1468466763324,26.151226782291],[-80.1470166769774,26.1513187829364],[-80.1470436764239,26.1513437822906],[-80.1470626773001,26.1513767829131],[-80.1470856765621,26.1514057815525],[-80.1471136769539,26.1514317827514],[-80.1471806764464,26.1514707827513],[-80.1473256768379,26.1515297827741],[-80.1473376773913,26.1515367830969],[-80.1473916771835,26.151568782774],[-80.1474006766992,26.1516417834424],[-80.1474006766992,26.1516777833039],[-80.14741867663,26.1517077828888],[-80.1474656769988,26.1517667829116],[-80.1475103643112,26.1518007655938],[-80.1475206804344,26.1518073297453],[-80.1475419997628,26.1518150000631],[-80.1480947635619,26.1520933564241],[-80.1481046776881,26.1521017830717],[-80.1481576783335,26.1521577829562],[-80.1483446770645,26.1524687829089],[-80.1484856772715,26.1526937833922],[-80.1485896775709,26.152823783092],[-80.1486126768329,26.1528477832994],[-80.1486696776628,26.1528857832532],[-80.1489226776388,26.153004783345],[-80.1489836768545,26.1530067834372],[-80.1490306781226,26.153004783345],[-80.1490906781916,26.152993783737],[-80.1491316782837,26.1529807831375],[-80.1491616769692,26.1529817831836],[-80.1492226779836,26.152984783322],[-80.1492836780986,26.1529907826994],[-80.1493436781676,26.1529997831143],[-80.1494036782365,26.1530117827684],[-80.1494086119172,26.1530130589064],[-80.1494616782132,26.1530267825609],[-80.1495486777287,26.1530537838059],[-80.1496316779589,26.1530867826298],[-80.1497126780969,26.1531257826296],[-80.1497646768977,26.1531547830676],[-80.149813678258,26.1531867827447],[-80.1498616768743,26.1532207834133],[-80.1498846779349,26.153238783344],[-80.1499296782114,26.1532757832517],[-80.1499726783957,26.1533147832515],[-80.1500096783034,26.1533527832053],[-80.1500935086079,26.1534932366244],[-80.1502376780257,26.1537347837341],[-80.1502696777028,26.1537727836879],[-80.1502816782562,26.153787782581],[-80.1503386781868,26.1538427833187],[-80.1503916779329,26.1538837834108],[-80.1504666777943,26.1539297837334],[-80.1505556783013,26.1539707838255],[-80.1506176775631,26.1539917838946],[-80.1506926783238,26.1540087837792],[-80.1507836780237,26.1540207834333],[-80.1508446781388,26.1540227844248],[-80.1509056782538,26.1540197833872],[-80.1509656783227,26.1540127830644],[-80.1510146778844,26.1540027844018],[-80.1513106780447,26.1539877837101],[-80.1513394752359,26.153972949393],[-80.1513436777678,26.1539707838255],[-80.1513916781827,26.1539497837564],[-80.1514626778596,26.1539257844483],[-80.1515366785742,26.1539087836643],[-80.1515876782281,26.1539017833415],[-80.1516576778589,26.153897783157],[-80.1517496794035,26.1539017833415],[-80.1518306777429,26.1539157830878],[-80.1518679195682,26.1539250937689],[-80.1518826792416,26.1539287836872],[-80.1518848933725,26.1539295642988],[-80.1519536780192,26.1539537839408],[-80.1520086778576,26.1539787832951],[-80.1520596793101,26.1540077837331],[-80.1521086779725,26.154041782603],[-80.1521536791483,26.1540777833639],[-80.1521946792404,26.1541187825566],[-80.1522326791941,26.1541617836403],[-80.152265678018,26.1542087831097],[-80.1522916792169,26.1542537833862],[-80.1527096778087,26.154490784423],[-80.1527766790998,26.1546077844226],[-80.1527796792382,26.1547457835919],[-80.1527766790998,26.1547737830845],[-80.1527756790537,26.1548007843296],[-80.1527766790998,26.1548287838222],[-80.1527796792382,26.1548557832687],[-80.1527846785694,26.1548827836144],[-80.1527916788922,26.1549097830609],[-80.1528166791457,26.1549647837986],[-80.152838679261,26.1550107832219],[-80.1528476589916,26.1550242541668],[-80.1529089999497,26.1550940001889]]]]}},{"type":"Feature","id":"FL-12011-Q010-2022","properties":{"state_po":"FL","county_fips":"12011","county_name":"Broward County","precinct_id":"Q010","geometry_vintage":"2022"},"geometry":{"type":"MultiPolygon","coordinates":[[[[-80.0786676600838,26.2535638107221],[-80.0811320003409,26.2577500001632],[-80.081306000271,26.2580430001852],[-80.0832289999178,26.2613929999878],[-80.0837676614478,26.262562812025],[-80.0825659999203,26.2643559999303],[-80.0817970004306,26.2658919997169],[-80.0816669998315,26.2661540001079],[-80.0811670001563,26.2679550004238],[-80.08136600034,26.2714559999953],[-80.0809649998342,26.2757579996329],[-80.08077900025,26.2795710001025],[-80.0807686607445,26.2851088175188],[-80.0805719996974,26.2892929996731],[-80.0807600002731,26.2907339995753],[-80.080315999583,26.2928019996135],[-80.0803100002057,26.29385999984],[-80.0802900001827,26.2970460001736],[-80.0802769995832,26.2979539997781],[-80.0802389996295,26.3006479999061],[-80.0800859997684,26.3015379995799],[-80.0794570004395,26.3051919999117],[-80.0791200001872,26.3053110000035],[-80.0786170003736,26.3053330001187],[-80.0775800002162,26.3053629997036],[-80.0767220002195,26.3053900000493],[-80.0764209998286,26.3053770003492],[-80.0762130001292,26.3053710000724],[-80.0721669997066,26.3052610003957],[-80.0743719997673,26.2792749999422],[-80.0761180002448,26.2564579999376],[-80.0786676600838,26.2535638107221]]]]}},{"type":"Feature","id":"FL-12011-Q020-2022","properties":{"state_po":"FL","county_fips":"12011","county_name":"Broward County","precinct_id":"Q020","geometry_vintage":"2022"},"geometry":{"type":"MultiPolygon","coordinates":[[[[-80.0891690004484,26.2020249997548],[-80.0892250003328,26.2015179997567],[-80.0933849997173,26.201448000126],[-80.0954290004474,26.201316000334],[-80.0959189996614,26.1970959999813],[-80.096795999635,26.19707299982],[-80.0977309995853,26.1970499996586],[-80.0990300001337,26.1970000000508],[-80.1014949995939,26.1969149997283],[-80.1019279997767,26.1966229997525],[-80.1019000002841,26.1969729997051],[-80.1018780001689,26.1970580000275],[-80.1015260001241,26.1982449999077],[-80.1016110004467,26.1984959997914],[-80.1015619999857,26.1986699997216],[-80.101201999572,26.1999569997166],[-80.1011620004253,26.200101000062],[-80.1009590000572,26.2003180001764],[-80.1000490003604,26.2043259997459],[-80.0997580004307,26.2046569997216],[-80.0998080000385,26.2043920000916],[-80.0947339998735,26.2045229998374],[-80.0953110004017,26.2018689997554],[-80.0933039995792,26.2020330001237],[-80.0891690004484,26.2020249997548]]]]}},{"type":"Feature","id":"FL-12011-Q030-2022","properties":{"state_po":"FL","county_fips":"12011","county_name":"Broward County","precinct_id":"Q030","geometry_vintage":"2022"},"geometry":{"type":"MultiPolygon","coordinates":[[[[-80.1000650001989,26.20465999986],[-80.0997580004307,26.2046569997216],[-80.1000490003604,26.2043259997459],[-80.1009590000572,26.2003180001764],[-80.1011620004253,26.200101000062],[-80.101201999572,26.1999569997166],[-80.1015619999857,26.1986699997216],[-80.1016110004467,26.1984959997914],[-80.1015260001241,26.1982449999077],[-80.1018780001689,26.1970580000275],[-80.1019000002841,26.1969729997051],[-80.1019279997767,26.1966229997525],[-80.1014949995939,26.1969149997283],[-80.0990300001337,26.1970000000508],[-80.0977309995853,26.1970499996586],[-80.096795999635,26.19707299982],[-80.0959189996614,26.1970959999813],[-80.0954290004474,26.201316000334],[-80.0933849997173,26.201448000126],[-80.0892250003328,26.2015179997567],[-80.0899779999841,26.1945260001756],[-80.0915410001164,26.1817849998787],[-80.095973000353,26.1819110002933],[-80.0959039998691,26.182253999923],[-80.0955030002626,26.1863600004145],[-80.0949299999189,26.1896670000329],[-80.0952379997332,26.1896269999869],[-80.0958300000538,26.1896619998023],[-80.0966469999584,26.1897460000787],[-80.0975260000242,26.1898189998478],[-80.0977119996085,26.1898270002168],[-80.0985719996974,26.1898700004011],[-80.1002400001752,26.1898579998477],[-80.1018970001458,26.1898660002166],[-80.1023589998673,26.1898569998016],[-80.1029540003262,26.1898470002397],[-80.1029470000034,26.1899270003317],[-80.1022490001906,26.1970569999814],[-80.1011659997105,26.2008329996441],[-80.1000650001989,26.20465999986]]]]}},{"type":"Feature","id":"FL-12011-Q031-2022","properties":{"state_po":"FL","county_fips":"12011","county_name":"Broward County","precinct_id":"Q031","geometry_vintage":"2022"},"geometry":{"type":"MultiPolygon","coordinates":[[[[-80.0922080002983,26.2162199996541],[-80.0920829999299,26.2167800002976],[-80.090818661951,26.2167928003483],[-80.090818661951,26.2168308003021],[-80.0906986618131,26.216795801386],[-80.0907401996998,26.2166002294179],[-80.0907466631273,26.2165698008565],[-80.0904920003049,26.2165670003676],[-80.0862970002057,26.2166309997218],[-80.0887639997581,26.2052199996042],[-80.0887500000118,26.2049410002278],[-80.0891690004484,26.2020249997548],[-80.0933039995792,26.2020330001237],[-80.0953110004017,26.2018689997554],[-80.0947339998735,26.2045229998374],[-80.0998080000385,26.2043920000916],[-80.0997580004307,26.2046569997216],[-80.1000650001989,26.20465999986],[-80.0990389996495,26.2090360002121],[-80.0983266646432,26.211755800091],[-80.0977899996081,26.2121229995776],[-80.0970030001877,26.2153520000956],[-80.0960389997994,26.219326999942],[-80.0956049995704,26.2193859999648],[-80.0955650004238,26.219559999895],[-80.0955319998013,26.21962100001],[-80.0933550001325,26.2196460002636],[-80.0934180003398,26.2193449998727],[-80.0929050000651,26.2192910000805],[-80.0935569995552,26.2162249998847],[-80.0937539996467,26.2155530003715],[-80.0936989998083,26.2148729995901],[-80.0924929999513,26.2148830000513],[-80.0922080002983,26.2162199996541]]]]}},{"type":"Feature","id":"FL-12011-Q032-2022","properties":{"state_po":"FL","county_fips":"12011","county_name":"Broward County","precinct_id":"Q032","geometry_vintage":"2022"},"geometry":{"type":"MultiPolygon","coordinates":[[[[-80.1029540003262,26.1898470002397],[-80.1023589998673,26.1898569998016],[-80.1018970001458,26.1898660002166],[-80.1002400001752,26.1898579998477],[-80.0985719996974,26.1898700004011],[-80.0977119996085,26.1898270002168],[-80.0975260000242,26.1898189998478],[-80.0966469999584,26.1897460000787],[-80.0958300000538,26.1896619998023],[-80.0952379997332,26.1896269999869],[-80.0949299999189,26.1896670000329],[-80.0955030002626,26.1863600004145],[-80.0959039998691,26.182253999923],[-80.0974049998402,26.1822549999691],[-80.097575999632,26.1822549999691],[-80.1028449997963,26.1822129998309],[-80.1033499997021,26.1822190001076],[-80.1033270004401,26.1827260001057],[-80.1030680001874,26.1873809998342],[-80.1029540003262,26.1898470002397]]]]}},{"type":"Feature","id":"FL-12011-Q040-2022","properties":{"state_po":"FL","county_fips":"12011","county_name":"Broward County","precinct_id":"Q040","geometry_vintage":"2022"},"geometry":{"type":"MultiPolygon","coordinates":[[[[-80.234849999727,26.3308630002281],[-80.2348830003496,26.334346999915],[-80.2308511840342,26.3343791344904],[-80.2308635191354,26.3350838198632],[-80.2299490156339,26.3348111148419],[-80.229958705829,26.335274827772],[-80.2278889997768,26.3346559997755],[-80.2273639998481,26.334661000006],[-80.2270337049409,26.3346608273362],[-80.2236219999547,26.3336419997793],[-80.2197480002694,26.3324909997607],[-80.2188650000191,26.3322280002229],[-80.212653000435,26.3303659997919],[-80.2052239995872,26.3281170004001],[-80.2030639998031,26.3278250004243],[-80.2030259998493,26.3261749998772],[-80.2029520000341,26.3231679997043],[-80.2027960000347,26.3176079996103],[-80.2027929998964,26.3174529996571],[-80.2026080003583,26.3120189999777],[-80.2024920004048,26.3020780002004],[-80.2024799998514,26.3008059999978],[-80.2082560000138,26.3008860000897],[-80.218286000298,26.3010220000661],[-80.2187459999273,26.301030000435],[-80.2192810003173,26.3010389999508],[-80.2303889999517,26.3011939999041],[-80.2303869998595,26.3009680002739],[-80.230381999629,26.3005849996989],[-80.2346199999124,26.3011929998579],[-80.2366370002967,26.3014900000643],[-80.236640000435,26.3018280003628],[-80.2344219997748,26.3015179995569],[-80.2344379996134,26.3106259995911],[-80.234909999796,26.310562000237],[-80.2353120003479,26.3235340003947],[-80.234849999727,26.3308630002281]]]]}},{"type":"Feature","id":"FL-12011-Q041-2022","properties":{"state_po":"FL","county_fips":"12011","county_name":"Broward County","precinct_id":"Q041","geometry_vintage":"2022"},"geometry":{"type":"MultiPolygon","coordinates":[[[[-80.2182820001136,26.3001149996084],[-80.2182739997446,26.2939129995862],[-80.2186790004348,26.2939110003932],[-80.2222359998908,26.2938860001397],[-80.2221240001219,26.2866320001676],[-80.2231570000948,26.2866490000522],[-80.2240750001605,26.286656000375],[-80.2241799996066,26.2883930004375],[-80.2243349995599,26.3002030000693],[-80.2242550003673,26.3002020000231],[-80.2182820001136,26.3001149996084]]],[[[-80.230381999629,26.3005849996989],[-80.2303210004132,26.295753999948],[-80.2343370003516,26.2958109998786],[-80.2346199999124,26.2958160001092],[-80.234625000143,26.3005299998605],[-80.2346199999124,26.3011929998579],[-80.230381999629,26.3005849996989]]]]}},{"type":"Feature","id":"FL-12011-Q042-2022","properties":{"state_po":"FL","county_fips":"12011","county_name":"Broward County","precinct_id":"Q042","geometry_vintage":"2022"},"geometry":{"type":"MultiPolygon","coordinates":[[[[-80.2788980003418,26.3107520000057],[-80.2789350002494,26.3138620004319],[-80.2789940002722,26.3199109996938],[-80.2789950003183,26.3200420003389],[-80.2788499999269,26.320043000385],[-80.2747669995967,26.319922000201],[-80.2709570001647,26.320063000408],[-80.2707919997503,26.3200610003158],[-80.2682110003367,26.3200449995779],[-80.264822999681,26.320773999921],[-80.2629240002418,26.3218190004474],[-80.2580009998456,26.3255689998104],[-80.2578999996846,26.3254559999953],[-80.2561560001986,26.3236139995873],[-80.255675999647,26.3240140000469],[-80.2508619997808,26.3233370003032],[-80.2508389996195,26.3222309996618],[-80.2508769995732,26.3198640002243],[-80.249686000408,26.3198589999937],[-80.2427610003193,26.3198519996709],[-80.2428089998348,26.3272330001037],[-80.2386640002427,26.3272380003343],[-80.2385830001047,26.3307430000902],[-80.234849999727,26.3308630002281],[-80.2353120003479,26.3235340003947],[-80.234909999796,26.310562000237],[-80.2344379996134,26.3106259995911],[-80.2344219997748,26.3015179995569],[-80.236640000435,26.3018280003628],[-80.2366370002967,26.3014900000643],[-80.2504699996901,26.3016949996254],[-80.2504679995978,26.3020669996932],[-80.250661999551,26.302065999647],[-80.2506829996201,26.3016969997176],[-80.2666700003196,26.3019260003855],[-80.2668010000655,26.3019279995784],[-80.2747190000811,26.3020350000161],[-80.2747250003578,26.3023920002914],[-80.2747260004039,26.3028899998745],[-80.2747269995508,26.3030059998279],[-80.274758000081,26.3060489998624],[-80.2747600001732,26.3062320002075],[-80.2747590001271,26.3063389997459],[-80.2747840003806,26.3084459997839],[-80.274798000127,26.30978200024],[-80.2749720000571,26.3107200003286],[-80.2785270003201,26.310745999729],[-80.2787689997888,26.3107530000518],[-80.2788980003418,26.3107520000057]]]]}},{"type":"Feature","id":"FL-12011-Q043-2022","properties":{"state_po":"FL","county_fips":"12011","county_name":"Broward County","precinct_id":"Q043","geometry_vintage":"2022"},"geometry":{"type":"MultiPolygon","coordinates":[[[[-80.2969859999033,26.33435600033],[-80.2969099999959,26.3354660002566],[-80.2971120003179,26.3527319996829],[-80.2971389997644,26.3551240002733],[-80.2970619998108,26.3553200003186],[-80.2968809995578,26.3554310000415],[-80.28346999984,26.351455000149],[-80.2512250003329,26.3417179998867],[-80.249769999785,26.3415260000257],[-80.2390140001953,26.3382920001765],[-80.2347230001657,26.3369539996282],[-80.2322840001059,26.3361929996081],[-80.2273639998481,26.334661000006],[-80.2278889997768,26.3346559997755],[-80.229958705829,26.335274827772],[-80.2299517064055,26.3348158272894],[-80.2308635191354,26.3350838198632],[-80.2308511840342,26.3343791344904],[-80.2348830003496,26.334346999915],[-80.234849999727,26.3308630002281],[-80.2385830001047,26.3307430000902],[-80.2386640002427,26.3272380003343],[-80.2428089998348,26.3272330001037],[-80.2427610003193,26.3198519996709],[-80.249686000408,26.3198589999937],[-80.2508769995732,26.3198640002243],[-80.2508389996195,26.3222309996618],[-80.2508619997808,26.3233370003032],[-80.255675999647,26.3240140000469],[-80.2561560001986,26.3236139995873],[-80.2578999996846,26.3254559999953],[-80.2580009998456,26.3255689998104],[-80.2629240002418,26.3218190004474],[-80.264822999681,26.320773999921],[-80.2682110003367,26.3200449995779],[-80.2707919997503,26.3200610003158],[-80.2709570001647,26.320063000408],[-80.2747669995967,26.319922000201],[-80.2788499999269,26.320043000385],[-80.2789950003183,26.3200420003389],[-80.2789940002722,26.3199109996938],[-80.2789350002494,26.3138620004319],[-80.2788980003418,26.3107520000057],[-80.2791460000872,26.3107499999134],[-80.2794119997633,26.3107479998212],[-80.2798229998309,26.3108229996826],[-80.2804590003819,26.3109379995899],[-80.2874859997784,26.3109900001892],[-80.2877019998468,26.3109920002815],[-80.288352000144,26.3109979996588],[-80.2891960003944,26.3110060000277],[-80.2897459996775,26.3110110002583],[-80.2900569996302,26.3110140003966],[-80.2928259996195,26.3107899999594],[-80.292899000288,26.3107780003053],[-80.2931569995952,26.3110619999122],[-80.295989999838,26.3107760002131],[-80.2962239998371,26.3107770002592],[-80.296658000066,26.3107790003514],[-80.2966349999047,26.3110439999815],[-80.2970880001105,26.3110670001428],[-80.2970900002027,26.3106940000289],[-80.2973709996712,26.3108570003512],[-80.297103999949,26.3112719997039],[-80.2970789996954,26.3155039997107],[-80.2969859999033,26.33435600033]]],[[[-80.2506829996201,26.3016969997176],[-80.250661999551,26.302065999647],[-80.2504679995978,26.3020669996932],[-80.2504699996901,26.3016949996254],[-80.2506829996201,26.3016969997176]]]]}},{"type":"Feature","id":"FL-12011-Q050-2022","properties":{"state_po":"FL","county_fips":"12011","county_name":"Broward County","precinct_id":"Q050","geometry_vintage":"2022"},"geometry":{"type":"MultiPolygon","coordinates":[[[[-80.1911010003103,25.9830340003197],[-80.1911430004484,25.9842289996695],[-80.1911469997336,25.9843439995768],[-80.1891470001333,25.98439500013],[-80.187118000095,25.9844380003144],[-80.1850950003333,25.9844970003372],[-80.1830630001567,25.9845419997144],[-80.1810350001645,25.9845910001754],[-80.1810469998185,25.9854650000106],[-80.1810659997954,25.9863969998225],[-80.1810930001412,25.9873040002803],[-80.181212000233,25.988203000369],[-80.1831529998104,25.9881630003231],[-80.1831990001331,25.9891019995585],[-80.1832390001791,25.9900170003851],[-80.1832679997178,25.9909359995976],[-80.1832970001558,25.9918549997093],[-80.1832620003404,25.9927909997057],[-80.1833160001327,25.9936990002096],[-80.1833400003401,25.9946219996065],[-80.183411000017,25.9954649998108],[-80.1834249997632,25.9956310002713],[-80.1770610003642,25.995812999671],[-80.1768539998116,25.9958199999939],[-80.1761400001602,25.9958460002936],[-80.175216999864,25.9958660003165],[-80.1732560002636,25.9959319997628],[-80.1711939996027,25.9959980001085],[-80.1672650000791,25.9962199995542],[-80.1665480002893,25.9962110000385],[-80.1661360001756,25.9962170003152],[-80.1658620001306,25.9962279999231],[-80.1655069999474,25.9962330001537],[-80.1654940002472,25.9959660004315],[-80.1657090002695,25.9906899999444],[-80.1656670001313,25.9892649998807],[-80.1651319997413,25.9850849995739],[-80.1651119997184,25.9848129996211],[-80.1653950001785,25.9813370003032],[-80.1657830000847,25.9799300001703],[-80.1659770000379,25.9769989999048],[-80.1657240000619,25.9737829999863],[-80.1659810002223,25.9737130003555],[-80.1664739995748,25.973578999572],[-80.1744650002589,25.9735690000102],[-80.1745600001432,25.9737829999863],[-80.1748750002804,25.9839700003162],[-80.1752339997486,25.9839910003852],[-80.1758239999769,25.9840070002237],[-80.1761279996068,25.9841780000156],[-80.1790870002642,25.9841060002926],[-80.1830410000414,25.9840060001777],[-80.189559000247,25.9838969996477],[-80.1896166845617,25.9838907403662],[-80.1896081589887,25.9837143608299],[-80.1896006847232,25.9835597403906],[-80.1899137639084,25.9835558301383],[-80.190641685065,25.9835467397911],[-80.1906278211164,25.9831854155753],[-80.1906256852266,25.9831297394468],[-80.1907396823898,25.983127388619],[-80.1909166851563,25.9831237391701],[-80.1909119996884,25.9830379996048],[-80.1911010003103,25.9830340003197]]]]}},{"type":"Feature","id":"FL-12011-Q051-2022","properties":{"state_po":"FL","county_fips":"12011","county_name":"Broward County","precinct_id":"Q051","geometry_vintage":"2022"},"geometry":{"type":"MultiPolygon","coordinates":[[[[-80.1962916866114,25.9806557386723],[-80.1963126866805,25.9806067382113],[-80.1963236871878,25.9805837389493],[-80.1963746868417,25.9805507383268],[-80.196409686657,25.9805357394337],[-80.1972990001481,25.9804930000528],[-80.1982780003288,25.9804679997992],[-80.1983150002364,25.9811600002347],[-80.1983219996599,25.9815130003256],[-80.1983170003286,25.9818610001859],[-80.1983570003746,25.9825199999989],[-80.1983669999365,25.9827319998828],[-80.1983960003745,25.9840749997623],[-80.1983989996134,25.9841939998541],[-80.1984459999823,25.9856640001943],[-80.1984560004434,25.9859390002855],[-80.1975970004006,25.9859629995937],[-80.1975669999164,25.9850780001504],[-80.1975439997551,25.9842200001537],[-80.1956699996701,25.9842570000614],[-80.1957719998772,25.9875479998412],[-80.1961130003141,25.9873180000266],[-80.1968589996425,25.9873919998418],[-80.1976449999162,25.9873630003031],[-80.1984950004432,25.9873489996575],[-80.1985100002357,25.9877779996558],[-80.1967079998736,25.987828000163],[-80.1948949999037,25.9878710003472],[-80.1930829999798,25.9879260001856],[-80.1912330001022,25.9879709995628],[-80.191210999987,25.9870349995664],[-80.1911950001485,25.986461000076],[-80.1911849996873,25.9861239998236],[-80.1911649996644,25.9852029996196],[-80.1911469997336,25.9843439995768],[-80.1911430004484,25.9842289996695],[-80.1911010003103,25.9830340003197],[-80.1909860004029,25.9788550000591],[-80.1909569999649,25.9773790003414],[-80.1909089995501,25.97563399991],[-80.1908529996655,25.9734499999184],[-80.1908389999193,25.9732279995734],[-80.1944219996749,25.9731690004499],[-80.198028999638,25.9730329995742],[-80.1980299996841,25.9736540003327],[-80.1980529998454,25.9743490000072],[-80.1980749999606,25.9749049995669],[-80.1967249997583,25.9749420003739],[-80.1963009999905,25.9749519999357],[-80.1963389999443,25.9776840000175],[-80.1968160003575,25.9777080002249],[-80.1981760001216,25.9776639999945],[-80.1981849996374,25.9777870002707],[-80.198219000306,25.9784870001758],[-80.1946209998586,25.9785660002216],[-80.1946910003887,25.9810299996357],[-80.196118685828,25.9810067386709],[-80.1961926874419,25.9809917388785],[-80.1962326865886,25.9809637393859],[-80.1962706874416,25.980906738556],[-80.1962878842778,25.9807011940057],[-80.1962916866114,25.9806557386723]]]]}},{"type":"Feature","id":"FL-12011-Q060-2022","properties":{"state_po":"FL","county_fips":"12011","county_name":"Broward County","precinct_id":"Q060","geometry_vintage":"2022"},"geometry":{"type":"MultiPolygon","coordinates":[[[[-80.3860960002296,26.1168120001745],[-80.3864670002512,26.1170680002888],[-80.3864419999976,26.1264270002068],[-80.3863579997213,26.1309920002815],[-80.3863490002056,26.1312499995887],[-80.3863389997444,26.1315220004408],[-80.3863300002287,26.1318100002322],[-80.3863199997675,26.1320919997469],[-80.3686479996048,26.1278900002242],[-80.3687459996275,26.1275620003869],[-80.3688170002037,26.1273159998344],[-80.3710420002874,26.1254429997955],[-80.3717729998234,26.1237069997791],[-80.3708319995965,26.1211790001116],[-80.3727079997737,26.1207639998596],[-80.3759700000148,26.1209430000203],[-80.3768399996656,26.1208740004357],[-80.3784989997284,26.1210959998814],[-80.3795270003701,26.1214940002488],[-80.3820240004067,26.121618999718],[-80.3828360000807,26.1213770002493],[-80.383376999848,26.1211509997198],[-80.3839130002841,26.120929000274],[-80.383993000376,26.1189930000278],[-80.3847860000732,26.1188149999132],[-80.3846279999816,26.1179020000781],[-80.3844220003743,26.1172660004265],[-80.3854290000477,26.116816000359],[-80.3856739996547,26.1168140002668],[-80.3860960002296,26.1168120001745]]]]}},{"type":"Feature","id":"FL-12011-Q061-2022","properties":{"state_po":"FL","county_fips":"12011","county_name":"Broward County","precinct_id":"Q061","geometry_vintage":"2022"},"geometry":{"type":"MultiPolygon","coordinates":[[[[-80.3686479996048,26.1278900002242],[-80.3685749998357,26.1281410001079],[-80.3625960002046,26.1266850004133],[-80.362601999582,26.1262320002075],[-80.3626089999048,26.125882000255],[-80.3626079998587,26.1257339997252],[-80.3626160002275,26.1255189997029],[-80.3626160002275,26.1212390001806],[-80.3626259997894,26.1194949997953],[-80.3626330001122,26.1174370002183],[-80.3626550002274,26.1140899996546],[-80.3626590004119,26.1112629996886],[-80.3626540001813,26.1107729995751],[-80.3626560002735,26.1100030000393],[-80.3626510000429,26.1096499999484],[-80.3784170004436,26.1096819996255],[-80.3861659998603,26.1096889999483],[-80.3861760003215,26.1111360001272],[-80.3860960002296,26.1168120001745],[-80.3856739996547,26.1168140002668],[-80.3854290000477,26.116816000359],[-80.3844220003743,26.1172660004265],[-80.3846279999816,26.1179020000781],[-80.3847860000732,26.1188149999132],[-80.383993000376,26.1189930000278],[-80.3839130002841,26.120929000274],[-80.383376999848,26.1211509997198],[-80.3828360000807,26.1213770002493],[-80.3820240004067,26.121618999718],[-80.3795270003701,26.1214940002488],[-80.3784989997284,26.1210959998814],[-80.3768399996656,26.1208740004357],[-80.3759700000148,26.1209430000203],[-80.3727079997737,26.1207639998596],[-80.3708319995965,26.1211790001116],[-80.3717729998234,26.1237069997791],[-80.3710420002874,26.1254429997955],[-80.3688170002037,26.1273159998344],[-80.3687459996275,26.1275620003869],[-80.3686479996048,26.1278900002242]]]]}},{"type":"Feature","id":"FL-12011-Q062-2022","properties":{"state_po":"FL","county_fips":"12011","county_name":"Broward County","precinct_id":"Q062","geometry_vintage":"2022"},"geometry":{"type":"MultiPolygon","coordinates":[[[[-80.3933300001787,26.0742600001997],[-80.3923839997212,26.0784819997453],[-80.391013000349,26.0828529998669],[-80.3895510003777,26.08560800011],[-80.3882210001984,26.0869730001047],[-80.3812489997409,26.0940180003313],[-80.3786300003736,26.0963910000455],[-80.3776360004005,26.0981150004078],[-80.377713000354,26.1008390001206],[-80.3781919999602,26.1029329995591],[-80.3784270000054,26.1056699998714],[-80.3784170004436,26.1096819996255],[-80.3626510000429,26.1096499999484],[-80.3626479999046,26.1091759996735],[-80.3626350002044,26.108532999699],[-80.3626259997894,26.1078960000013],[-80.3622979999521,26.1063650004453],[-80.3625730000433,26.1023179999766],[-80.3626849998122,26.1023159998844],[-80.3626560002735,26.0978740000859],[-80.3626900000428,26.095181000004],[-80.3626960003195,26.0913759999033],[-80.3627019996969,26.0878370003782],[-80.362702999743,26.0876420003789],[-80.3627049998352,26.086135000131],[-80.3627090000197,26.0835030001642],[-80.3627389996045,26.0765879996374],[-80.3626459998124,26.0749109996438],[-80.362499000228,26.0662989999997],[-80.3666150002814,26.0660769996547],[-80.3685379999281,26.0650429996356],[-80.3697589995775,26.065026999797],[-80.3711249996184,26.0657639996098],[-80.3717410001464,26.0675750003868],[-80.3713500001018,26.0706930002826],[-80.3721609997297,26.073231999558],[-80.3752710001559,26.0731710003423],[-80.3766469997586,26.0731670001578],[-80.3834230001707,26.0731700002962],[-80.3864820000436,26.0733220001111],[-80.3933300001787,26.0742600001997]]]]}},{"type":"Feature","id":"FL-12011-Q063-2022","properties":{"state_po":"FL","county_fips":"12011","county_name":"Broward County","precinct_id":"Q063","geometry_vintage":"2022"},"geometry":{"type":"MultiPolygon","coordinates":[[[[-80.3812489997409,26.0940180003313],[-80.3882210001984,26.0869730001047],[-80.3895510003777,26.08560800011],[-80.391013000349,26.0828529998669],[-80.3923839997212,26.0784819997453],[-80.3933300001787,26.0742600001997],[-80.3961289997529,26.0750420002889],[-80.3970770003027,26.0756640001943],[-80.3992289997179,26.0779139996322],[-80.3993249996483,26.0780179999316],[-80.399998000107,26.0787599999749],[-80.4032810004172,26.0823340002148],[-80.4084159997979,26.0880569997316],[-80.4089470000034,26.0887730003745],[-80.4131250002179,26.094765999752],[-80.4165800003661,26.1021460001386],[-80.41710899958,26.1042350002459],[-80.4144409997517,26.1051300001503],[-80.4131810001025,26.1061709995928],[-80.4121549995529,26.1078089995866],[-80.4102669997216,26.1123630000533],[-80.4091729996336,26.1136679999791],[-80.4082199997525,26.114406999884],[-80.4073649998942,26.1148919997668],[-80.4064380003128,26.1152639998346],[-80.4056540001313,26.1154759997185],[-80.4034579995863,26.115845999694],[-80.4021719996374,26.1091739995813],[-80.4021290003524,26.1090589996739],[-80.4014620001705,26.1072530000268],[-80.3993380002478,26.1036039999256],[-80.3974670003012,26.1015580000026],[-80.394386000313,26.0991119996199],[-80.3929349999497,26.0979900000393],[-80.3915039996093,26.097175000227],[-80.3904199999824,26.0966729995601],[-80.3888899995732,26.096122000231],[-80.386870999996,26.0956110000485],[-80.3835679996628,26.0949999997511],[-80.3812489997409,26.0940180003313]]]]}},{"type":"Feature","id":"FL-12011-Q064-2022","properties":{"state_po":"FL","county_fips":"12011","county_name":"Broward County","precinct_id":"Q064","geometry_vintage":"2022"},"geometry":{"type":"MultiPolygon","coordinates":[[[[-80.3784270000054,26.1056699998714],[-80.3781919999602,26.1029329995591],[-80.377713000354,26.1008390001206],[-80.3776360004005,26.0981150004078],[-80.3786300003736,26.0963910000455],[-80.3812489997409,26.0940180003313],[-80.3835679996628,26.0949999997511],[-80.386870999996,26.0956110000485],[-80.3888899995732,26.096122000231],[-80.3904199999824,26.0966729995601],[-80.3915039996093,26.097175000227],[-80.3929349999497,26.0979900000393],[-80.394386000313,26.0991119996199],[-80.3974670003012,26.1015580000026],[-80.3993380002478,26.1036039999256],[-80.4014620001705,26.1072530000268],[-80.4021290003524,26.1090589996739],[-80.4021719996374,26.1091739995813],[-80.4034579995863,26.115845999694],[-80.3993580002709,26.1164850003833],[-80.3941629999218,26.1167890000132],[-80.3942349996449,26.1131529996121],[-80.3938610003842,26.110304999577],[-80.3920250002529,26.1076070001638],[-80.3906820003734,26.106443000445],[-80.3888159997579,26.1054179999416],[-80.3869619996959,26.1048590002435],[-80.3842010000754,26.1046830002211],[-80.3784270000054,26.1056699998714]]]]}},{"type":"Feature","id":"FL-12011-Q065-2022","properties":{"state_po":"FL","county_fips":"12011","county_name":"Broward County","precinct_id":"Q065","geometry_vintage":"2022"},"geometry":{"type":"MultiPolygon","coordinates":[[[[-80.3784270000054,26.1056699998714],[-80.3842010000754,26.1046830002211],[-80.3869619996959,26.1048590002435],[-80.3888159997579,26.1054179999416],[-80.3906820003734,26.106443000445],[-80.3920250002529,26.1076070001638],[-80.3938610003842,26.110304999577],[-80.3942349996449,26.1131529996121],[-80.3941629999218,26.1167890000132],[-80.3944020001516,26.1209549996744],[-80.3952400001252,26.1225549997143],[-80.3960960000297,26.1235529998719],[-80.3969730000033,26.124232999754],[-80.3996490002006,26.1259550000241],[-80.4008659996655,26.1272379998347],[-80.40157900017,26.1285649998757],[-80.4018419997079,26.1294639999645],[-80.4018540002613,26.1308839997976],[-80.4010449998262,26.1336289995795],[-80.4007020001965,26.1349860001047],[-80.4006270003351,26.1353099997575],[-80.4005640001279,26.1355279999181],[-80.3863199997675,26.1320919997469],[-80.3863300002287,26.1318100002322],[-80.3863389997444,26.1315220004408],[-80.3863490002056,26.1312499995887],[-80.3863579997213,26.1309920002815],[-80.3864419999976,26.1264270002068],[-80.3864670002512,26.1170680002888],[-80.3860960002296,26.1168120001745],[-80.3861760003215,26.1111360001272],[-80.3861659998603,26.1096889999483],[-80.3784170004436,26.1096819996255],[-80.3784270000054,26.1056699998714]]]]}},{"type":"Feature","id":"FL-12011-Q066-2022","properties":{"state_po":"FL","county_fips":"12011","county_name":"Broward County","precinct_id":"Q066","geometry_vintage":"2022"},"geometry":{"type":"MultiPolygon","coordinates":[[[[-80.4006270003351,26.1353099997575],[-80.4007020001965,26.1349860001047],[-80.4010449998262,26.1336289995795],[-80.4018540002613,26.1308839997976],[-80.4018419997079,26.1294639999645],[-80.40157900017,26.1285649998757],[-80.4008659996655,26.1272379998347],[-80.3996490002006,26.1259550000241],[-80.3969730000033,26.124232999754],[-80.3960960000297,26.1235529998719],[-80.3952400001252,26.1225549997143],[-80.3944020001516,26.1209549996744],[-80.3941629999218,26.1167890000132],[-80.3993580002709,26.1164850003833],[-80.4034579995863,26.115845999694],[-80.4042819998138,26.1200239999085],[-80.4046830003196,26.12118200025],[-80.4052430000638,26.1222589995541],[-80.4058550004073,26.1231290001041],[-80.4064699999898,26.1238479999861],[-80.4075589998473,26.1248060000977],[-80.4083080002134,26.1253200004186],[-80.4091149996569,26.1257749998173],[-80.4108070003421,26.126471999584],[-80.4175950004083,26.1284400004066],[-80.4186969999659,26.1288690004049],[-80.4196699998699,26.129519999849],[-80.4203220002594,26.1301649999157],[-80.420996999911,26.1313640003492],[-80.4211889997719,26.1319880003468],[-80.421280000371,26.1328549998592],[-80.4211279996568,26.1340049998317],[-80.4200999999144,26.1374719996339],[-80.4195210001934,26.1395249998797],[-80.4194559998938,26.1398020000631],[-80.4144999997745,26.1386130000907],[-80.4145229999359,26.1384240003682],[-80.4114209998786,26.1378609995863],[-80.4057979995774,26.1365320003524],[-80.4006270003351,26.1353099997575]]]]}},{"type":"Feature","id":"FL-12011-Q067-2022","properties":{"state_po":"FL","county_fips":"12011","county_name":"Broward County","precinct_id":"Q067","geometry_vintage":"2022"},"geometry":{"type":"MultiPolygon","coordinates":[[[[-80.4034579995863,26.115845999694],[-80.4056540001313,26.1154759997185],[-80.4064380003128,26.1152639998346],[-80.4073649998942,26.1148919997668],[-80.4082199997525,26.114406999884],[-80.4091729996336,26.1136679999791],[-80.4102669997216,26.1123630000533],[-80.4121549995529,26.1078089995866],[-80.4131810001025,26.1061709995928],[-80.4144409997517,26.1051300001503],[-80.41710899958,26.1042350002459],[-80.4165800003661,26.1021460001386],[-80.4131250002179,26.094765999752],[-80.4089470000034,26.0887730003745],[-80.4117600002232,26.0878629997785],[-80.4181140000604,26.0878300000553],[-80.4339360003455,26.087766999848],[-80.4341729995836,26.1087099997675],[-80.4344289996979,26.1111610003807],[-80.4385950002584,26.1302910003303],[-80.438125000168,26.1306469996602],[-80.4389030000727,26.1328060002975],[-80.4396050000701,26.1359650002854],[-80.4398719997923,26.1389209999051],[-80.438956999865,26.1410190004274],[-80.4362249997832,26.1425200003986],[-80.4328679996578,26.1424269997071],[-80.4285429998589,26.1416889998483],[-80.4250659995956,26.1408649996209],[-80.4196059996165,26.1395449999027],[-80.4195210001934,26.1395249998797],[-80.4200999999144,26.1374719996339],[-80.4211279996568,26.1340049998317],[-80.421280000371,26.1328549998592],[-80.4211889997719,26.1319880003468],[-80.420996999911,26.1313640003492],[-80.4203220002594,26.1301649999157],[-80.4196699998699,26.129519999849],[-80.4186969999659,26.1288690004049],[-80.4175950004083,26.1284400004066],[-80.4108070003421,26.126471999584],[-80.4091149996569,26.1257749998173],[-80.4083080002134,26.1253200004186],[-80.4075589998473,26.1248060000977],[-80.4064699999898,26.1238479999861],[-80.4058550004073,26.1231290001041],[-80.4052430000638,26.1222589995541],[-80.4046830003196,26.12118200025],[-80.4042819998138,26.1200239999085],[-80.4034579995863,26.115845999694]]]]}},{"type":"Feature","id":"FL-12011-Q068-2022","properties":{"state_po":"FL","county_fips":"12011","county_name":"Broward County","precinct_id":"Q068","geometry_vintage":"2022"},"geometry":{"type":"MultiPolygon","coordinates":[[[[-80.4339360003455,26.087766999848],[-80.4181140000604,26.0878300000553],[-80.4117600002232,26.0878629997785],[-80.4089470000034,26.0887730003745],[-80.4084159997979,26.0880569997316],[-80.4032810004172,26.0823340002148],[-80.399998000107,26.0787599999749],[-80.3993249996483,26.0780179999316],[-80.3992289997179,26.0779139996322],[-80.3970770003027,26.0756640001943],[-80.3961289997529,26.0750420002889],[-80.3933300001787,26.0742600001997],[-80.3864820000436,26.0733220001111],[-80.3834230001707,26.0731700002962],[-80.3766469997586,26.0731670001578],[-80.3752710001559,26.0731710003423],[-80.3721609997297,26.073231999558],[-80.3713500001018,26.0706930002826],[-80.3717410001464,26.0675750003868],[-80.3711249996184,26.0657639996098],[-80.3697589995775,26.065026999797],[-80.3685379999281,26.0650429996356],[-80.3666150002814,26.0660769996547],[-80.362499000228,26.0662989999997],[-80.3623479995599,26.063242000219],[-80.3625689998588,26.0632349998962],[-80.3721449998912,26.0629930004275],[-80.3739779998841,26.0629520003354],[-80.3741780001139,26.062948000151],[-80.3785900003276,26.0628930003126],[-80.3838770004226,26.0626859997599],[-80.3937240003617,26.0625509998296],[-80.4100379999531,26.0621039999006],[-80.4225250002279,26.0617790002016],[-80.4247840000809,26.0617810002938],[-80.4333100002556,26.0618319999477],[-80.4336349999546,26.0618499998785],[-80.4344370000669,26.0618930000628],[-80.4341890003215,26.0663980000685],[-80.4342640001828,26.0731929995582],[-80.4344299997441,26.0877649997558],[-80.4339360003455,26.087766999848]]]]}},{"type":"Feature","id":"FL-12011-Q080-2022","properties":{"state_po":"FL","county_fips":"12011","county_name":"Broward County","precinct_id":"Q080","geometry_vintage":"2022"},"geometry":{"type":"MultiPolygon","coordinates":[[[[-80.1911010003103,25.9830340003197],[-80.1909119996884,25.9830379996048],[-80.1909166851563,25.9831237391701],[-80.1907396823898,25.983127388619],[-80.1906256852266,25.9831297394468],[-80.1906278211164,25.9831854155753],[-80.190641685065,25.9835467397911],[-80.1899137630091,25.9835558310376],[-80.1896006847232,25.9835597403906],[-80.1896081589887,25.9837143608299],[-80.1896166845617,25.9838907403662],[-80.189559000247,25.9838969996477],[-80.1830410000414,25.9840060001777],[-80.1790870002642,25.9841060002926],[-80.1761279996068,25.9841780000156],[-80.1758239999769,25.9840070002237],[-80.1752339997486,25.9839910003852],[-80.1748750002804,25.9839700003162],[-80.1745600001432,25.9737829999863],[-80.1744650002589,25.9735690000102],[-80.1786479998047,25.9734699999414],[-80.1810849997723,25.9734839996877],[-80.1827599996736,25.973415000103],[-80.185446000332,25.9733590002186],[-80.186278000029,25.9733370001034],[-80.186399000213,25.973333999965],[-80.1867199997275,25.9733250004493],[-80.1903889998518,25.9732319997578],[-80.1908389999193,25.9732279995734],[-80.1908529996655,25.9734499999184],[-80.1909089995501,25.97563399991],[-80.1909569999649,25.9773790003414],[-80.1909860004029,25.9788550000591],[-80.1911010003103,25.9830340003197]]]]}},{"type":"Feature","id":"FL-12011-Q081-2022","properties":{"state_po":"FL","county_fips":"12011","county_name":"Broward County","precinct_id":"Q081","geometry_vintage":"2022"},"geometry":{"type":"MultiPolygon","coordinates":[[[[-80.1982780003288,25.9804679997992],[-80.1972990001481,25.9804930000528],[-80.196409686657,25.9805357394337],[-80.1963746868417,25.9805507383268],[-80.1963236871878,25.9805837389493],[-80.196302232961,25.9806311314225],[-80.1962943656918,25.9806998594119],[-80.1962706874416,25.980906738556],[-80.1962326865886,25.9809637393859],[-80.1961926874419,25.9809917388785],[-80.196118685828,25.9810067386709],[-80.1946910003887,25.9810299996357],[-80.1946209998586,25.9785660002216],[-80.198219000306,25.9784870001758],[-80.1981849996374,25.9777870002707],[-80.1981760001216,25.9776639999945],[-80.1968160003575,25.9777080002249],[-80.1963389999443,25.9776840000175],[-80.1963009999905,25.9749519999357],[-80.1967249997583,25.9749420003739],[-80.1980749999606,25.9749049995669],[-80.1980529998454,25.9743490000072],[-80.1980299996841,25.9736540003327],[-80.198028999638,25.9730329995742],[-80.2016799998315,25.9729189997129],[-80.2020830004295,25.9729049999667],[-80.2024429999438,25.9728940003587],[-80.2028729999883,25.9728799997131],[-80.2032290002175,25.9728670000129],[-80.2039850000071,25.9728429998055],[-80.206009999861,25.9726800003826],[-80.2062189996065,25.9726469997601],[-80.2062310001598,25.972766999898],[-80.2062540003212,25.9735380003793],[-80.2062569995603,25.9742079998002],[-80.2062799997216,25.974905999613],[-80.2063060000212,25.9755699996566],[-80.2063369996522,25.9762579999077],[-80.2063450000211,25.9764980001834],[-80.2064399999054,25.9786389999907],[-80.2064779998591,25.9795040003102],[-80.206516999859,25.9803329998689],[-80.2065400000203,25.9811450004423],[-80.2065719996974,25.9819740000009],[-80.2066349999047,25.9836390003405],[-80.206658000066,25.9843820004298],[-80.2066749999506,25.9846019997834],[-80.2067210002733,25.9857020001481],[-80.2067620003654,25.9868439997517],[-80.206841999558,25.9879739997012],[-80.206902999673,25.9898279997632],[-80.2069669999265,25.9916730003096],[-80.2070340003182,25.993866999863],[-80.2070910002488,25.9951650003654],[-80.2070999997645,25.9953319999727],[-80.2069690000187,25.995314000042],[-80.2064019999517,25.9952380001345],[-80.2062310001598,25.9952220002959],[-80.2059139999305,25.995193999904],[-80.2056799999314,25.9951909997657],[-80.2053340001633,25.9951889996735],[-80.2046910001889,25.9952010002269],[-80.2037449997313,25.9952190001576],[-80.2029170002187,25.9952360000423],[-80.2008819999037,25.9952669996732],[-80.1988410002113,25.99523399995],[-80.1969850000571,25.9952719999038],[-80.1951289999027,25.9953649996959],[-80.1933359999558,25.9954120000646],[-80.1914460000322,25.9954649998108],[-80.1894620002704,25.9954970003871],[-80.1874510001629,25.9955340002947],[-80.1853900004475,25.9955819998103],[-80.1834249997632,25.9956310002713],[-80.183411000017,25.9954649998108],[-80.1833400003401,25.9946219996065],[-80.1833160001327,25.9936990002096],[-80.1832620003404,25.9927909997057],[-80.1832970001558,25.9918549997093],[-80.1832679997178,25.9909359995976],[-80.1832390001791,25.9900170003851],[-80.1831990001331,25.9891019995585],[-80.1831529998104,25.9881630003231],[-80.181212000233,25.988203000369],[-80.1810930001412,25.9873040002803],[-80.1810659997954,25.9863969998225],[-80.1810469998185,25.9854650000106],[-80.1810350001645,25.9845910001754],[-80.1830630001567,25.9845419997144],[-80.1850950003333,25.9844970003372],[-80.187118000095,25.9844380003144],[-80.1891470001333,25.98439500013],[-80.1911469997336,25.9843439995768],[-80.1911649996644,25.9852029996196],[-80.1911849996873,25.9861239998236],[-80.1911950001485,25.986461000076],[-80.191210999987,25.9870349995664],[-80.1912330001022,25.9879709995628],[-80.1930829999798,25.9879260001856],[-80.1948949999037,25.9878710003472],[-80.1967079998736,25.987828000163],[-80.1985100002357,25.9877779996558],[-80.1984950004432,25.9873489996575],[-80.1976449999162,25.9873630003031],[-80.1968589996425,25.9873919998418],[-80.1961130003141,25.9873180000266],[-80.1957719998772,25.9875479998412],[-80.1956699996701,25.9842570000614],[-80.1975439997551,25.9842200001537],[-80.1975669999164,25.9850780001504],[-80.1975970004006,25.9859629995937],[-80.1984560004434,25.9859390002855],[-80.1984459999823,25.9856640001943],[-80.1983989996134,25.9841939998541],[-80.1983960003745,25.9840749997623],[-80.1983669999365,25.9827319998828],[-80.1983570003746,25.9825199999989],[-80.1983170003286,25.9818610001859],[-80.1983219996599,25.9815130003256],[-80.1983150002364,25.9811600002347],[-80.1982780003288,25.9804679997992]]]]}},{"type":"Feature","id":"FL-12011-Q090-2022","properties":{"state_po":"FL","county_fips":"12011","county_name":"Broward County","precinct_id":"Q090","geometry_vintage":"2022"},"geometry":{"type":"MultiPolygon","coordinates":[[[[-80.321516999809,26.0549679999741],[-80.3176490004004,26.0549669999279],[-80.3176290003774,26.0540610004157],[-80.3138420002075,26.0540570002312],[-80.3138400001152,26.0535270000719],[-80.3135847230559,26.0535347549259],[-80.3136199998625,26.0549679999741],[-80.3176490004004,26.0549669999279],[-80.3176719996624,26.0558750004318],[-80.3136460001621,26.0558759995786],[-80.3137210000235,26.0586509998446],[-80.3134779996093,26.0586519998907],[-80.313402999748,26.0559169996707],[-80.3132200003021,26.0559169996707],[-80.3131519998643,26.0533829997265],[-80.3133320000711,26.0533809996343],[-80.3132720000021,26.0513870003107],[-80.3132000002791,26.0487619997673],[-80.3131980001869,26.0487110001134],[-80.3137600000233,26.0486649997908],[-80.3136100003006,26.0470269997971],[-80.3145309996053,26.0468450003973],[-80.3145040001588,26.0458830001012],[-80.3153850003168,26.0458830001012],[-80.3153359998558,26.0440969995777],[-80.3163600003131,26.0440890001082],[-80.3162939999675,26.0426140004366],[-80.3172760002865,26.0426149995835],[-80.317200000379,26.0404339997302],[-80.3152209999485,26.0404339997302],[-80.3151640000179,26.0386179996219],[-80.3171459996875,26.0386179996219],[-80.3170939999874,26.0368390003205],[-80.3170079996188,26.0368390003205],[-80.3131689997489,26.0368010003667],[-80.3128399998655,26.0368020004129],[-80.3127870001193,26.0351760000732],[-80.3125999995897,26.0295430002101],[-80.3130739998646,26.0295309996568],[-80.316896999896,26.0296780001404],[-80.3208630002266,26.0296440003712],[-80.3289960002646,26.0296529998869],[-80.3290360003105,26.0296529998869],[-80.3371290003025,26.029653999933],[-80.3371810000025,26.0313590003185],[-80.340063999853,26.0313560001801],[-80.3400160003375,26.0296499997486],[-80.3450359998109,26.0296159999793],[-80.3450990000182,26.0296170000254],[-80.3451109996722,26.0300520003004],[-80.3451549999027,26.0316229999024],[-80.3452119998333,26.033239999827],[-80.3452800002711,26.0353770003492],[-80.3453239996023,26.0368809995593],[-80.34543100004,26.0400599995702],[-80.3454550002474,26.0404860003295],[-80.3455579996013,26.043996000316],[-80.345563999878,26.0441389997159],[-80.3456829999698,26.0483790000916],[-80.3457749997158,26.0513399999419],[-80.3458189999462,26.0529379998896],[-80.3459000000843,26.0555489997874],[-80.3459669995767,26.0572750002419],[-80.3460230003605,26.0586079996604],[-80.3461210003832,26.0627789995521],[-80.3461229995761,26.062939999782],[-80.3460489997609,26.062939999782],[-80.3460570001298,26.0632109996887],[-80.3381159999528,26.0633640004492],[-80.3293939997327,26.0635209995953],[-80.3173819997788,26.0637450000326],[-80.315883999946,26.0637779997558],[-80.3158849999921,26.063435000126],[-80.3158819998537,26.0632830003111],[-80.3149730002032,26.0632929998729],[-80.3149279999266,26.0616309996718],[-80.3158340003382,26.0616089995565],[-80.3157479999696,26.0586000001907],[-80.3218800003611,26.0586010002368],[-80.3298659999153,26.0586040003752],[-80.3298649998692,26.0576199999639],[-80.3296410003313,26.0513310004262],[-80.3214749996708,26.0513310004262],[-80.321516999809,26.0549679999741]]]]}},{"type":"Feature","id":"FL-12011-Q091-2022","properties":{"state_po":"FL","county_fips":"12011","county_name":"Broward County","precinct_id":"Q091","geometry_vintage":"2022"},"geometry":{"type":"MultiPolygon","coordinates":[[[[-80.3694729998784,26.039965999732],[-80.3775869999395,26.0399540000779],[-80.3782140000754,26.0586099997525],[-80.3751249997183,26.0586099997525],[-80.3731090002795,26.0586119998448],[-80.3700399999454,26.0586099997525],[-80.3680679998376,26.0586149999831],[-80.3681780004137,26.0623600000148],[-80.3681819996989,26.0624959999912],[-80.3662810001673,26.0625370000834],[-80.3623250002979,26.0626319999677],[-80.3623339998136,26.0628760004279],[-80.3610940001873,26.0628950004048],[-80.3581229998759,26.0627730001747],[-80.3581209997836,26.062735000221],[-80.3581169995992,26.0625590001986],[-80.3581019998067,26.0619679999241],[-80.3579000003841,26.0550900002042],[-80.3576919997853,26.0486180003213],[-80.3617479997697,26.0485990003444],[-80.361729999839,26.0482450002075],[-80.3616919998852,26.0472769996347],[-80.3618089998848,26.0472740003957],[-80.3617750001155,26.0467410000979],[-80.3616509997931,26.0447910001054],[-80.361609999701,26.0441419998543],[-80.3615620001855,26.042245999654],[-80.3615430002087,26.0413099996576],[-80.3616810002773,26.0368299999054],[-80.363381999579,26.0368309999516],[-80.3635760004314,26.0441239999236],[-80.3636260000392,26.0441239999236],[-80.365589999778,26.0441219998313],[-80.3655119997783,26.0413339998651],[-80.3695049995554,26.0413359999573],[-80.3694729998784,26.039965999732]]],[[[-80.3694159999478,26.0373470003647],[-80.3667009997507,26.0372640001344],[-80.3666967387628,26.0377147493371],[-80.3654099995712,26.0377100000173],[-80.3653840001708,26.0367689997903],[-80.3613029999328,26.0367649996059],[-80.361303999979,26.0367869997211],[-80.3573379996483,26.0367719999287],[-80.3573039998791,26.0354019997034],[-80.3571879999256,26.0316349995564],[-80.3571370002717,26.0295390000257],[-80.36108299968,26.0295139997721],[-80.3611829997949,26.0316239999485],[-80.3611999996796,26.0333120004493],[-80.3612470000484,26.0349230000972],[-80.3693359998559,26.034931999613],[-80.3693539997866,26.0354619997723],[-80.3694159999478,26.0373470003647]]],[[[-80.3459669995767,26.0572750002419],[-80.3459000000843,26.0555489997874],[-80.3458189999462,26.0529379998896],[-80.3457749997158,26.0513399999419],[-80.3497309995853,26.0513460002186],[-80.3497010000005,26.0504330003835],[-80.3526710002658,26.0504359996225],[-80.3528209999885,26.0553189999728],[-80.3526819998738,26.0572720001036],[-80.3459669995767,26.0572750002419]]]]}},{"type":"Feature","id":"FL-12011-Q092-2022","properties":{"state_po":"FL","county_fips":"12011","county_name":"Broward County","precinct_id":"Q092","geometry_vintage":"2022"},"geometry":{"type":"MultiPolygon","coordinates":[[[[-80.4035769996781,26.0369409996283],[-80.4036209999086,26.0384550001989],[-80.4036245099625,26.0386052553291],[-80.4006151490692,26.0386027021539],[-80.4006389999892,26.0395159996645],[-80.4016639995933,26.0395189998028],[-80.4016659996855,26.0404349997763],[-80.4006650002889,26.0404290003989],[-80.3996270000853,26.0404339997302],[-80.3986619996509,26.0404379999146],[-80.3969639995883,26.0404199999839],[-80.3970320000261,26.0423049996768],[-80.395692000285,26.042376000253],[-80.3957310002848,26.0441059999928],[-80.3957209998236,26.0504409998532],[-80.3967280003963,26.0505999999909],[-80.396706000281,26.0617000001558],[-80.3936569999699,26.0618560001552],[-80.3936790000851,26.0622219999462],[-80.3937240003617,26.0625509998296],[-80.3838770004226,26.0626859997599],[-80.3785900003276,26.0628930003126],[-80.3741780001139,26.062948000151],[-80.3739779998841,26.0629520003354],[-80.3721449998912,26.0629930004275],[-80.3625689998588,26.0632349998962],[-80.3623479995599,26.063242000219],[-80.3623339998136,26.0628760004279],[-80.3623250002979,26.0626319999677],[-80.3662810001673,26.0625370000834],[-80.3681819996989,26.0624959999912],[-80.3681780004137,26.0623600000148],[-80.3680679998376,26.0586149999831],[-80.3700399999454,26.0586099997525],[-80.3731090002795,26.0586119998448],[-80.3751249997183,26.0586099997525],[-80.3782140000754,26.0586099997525],[-80.3775869999395,26.0399540000779],[-80.3694729998784,26.039965999732],[-80.3694159999478,26.0373470003647],[-80.3693539997866,26.0354619997723],[-80.3693359998559,26.034931999613],[-80.3694349999246,26.0331239998736],[-80.3773669996866,26.0330880000121],[-80.3773430003785,26.0323779996459],[-80.3772479995948,26.0293749996574],[-80.3932189995566,26.0293470001648],[-80.3953139999405,26.0293850001185],[-80.4016859997085,26.0294509995649],[-80.4018399996156,26.0294650002104],[-80.40150899964,26.0317890003629],[-80.4015970001008,26.0347619998673],[-80.4016010002853,26.0348809999591],[-80.4016180001699,26.0354249998647],[-80.4016269996856,26.0358529998169],[-80.4035487492747,26.0358627475686],[-80.4035549995629,26.0361770003692],[-80.4035769996781,26.0369409996283]]]]}},{"type":"Feature","id":"FL-12011-Q093-2022","properties":{"state_po":"FL","county_fips":"12011","county_name":"Broward County","precinct_id":"Q093","geometry_vintage":"2022"},"geometry":{"type":"MultiPolygon","coordinates":[[[[-80.4204309998901,26.0557940002937],[-80.4218990001381,26.0557950003399],[-80.4238819998537,26.0560379998547],[-80.4238870000843,26.0588920001666],[-80.4246160004274,26.0588920001666],[-80.4246670000813,26.0611540001578],[-80.4259740000994,26.061166999858],[-80.4259570002147,26.0568690004049],[-80.426862999727,26.0568539997132],[-80.4268710000959,26.0559660001317],[-80.4259089997998,26.0559619999472],[-80.4259010003303,26.0514240002183],[-80.423883999946,26.0514220001261],[-80.4238890001766,26.0459610001009],[-80.425899000238,26.0459640002393],[-80.4259007710031,26.0441508491832],[-80.4257044022357,26.0441503482608],[-80.4254697556241,26.0441497502117],[-80.4256990000082,26.0440999997161],[-80.4138379998231,26.044076000408],[-80.4135799996166,26.035366999888],[-80.4133879997557,26.035366999888],[-80.4132339998486,26.0295549998642],[-80.4173675906412,26.0295558776025],[-80.4176150804709,26.0357281478366],[-80.4204147536373,26.0357397472924],[-80.4203997538449,26.0349757471339],[-80.4216125795563,26.0349750762397],[-80.4214607533104,26.0295567463476],[-80.4330099999109,26.0295860003945],[-80.4335000000243,26.0295739998411],[-80.4338760002765,26.0295719997488],[-80.4415519999242,26.029532999749],[-80.4417170003387,26.0351570000964],[-80.4419809999226,26.0441749995774],[-80.4419209998536,26.0550369995587],[-80.4419939996228,26.0611170002502],[-80.4419989998533,26.0615389999258],[-80.4419999998994,26.0619360002471],[-80.4344370000669,26.0618930000628],[-80.4336349999546,26.0618499998785],[-80.4333100002556,26.0618319999477],[-80.4247840000809,26.0617810002938],[-80.4225250002279,26.0617790002016],[-80.4100379999531,26.0621039999006],[-80.3937240003617,26.0625509998296],[-80.3936790000851,26.0622219999462],[-80.3936569999699,26.0618560001552],[-80.396706000281,26.0617000001558],[-80.3967280003963,26.0505999999909],[-80.3957209998236,26.0504409998532],[-80.3957310002848,26.0441059999928],[-80.395692000285,26.042376000253],[-80.3970320000261,26.0423049996768],[-80.3969639995883,26.0404199999839],[-80.3986619996509,26.0404379999146],[-80.3996270000853,26.0404339997302],[-80.4006650002889,26.0404290003989],[-80.4016659996855,26.0404349997763],[-80.4016639995933,26.0395189998028],[-80.4036529995856,26.0395219999412],[-80.403786000323,26.0440930002926],[-80.4057950003383,26.0441059999928],[-80.4058069999924,26.049558999649],[-80.4077949999386,26.0495619997873],[-80.4077889996619,26.0477449996329],[-80.4078069995927,26.0441530003616],[-80.4087869998195,26.0441710002923],[-80.4098250000231,26.0441769996697],[-80.4098120003229,26.044068000039],[-80.4128670000114,26.0440859999698],[-80.4132630002866,26.0440819997854],[-80.4136090000546,26.0440779996009],[-80.4138379998231,26.044076000408],[-80.4138209999385,26.0544120004143],[-80.4158330000922,26.0544169997456],[-80.4158489999307,26.0533720001186],[-80.4178919997154,26.0533570003262],[-80.4178959998998,26.0556130000408],[-80.4182657525618,26.0556157528655],[-80.4191920003099,26.0551629999733],[-80.4204309998901,26.0557940002937]]],[[[-80.3611829997949,26.0316239999485],[-80.36108299968,26.0295139997721],[-80.3612449999561,26.029512999726],[-80.3611829997949,26.0316239999485]]]]}},{"type":"Feature","id":"FL-12011-R001-2022","properties":{"state_po":"FL","county_fips":"12011","county_name":"Broward County","precinct_id":"R001","geometry_vintage":"2022"},"geometry":{"type":"MultiPolygon","coordinates":[[[[-80.1997530000003,26.1947299996906],[-80.1997699998849,26.1951870000809],[-80.2006489999507,26.1952070001038],[-80.2036360001007,26.1952660001266],[-80.2038510001229,26.1952700003112],[-80.2039510002378,26.200009000316],[-80.2037170002387,26.2002859996],[-80.2037049996853,26.1997859999248],[-80.2018050002,26.201853999963],[-80.199821999585,26.201661000056],[-80.1997829995851,26.202866999913],[-80.1997719999771,26.2030840000275],[-80.1955640001778,26.2031620000271],[-80.1955699995552,26.2075180003563],[-80.1955470002932,26.2090289998893],[-80.1914150004013,26.2091259998659],[-80.1881459998374,26.209198999635],[-80.1881380003678,26.2088529998669],[-80.188081999584,26.2067910001054],[-80.1880200003221,26.2044259998608],[-80.187969999815,26.2024729997301],[-80.1879649995844,26.202329000284],[-80.1878919998153,26.2004330000838],[-80.1877810000924,26.1949560002201],[-80.1875920003699,26.1900450003773],[-80.1875510002778,26.1871120000197],[-80.1875480001394,26.1870190002276],[-80.1876670002312,26.1870190002276],[-80.1882340002982,26.1870220003659],[-80.1882199996526,26.1866189997679],[-80.1882209996987,26.1864459998839],[-80.1913560003784,26.1864520001605],[-80.1955110004317,26.1864629997685],[-80.1955979999471,26.1896989997099],[-80.1980299996841,26.189719999779],[-80.1996311238766,26.1896490828398],[-80.1996301022468,26.18959525212],[-80.1995876371591,26.1877852900599],[-80.203464833035,26.1878036946856],[-80.2035054689016,26.189619957396],[-80.1996325816776,26.189595254818],[-80.1996329998624,26.1896490001021],[-80.1997530000003,26.1947299996906]]]]}},{"type":"Feature","id":"FL-12011-R002-2022","properties":{"state_po":"FL","county_fips":"12011","county_name":"Broward County","precinct_id":"R002","geometry_vintage":"2022"},"geometry":{"type":"MultiPolygon","coordinates":[[[[-80.142225000083,26.210079999793],[-80.1393636765918,26.2093157981864],[-80.1393506759923,26.2087457979811],[-80.1401339998835,26.207901000032],[-80.1421429998989,26.2064709997377],[-80.14396600033,26.206452999807],[-80.1439687918256,26.2064515500998],[-80.1439687018934,26.2064564559016],[-80.1439733136169,26.2064564127341],[-80.1439732236847,26.2064492469361],[-80.1439714349331,26.2063061360203],[-80.1439705643894,26.2062365123061],[-80.1443904047927,26.206232532806],[-80.1443997640372,26.206227671071],[-80.1445841853113,26.206225922789],[-80.1445954250382,26.2062265667035],[-80.1446064363373,26.2062286971975],[-80.1446169790897,26.2062322684054],[-80.1446268248674,26.2062371993881],[-80.1446354781442,26.2062431933696],[-80.1446357578333,26.2062433867238],[-80.1448538065573,26.2060409996932],[-80.144853671659,26.2060410761357],[-80.1448593436831,26.2060358124037],[-80.1454139465957,26.205722586629],[-80.14586026304,26.205470516552],[-80.1458611533689,26.2054685182584],[-80.1458659998154,26.2054660001566],[-80.1458869387306,26.2054307476318],[-80.1464935620276,26.2040678493526],[-80.1466762206304,26.2039479814151],[-80.1468265899745,26.2038487915893],[-80.1468356794224,26.2038427958092],[-80.1469960384357,26.2038401607957],[-80.1472616792824,26.2038357963858],[-80.1474856779211,26.2038317962013],[-80.1474856662298,26.2038314202847],[-80.1474813395915,26.2036862867936],[-80.1474797361003,26.2036324533759],[-80.1475300135986,26.2036313211294],[-80.1477332010257,26.2036267471775],[-80.1477361238224,26.2036266671378],[-80.147761071016,26.2036208287391],[-80.148373935608,26.2036105890583],[-80.148378847705,26.20361050722],[-80.1484241276707,26.2034698541513],[-80.148428272646,26.2034698109838],[-80.1484518951382,26.203396524331],[-80.1484574583444,26.2033792627437],[-80.1484888923479,26.2032817591468],[-80.1484866791163,26.2032817960189],[-80.148534531143,26.2031401905682],[-80.1485503915866,26.203090991357],[-80.1485505399748,26.2030905327028],[-80.1485450271306,26.2030943107547],[-80.1484931272553,26.2031298708478],[-80.1484606788166,26.2031517963192],[-80.1484590249634,26.2031532361338],[-80.1484395780234,26.2031665613886],[-80.1475323626278,26.2031827150112],[-80.147506451361,26.2031830783373],[-80.1474665709248,26.2031792472254],[-80.1474665619317,26.2031788452284],[-80.1474646778519,26.2030987956738],[-80.1474536791433,26.2027417962977],[-80.1474496780596,26.2025997960446],[-80.1474456778751,26.2024727955839],[-80.147443613931,26.2024067619633],[-80.1474426192808,26.2023731498019],[-80.147439975274,26.2023695651042],[-80.1474399410997,26.2023684031801],[-80.1473898893313,26.2023005232514],[-80.1473606793512,26.2022587956078],[-80.147325372867,26.2022130291089],[-80.1473066705657,26.2021888022723],[-80.1472883846506,26.2021648659167],[-80.1471476794212,26.2019807962776],[-80.147145679329,26.2018587960475],[-80.1471339197939,26.2012728625534],[-80.1471309996952,26.2012560002651],[-80.1481499999219,26.2003629995536],[-80.1481586747823,26.2003745540433],[-80.1482757916938,26.2005065646271],[-80.1483056617762,26.2005413513032],[-80.1483278714335,26.2005676222988],[-80.148333834838,26.2005763673064],[-80.1484206562876,26.2007234631182],[-80.1484307583722,26.2007405790153],[-80.1487920601048,26.2013498220375],[-80.1488765433172,26.2015050351301],[-80.1488792268942,26.2015099661129],[-80.1488796792531,26.2015107961872],[-80.1488796792531,26.2015249497175],[-80.1488799265667,26.2015331668231],[-80.1490264989731,26.2015303321599],[-80.1490269998955,26.2015310003563],[-80.1490291420806,26.2015309598868],[-80.1490310279589,26.2015309248132],[-80.1491870000793,26.2015280002179],[-80.1491896791597,26.2015327963024],[-80.1494266792972,26.2015277960718],[-80.1495300087023,26.2012095970462],[-80.149508678582,26.2001417951086],[-80.1497330000772,26.1991029999044],[-80.1514059998863,26.1957520000556],[-80.1530160003874,26.1883870003606],[-80.1531789998103,26.1883860003145],[-80.1538189996464,26.1883840002223],[-80.1546470000583,26.1883450002225],[-80.1551479997797,26.1883969999225],[-80.1551459996875,26.1879879999471],[-80.1553120001481,26.1879829997165],[-80.1557430002386,26.1879770003392],[-80.155728999593,26.1875979999486],[-80.1556739997546,26.1875060002026],[-80.1555840001009,26.1855940001638],[-80.1555929996166,26.1848019996135],[-80.1556210000085,26.1838869996861],[-80.1555660001701,26.1829919997819],[-80.1565529998204,26.1829660003815],[-80.1566519998892,26.1829630002431],[-80.1566079996588,26.1820569998315],[-80.1565190000512,26.1810569995818],[-80.1568180003498,26.1810639999046],[-80.1577619998158,26.1811140004116],[-80.158452000159,26.1811809999041],[-80.1592259998793,26.1812769998345],[-80.1599659998304,26.1814180000416],[-80.162452000259,26.1818750004318],[-80.1629849996573,26.1819809999241],[-80.1630740001643,26.1845790001216],[-80.1710769996032,26.1844030000992],[-80.1731210003333,26.1843640000994],[-80.1732790004249,26.1841570004461],[-80.1736379998931,26.1843539996382],[-80.1745479995898,26.1852759998883],[-80.1750690002335,26.1863370002532],[-80.1751389998643,26.1866120003444],[-80.1751900004175,26.187996000316],[-80.1751919996104,26.1881650000156],[-80.1752179999101,26.1889270000819],[-80.1732530001252,26.188979999828],[-80.1733069999174,26.1915780000256],[-80.1721949998987,26.1915590000487],[-80.1723030003825,26.1918619996325],[-80.1723750001055,26.194448000176],[-80.1733809997327,26.1944239999685],[-80.1733579995714,26.1935340002947],[-80.1783800000363,26.1934150002029],[-80.1783680003822,26.1940610003158],[-80.1784050002899,26.1951740003807],[-80.1843710002208,26.1951130002656],[-80.1867839999809,26.19504699992],[-80.1867449999811,26.1941119999697],[-80.1875920003699,26.1940810003388],[-80.1874900001627,26.1914139996572],[-80.1834700000398,26.1914589999338],[-80.1834279999016,26.1896659999868],[-80.1813700003246,26.1894619995725],[-80.181365000094,26.1892430002651],[-80.1772989996485,26.1893059995731],[-80.1772510001329,26.188088000062],[-80.1782799999214,26.1880809997392],[-80.1788189995965,26.1880090000162],[-80.1795180003548,26.1878629995787],[-80.1802020004213,26.1876590000637],[-80.1813809999326,26.1872520001805],[-80.1827239998121,26.1867789999517],[-80.1836809998776,26.1865670000679],[-80.1843449999212,26.1864890000681],[-80.1854060002861,26.1864429997455],[-80.1873780003937,26.1864459998839],[-80.1874920002549,26.1864459998839],[-80.187523999932,26.1866510003443],[-80.1875399997705,26.1867480003208],[-80.1875480001394,26.1870190002276],[-80.1875510002778,26.1871120000197],[-80.1875920003699,26.1900450003773],[-80.1877810000924,26.1949560002201],[-80.1878919998153,26.2004330000838],[-80.1879649995844,26.202329000284],[-80.187969999815,26.2024729997301],[-80.1880200003221,26.2044259998608],[-80.188081999584,26.2067910001054],[-80.1881380003678,26.2088529998669],[-80.1881459998374,26.209198999635],[-80.1881659998604,26.2096750000021],[-80.1879889997919,26.2097200002787],[-80.1858360003305,26.2096620003019],[-80.1840800002911,26.2092049999117],[-80.1835930003161,26.209158999589],[-80.1833980003168,26.2091409996583],[-80.1825049996054,26.2091300000503],[-80.1821300002986,26.209138999566],[-80.1816420002775,26.2091520001655],[-80.1804730003281,26.209166999958],[-80.1796290000776,26.209178999612],[-80.1785960001047,26.209198999635],[-80.1769689997189,26.2092310002114],[-80.1767919996504,26.2092350003958],[-80.1763249996983,26.2092690001651],[-80.1763049996753,26.2092730003496],[-80.1762839996063,26.2092750004418],[-80.1760579999761,26.2093019998883],[-80.1758090001845,26.2093520003954],[-80.1737919998003,26.2099199996091],[-80.1718379996233,26.2099809997242],[-80.1718189996465,26.2098999995862],[-80.1705640002278,26.2099290000242],[-80.1695809998626,26.2099839998626],[-80.1686439998201,26.2100439999315],[-80.1678439998001,26.2100930003925],[-80.1670469999184,26.2101339995853],[-80.1650820001336,26.2102430001152],[-80.1639269999304,26.2103060003225],[-80.15994000043,26.210525999676],[-80.1572430001636,26.2106599995602],[-80.1560580003758,26.2107120001595],[-80.1559239995922,26.2107120001595],[-80.1482740002443,26.2107799996981],[-80.1482399995757,26.2109240000435],[-80.1480220003144,26.2119279995784],[-80.1479790001301,26.2119200001088],[-80.1447830002346,26.2109219999512],[-80.1444399997056,26.2107849999287],[-80.1423949998287,26.2101300003001],[-80.142225000083,26.210079999793]]]]}},{"type":"Feature","id":"FL-12011-R003-2022","properties":{"state_po":"FL","county_fips":"12011","county_name":"Broward County","precinct_id":"R003","geometry_vintage":"2022"},"geometry":{"type":"MultiPolygon","coordinates":[[[[-80.1391680003023,26.2034839995878],[-80.1392339997486,26.2034820003949],[-80.1392379999331,26.203626999887],[-80.1392440002098,26.2038159996096],[-80.139813000369,26.2044770004141],[-80.1396940002772,26.2060019996934],[-80.1375766751228,26.2088207978424],[-80.1374996751692,26.2087827978887],[-80.1371286751476,26.2085337980972],[-80.1351426743943,26.2064557966985],[-80.1350756749018,26.2063657970448],[-80.1350416742332,26.2063007967453],[-80.135028674533,26.2062657969299],[-80.1349956748099,26.2061997965842],[-80.1349576748561,26.2061917971146],[-80.1348456741878,26.206154797207],[-80.1347746745109,26.2061217965845],[-80.1346286749727,26.2060647966539],[-80.1345276748117,26.2060077967233],[-80.134489674858,26.2059957970692],[-80.1343326748124,26.2059807972768],[-80.1327110002118,26.2060310001314],[-80.1324109998671,26.2060399996471],[-80.1323440003746,26.203676000348],[-80.1326290000277,26.2036799996331],[-80.1351799998565,26.2036429997255],[-80.1351749996259,26.203505999703],[-80.1351480001794,26.2027010003517],[-80.1371940001024,26.2026180001215],[-80.1372146764155,26.2035007962256],[-80.1376030000777,26.2034919999567],[-80.1391680003023,26.2034839995878]]]]}},{"type":"Feature","id":"FL-12011-R004-2022","properties":{"state_po":"FL","county_fips":"12011","county_name":"Broward County","precinct_id":"R004","geometry_vintage":"2022"},"geometry":{"type":"MultiPolygon","coordinates":[[[[-80.131516673555,26.2060687968384],[-80.1314756743622,26.2060687968384],[-80.1314416736936,26.2060687968384],[-80.1313626736478,26.2060587972766],[-80.1313156705811,26.2060458038716],[-80.1312866737404,26.2060377972074],[-80.1312336739942,26.2060567971843],[-80.1311566740406,26.2060737970689],[-80.1310796740871,26.2060797973456],[-80.1310345128318,26.2060835601091],[-80.1309984662056,26.2060864406376],[-80.1308906743645,26.2060947971381],[-80.1307940916734,26.2061026167432],[-80.1306436737659,26.206114797161],[-80.1304056735823,26.2061207974377],[-80.1303786732365,26.2061247967229],[-80.1303666735824,26.2061267968151],[-80.1302486744361,26.2061197973916],[-80.130089673399,26.2061187973455],[-80.1298926733076,26.2061387973684],[-80.1298536733077,26.206145796792],[-80.1297026744382,26.2061917971146],[-80.1295866735854,26.2062137972298],[-80.1294726737243,26.2062437968146],[-80.1264876727672,26.2072647980329],[-80.1263866726062,26.2072997978483],[-80.1262736727911,26.2073317984246],[-80.1248756721739,26.2078437977539],[-80.1248416724046,26.2078627977308],[-80.1247456715748,26.2079277980303],[-80.1239386721314,26.2082277965764],[-80.1237676714402,26.208278798029],[-80.1234926722483,26.2083727978672],[-80.1233546721797,26.2084037965988],[-80.1232956721569,26.208411797867],[-80.1231269998106,26.2084179995919],[-80.1225636707761,26.2084317978901],[-80.1222586711001,26.2084387982128],[-80.1214666705498,26.2084827984432],[-80.1213486714034,26.2084967981896],[-80.1212316714038,26.2085167982125],[-80.1211166705972,26.2085427976129],[-80.1209676709206,26.20859279812],[-80.120898671336,26.2086297980276],[-80.1208626705751,26.20864479782],[-80.1208336710365,26.2086797976354],[-80.1207796712442,26.2087327982809],[-80.1206546708757,26.2088217978886],[-80.120596670899,26.2088717983956],[-80.1205716706454,26.2088997978882],[-80.1202556713615,26.2093177991779],[-80.1201606696785,26.2095177976091],[-80.1201276708547,26.2096227979546],[-80.1200756711547,26.2098997990374],[-80.1200556711316,26.2100537980452],[-80.1200576712239,26.2102287989208],[-80.120049670855,26.2103817978825],[-80.1200479999146,26.2106400004366],[-80.1188620000806,26.2106859998599],[-80.1145570003047,26.2107579995829],[-80.1105760001816,26.2108639999745],[-80.1101126676649,26.2108777991719],[-80.1100579996763,26.2096919998868],[-80.1073626676523,26.2097617989687],[-80.1075926665677,26.2087947984421],[-80.108110667073,26.2066667974356],[-80.1086946670246,26.2042027971223],[-80.1086994244382,26.2041821855603],[-80.1087096677163,26.2041377968227],[-80.1087176671859,26.2041087972841],[-80.1087664329239,26.203921237376],[-80.1091700000948,26.2023179997768],[-80.109851000023,26.2003479997613],[-80.1115456680975,26.1967277950526],[-80.1137570002847,26.1966910001903],[-80.1152869997945,26.1966449998677],[-80.1181090004293,26.1965770003292],[-80.1198089996849,26.1965380003293],[-80.1198269996157,26.1972509999345],[-80.1198250004228,26.1979440004162],[-80.1198600002382,26.2007579997827],[-80.1198770001228,26.2014540004027],[-80.1199030004225,26.2021419997544],[-80.1214079996788,26.2022340003997],[-80.1214319998862,26.2035899999794],[-80.1215390003239,26.2036029996795],[-80.1222016711695,26.2037097968705],[-80.1226136712833,26.2037127970088],[-80.1230396711433,26.2037107969166],[-80.1267176725819,26.2036587972166],[-80.128387673152,26.2036287958331],[-80.1292156726645,26.2036237965019],[-80.131545673993,26.2035787962253],[-80.1322056738521,26.2035587962023],[-80.1322096740366,26.2036777962941],[-80.1323466749584,26.2036807964325],[-80.1324136735515,26.2060447966309],[-80.132031673922,26.2060567971843],[-80.1316496742924,26.2060687968384],[-80.1315826739007,26.2060687968384],[-80.131516673555,26.2060687968384]]]]}},{"type":"Feature","id":"FL-12011-R005-2022","properties":{"state_po":"FL","county_fips":"12011","county_name":"Broward County","precinct_id":"R005","geometry_vintage":"2022"},"geometry":{"type":"MultiPolygon","coordinates":[[[[-80.1225389996744,26.187288000042],[-80.1234139995558,26.1872659999268],[-80.1243020000366,26.1872510001344],[-80.1245820003584,26.1872510001344],[-80.1245830004045,26.188016000339],[-80.124599000243,26.188016000339],[-80.1246229995511,26.1890009998971],[-80.1260949999836,26.1889769996897],[-80.1266650001889,26.1889670001278],[-80.1266700004196,26.1890999999659],[-80.1267090004194,26.1900519998008],[-80.1267630002116,26.190052999847],[-80.126939000234,26.1900549999391],[-80.1280340003682,26.1900230002621],[-80.1297589998773,26.1899840002623],[-80.1298339997387,26.1926599995602],[-80.1312179997103,26.1926320000676],[-80.1319126738302,26.1926207936156],[-80.1319249999381,26.1931470004346],[-80.1320110003068,26.1963030002841],[-80.1322030001677,26.2035540001179],[-80.1315430003086,26.2035740001409],[-80.1292129998794,26.2036190004174],[-80.1283850003668,26.2036239997487],[-80.1267149997968,26.2036540002328],[-80.1230370001568,26.2037059999328],[-80.1226110002968,26.2037080000251],[-80.1221990001831,26.2037049998867],[-80.1215390003239,26.2036029996795],[-80.1214319998862,26.2035899999794],[-80.1214079996788,26.2022340003997],[-80.1199030004225,26.2021419997544],[-80.1198770001228,26.2014540004027],[-80.1198600002382,26.2007579997827],[-80.1198250004228,26.1979440004162],[-80.1198269996157,26.1972509999345],[-80.1198089996849,26.1965380003293],[-80.1212680004172,26.1964889998683],[-80.1220600000683,26.1964869997761],[-80.1229119997883,26.1964689998454],[-80.1229010001804,26.195735000171],[-80.1228729997885,26.1952840000574],[-80.1228539998116,26.1945539996682],[-80.1228400000653,26.1941740001309],[-80.1228189999962,26.1935659999718],[-80.1227630001117,26.1920540003926],[-80.1227490003654,26.1916770000943],[-80.1226670001813,26.1908929999129],[-80.1226260000892,26.1897520003554],[-80.1226050000201,26.1891699995967],[-80.1225999997895,26.1890250001046],[-80.1225550004123,26.188058999624],[-80.1225389996744,26.187288000042]]]]}},{"type":"Feature","id":"FL-12011-R006-2022","properties":{"state_po":"FL","county_fips":"12011","county_name":"Broward County","precinct_id":"R006","geometry_vintage":"2022"},"geometry":{"type":"MultiPolygon","coordinates":[[[[-80.118906000311,26.1834819998953],[-80.1200049997303,26.1834809998491],[-80.1209989997034,26.1834540004027],[-80.121642999724,26.1834559995956],[-80.1218070000923,26.1834439999415],[-80.1223940001823,26.1834260000107],[-80.1224330001822,26.1844680003988],[-80.1224479999746,26.1850349995664],[-80.1224910001589,26.1858830000013],[-80.1225389996744,26.187288000042],[-80.1225550004123,26.188058999624],[-80.1225999997895,26.1890250001046],[-80.1226050000201,26.1891699995967],[-80.1226260000892,26.1897520003554],[-80.1226670001813,26.1908929999129],[-80.1227490003654,26.1916770000943],[-80.1227630001117,26.1920540003926],[-80.1228189999962,26.1935659999718],[-80.1228400000653,26.1941740001309],[-80.1228539998116,26.1945539996682],[-80.1228729997885,26.1952840000574],[-80.1229010001804,26.195735000171],[-80.1229119997883,26.1964689998454],[-80.1220600000683,26.1964869997761],[-80.1212680004172,26.1964889998683],[-80.1198089996849,26.1965380003293],[-80.1181090004293,26.1965770003292],[-80.1152869997945,26.1966449998677],[-80.1137570002847,26.1966910001903],[-80.1115456680975,26.1967277950526],[-80.1114279999016,26.1966219997064],[-80.1112696670608,26.1964847955377],[-80.111190667015,26.1964397952612],[-80.1110836674766,26.1964117948693],[-80.110914667777,26.1964017953075],[-80.1104129998594,26.1964210003298],[-80.1098920001151,26.1964319999377],[-80.1098459997924,26.1967439999365],[-80.1062169997141,26.1968589998439],[-80.1056749999007,26.1968510003742],[-80.1031310003947,26.1968910004202],[-80.1029659999803,26.1965609995913],[-80.103196999841,26.1913120003494],[-80.1032880004402,26.1899189999627],[-80.103296999956,26.189839999917],[-80.1038169996542,26.1898110003783],[-80.1068579995963,26.1897340004247],[-80.1087230001657,26.1896920002865],[-80.1104970001358,26.1896470000099],[-80.1114900000628,26.1896039998256],[-80.1129790003799,26.1895780004252],[-80.1147949995889,26.1895320001026],[-80.1150040002338,26.189526999872],[-80.1155989997933,26.1885030003141],[-80.1168150001115,26.186639999837],[-80.1178160004075,26.1851589998888],[-80.118906000311,26.1834819998953]]]]}},{"type":"Feature","id":"FL-12011-R007-2022","properties":{"state_po":"FL","county_fips":"12011","county_name":"Broward County","precinct_id":"R007","geometry_vintage":"2022"},"geometry":{"type":"MultiPolygon","coordinates":[[[[-80.1032996655464,26.1898447933034],[-80.1032906660308,26.1899237933492],[-80.1031996654315,26.1913167946352],[-80.1031686658006,26.191547794496],[-80.1029686655708,26.1965657947765],[-80.1031336659852,26.1968957956054],[-80.1056776663905,26.1968557955594],[-80.106219666204,26.196863795029],[-80.1098486671816,26.1967487951217],[-80.1098920001151,26.1964319999377],[-80.1104129998594,26.1964210003298],[-80.110914667777,26.1964017953075],[-80.1110836674766,26.1964117948693],[-80.111190667015,26.1964397952612],[-80.1112696670608,26.1964847955377],[-80.1114279999016,26.1966219997064],[-80.1115456680975,26.1967277950526],[-80.1098536674122,26.2003527958457],[-80.1094049066105,26.2015653715455],[-80.109172667484,26.2023227967605],[-80.1089152896083,26.2033466506283],[-80.108763663012,26.2039199936137],[-80.1087149997967,26.2041040003002],[-80.1087070003272,26.2041329998389],[-80.1086949997738,26.2041850004383],[-80.1086919996354,26.2041980001385],[-80.1081079996838,26.2066619995525],[-80.1075900000778,26.2087899996596],[-80.1073626676523,26.2097617989687],[-80.1072146671225,26.2097647991071],[-80.1056450003159,26.2097879998172],[-80.1048769999729,26.2097980002783],[-80.1042076660503,26.2098167988071],[-80.1041646667653,26.2098197989454],[-80.104209999791,26.2116860001097],[-80.0987509998581,26.211810000432],[-80.0983026644358,26.2118177993528],[-80.0983266646432,26.211755800091],[-80.0983456646201,26.2117017985001],[-80.0984996645272,26.2113477983631],[-80.0990416643407,26.2090407989946],[-80.1000676648902,26.2046647968438],[-80.1011686644017,26.2008377957285],[-80.1022490001906,26.1970569999814],[-80.1023686657807,26.1966657948914],[-80.1029496655939,26.1899317937182],[-80.1029566659168,26.1898517936262],[-80.1032996655464,26.1898447933034]]]]}},{"type":"Feature","id":"FL-12011-R008-2022","properties":{"state_po":"FL","county_fips":"12011","county_name":"Broward County","precinct_id":"R008","geometry_vintage":"2022"},"geometry":{"type":"MultiPolygon","coordinates":[[[[-80.1066669997816,26.1523840002223],[-80.1070739996647,26.1525129998759],[-80.1061969996911,26.1542910000305],[-80.1056739998546,26.1570670003427],[-80.1052510001329,26.1600339995703],[-80.1046120003429,26.1674590002335],[-80.1047290003424,26.1674560000952],[-80.1047290003424,26.1673990001646],[-80.1047620000656,26.1673270004416],[-80.104796999881,26.1672909996807],[-80.1048400000653,26.1672719997039],[-80.1049050003648,26.1672630001882],[-80.1060880000605,26.1672369998885],[-80.1066649996893,26.1672240001883],[-80.1067299999888,26.1672460003035],[-80.1067819996889,26.1672919997269],[-80.1068059998963,26.1673450003723],[-80.1068100000808,26.1673970000724],[-80.1087539997966,26.1672850003034],[-80.1126020000816,26.1672139997271],[-80.1151679997027,26.1671670002577],[-80.1167210002733,26.1671320004423],[-80.1169150002264,26.1671310003962],[-80.1170009996957,26.1672549998193],[-80.1187529995506,26.1696929998329],[-80.1194369996172,26.171840999963],[-80.1195139995707,26.1739639998396],[-80.1195290002625,26.1743869995612],[-80.1195830000548,26.176722000221],[-80.1197010001004,26.1807030003441],[-80.1195820000086,26.181838999671],[-80.1193310001249,26.1825649998757],[-80.118906000311,26.1834819998953],[-80.1178160004075,26.1851589998888],[-80.1168150001115,26.186639999837],[-80.1155989997933,26.1885030003141],[-80.1150040002338,26.189526999872],[-80.1147949995889,26.1895320001026],[-80.1129790003799,26.1895780004252],[-80.1114900000628,26.1896039998256],[-80.1104970001358,26.1896470000099],[-80.1087230001657,26.1896920002865],[-80.1068579995963,26.1897340004247],[-80.1038169996542,26.1898110003783],[-80.103296999956,26.189839999917],[-80.1029540003262,26.1898470002397],[-80.1030680001874,26.1873809998342],[-80.1033270004401,26.1827260001057],[-80.1033499997021,26.1822190001076],[-80.103326000394,26.1819130003855],[-80.1038870001843,26.1704770000144],[-80.1041729998834,26.1675340000949],[-80.104189999768,26.1674649996109],[-80.1048939998576,26.1590859999198],[-80.1058400003151,26.1537749996174],[-80.1066669997816,26.1523840002223]]]]}},{"type":"Feature","id":"FL-12011-R009-2022","properties":{"state_po":"FL","county_fips":"12011","county_name":"Broward County","precinct_id":"R009","geometry_vintage":"2022"},"geometry":{"type":"MultiPolygon","coordinates":[[[[-80.0959039998691,26.182253999923],[-80.095973000353,26.1819110002933],[-80.0915410001164,26.1817849998787],[-80.0922979999521,26.1758400000169],[-80.092772000227,26.1723740002608],[-80.0932210002483,26.1675710000025],[-80.0978959999998,26.1675819996105],[-80.0984959997899,26.1676059998179],[-80.0994469995787,26.1675940001638],[-80.1003340000134,26.1675800004176],[-80.1004780003587,26.1675790003715],[-80.1014629999169,26.1675710000025],[-80.1036059998164,26.1675400003716],[-80.1038890002765,26.1675309999566],[-80.1041729998834,26.1675340000949],[-80.1038870001843,26.1704770000144],[-80.103326000394,26.1819130003855],[-80.1033499997021,26.1822190001076],[-80.1028449997963,26.1822129998309],[-80.097575999632,26.1822549999691],[-80.0974049998402,26.1822549999691],[-80.0959039998691,26.182253999923]]]]}},{"type":"Feature","id":"FL-12011-R010-2022","properties":{"state_po":"FL","county_fips":"12011","county_name":"Broward County","precinct_id":"R010","geometry_vintage":"2022"},"geometry":{"type":"MultiPolygon","coordinates":[[[[-80.1145330000972,26.1566160002291],[-80.1144006675561,26.1567217847834],[-80.1143456677177,26.1568177847139],[-80.1142766672338,26.1570227851743],[-80.1142480004442,26.1572319998578],[-80.1143859996135,26.1577159996945],[-80.1148290002575,26.1582599996001],[-80.1154350003243,26.1587050003364],[-80.1157779999541,26.1587679996443],[-80.1162059999063,26.1585959998064],[-80.1165410000664,26.1582479999461],[-80.1161839997911,26.1573649996959],[-80.1166390000892,26.1572349999962],[-80.1173539997866,26.1573279997882],[-80.1175139999705,26.1573829996266],[-80.1175649996244,26.1574009995573],[-80.1176899999929,26.1574659998569],[-80.1177710001309,26.1575090000412],[-80.1179969997611,26.1576579997178],[-80.1181000000144,26.1577110003632],[-80.1181610001294,26.1577569997866],[-80.1181870004291,26.1577739996712],[-80.118289999783,26.157841000063],[-80.1183439995752,26.1578909996708],[-80.1178579996463,26.1597829996866],[-80.1180670002911,26.160405999638],[-80.1179806680727,26.1607727854366],[-80.1179756687415,26.1609297845828],[-80.1180626691562,26.1610047862427],[-80.1181516687639,26.1611667856195],[-80.118244668556,26.1612837856191],[-80.118536144227,26.1615753746048],[-80.118771668577,26.1618237862396],[-80.1190566691293,26.1620207863311],[-80.1193399996406,26.1621399995622],[-80.1196516309174,26.1621990418532],[-80.119692668781,26.1621947862612],[-80.1198856695873,26.162152786123],[-80.1202786688248,26.1621057857543],[-80.1205146689162,26.1621157862155],[-80.120553668916,26.1621217873915],[-80.1208086689842,26.1622157863303],[-80.1210206688681,26.1624297863065],[-80.1210316702747,26.1624647861219],[-80.1210294597411,26.1624966032365],[-80.1210216689142,26.1626087873665],[-80.1210246690526,26.1627897858208],[-80.1209016687764,26.1631347873415],[-80.1208672310372,26.1632795727949],[-80.1208416696067,26.1634207861412],[-80.1208456652946,26.1636031137936],[-80.1208568861357,26.1637175992886],[-80.1208766694221,26.1638177855632],[-80.1209256698831,26.1639177865775],[-80.1209936694216,26.1640067861851],[-80.1210490002105,26.1640509995548],[-80.1219209999536,26.1645609996913],[-80.1219460002071,26.1669950004198],[-80.1219480002993,26.1671329995891],[-80.1214360000707,26.1671529996121],[-80.1196579999161,26.1671949997503],[-80.1170009996957,26.1672549998193],[-80.1169150002264,26.1671310003962],[-80.1167210002733,26.1671320004423],[-80.1151679997027,26.1671670002577],[-80.1126020000816,26.1672139997271],[-80.1087539997966,26.1672850003034],[-80.1068100000808,26.1673970000724],[-80.1068059998963,26.1673450003723],[-80.1067819996889,26.1672919997269],[-80.1067299999888,26.1672460003035],[-80.1066649996893,26.1672240001883],[-80.1060880000605,26.1672369998885],[-80.1049050003648,26.1672630001882],[-80.1048400000653,26.1672719997039],[-80.104796999881,26.1672909996807],[-80.1047620000656,26.1673270004416],[-80.1047290003424,26.1673990001646],[-80.1047290003424,26.1674560000952],[-80.1046120003429,26.1674590002335],[-80.1052510001329,26.1600339995703],[-80.1056739998546,26.1570670003427],[-80.1094729996785,26.1569820000201],[-80.1096800002312,26.1554739997261],[-80.1098580003458,26.155238999681],[-80.1100009997457,26.1550740001658],[-80.1107500001118,26.1553100002572],[-80.1115120001781,26.1552910002803],[-80.1122419996679,26.1552700002112],[-80.1130289999877,26.1552439999115],[-80.1132389997794,26.1562309995618],[-80.1145233593649,26.1559093678239],[-80.1145376675786,26.1559057840256],[-80.1147070000274,26.1555169999105],[-80.1149996681995,26.1556237854102],[-80.1150736680147,26.1557237846258],[-80.1150976682222,26.1558337852019],[-80.1150646675997,26.1559657840945],[-80.1149376680383,26.1561357847395],[-80.1148106675776,26.1562167839783],[-80.1147076682237,26.1562647852925],[-80.1143190001211,26.1563460003685],[-80.1145330000972,26.1566160002291]]]]}},{"type":"Feature","id":"FL-12011-R011-2022","properties":{"state_po":"FL","county_fips":"12011","county_name":"Broward County","precinct_id":"R011","geometry_vintage":"2022"},"geometry":{"type":"MultiPolygon","coordinates":[[[[-80.1220250002529,26.1544449999377],[-80.121286000348,26.1556180000715],[-80.121140669006,26.1555687846725],[-80.1210646690985,26.1555507847418],[-80.1208886690762,26.1554687845576],[-80.1207986703217,26.1553987840275],[-80.1207526690997,26.1552997839588],[-80.1207705997827,26.1550807963425],[-80.1207726691227,26.1549377843521],[-80.1207645050772,26.1548887955823],[-80.120754669192,26.1548297847676],[-80.1206836704144,26.1547007842147],[-80.1205830003046,26.1546349997063],[-80.1203486693549,26.1546547847914],[-80.1200526691946,26.1547577841453],[-80.1199846687568,26.154795784099],[-80.1198636685728,26.1548897848366],[-80.1194806688971,26.1553507854113],[-80.1192966694051,26.1556307848337],[-80.1190329998724,26.1558489999323],[-80.1189131562165,26.1560875316152],[-80.1188926678617,26.1562627852002],[-80.1189226692451,26.1563677846464],[-80.1189786691296,26.156461785384],[-80.1191160001027,26.1567540002977],[-80.1183439995752,26.1578909996708],[-80.118289999783,26.157841000063],[-80.1181870004291,26.1577739996712],[-80.1181610001294,26.1577569997866],[-80.1181000000144,26.1577110003632],[-80.1179969997611,26.1576579997178],[-80.1177710001309,26.1575090000412],[-80.1176899999929,26.1574659998569],[-80.1175649996244,26.1574009995573],[-80.1175139999705,26.1573829996266],[-80.1173539997866,26.1573279997882],[-80.1166390000892,26.1572349999962],[-80.1161839997911,26.1573649996959],[-80.1165410000664,26.1582479999461],[-80.1162059999063,26.1585959998064],[-80.1157779999541,26.1587679996443],[-80.1154350003243,26.1587050003364],[-80.1148290002575,26.1582599996001],[-80.1143859996135,26.1577159996945],[-80.1142480004442,26.1572319998578],[-80.1142766672338,26.1570227851743],[-80.1142966672567,26.1569537846903],[-80.1144006675561,26.1567217847834],[-80.1145330000972,26.1566160002291],[-80.1143190001211,26.1563460003685],[-80.1146215482452,26.1562827807266],[-80.1148106675776,26.1562167839783],[-80.1149376680383,26.1561357847395],[-80.1150646675997,26.1559657840945],[-80.1150976682222,26.1558337852019],[-80.1150736680147,26.1557237846258],[-80.1149996681995,26.1556237854102],[-80.1147070000274,26.1555169999105],[-80.1145376675786,26.1559057840256],[-80.1145233593649,26.1559093669246],[-80.1132389997794,26.1562309995618],[-80.1130289999877,26.1552439999115],[-80.1122419996679,26.1552700002112],[-80.1115120001781,26.1552910002803],[-80.1107500001118,26.1553100002572],[-80.1100009997457,26.1550740001658],[-80.1098580003458,26.155238999681],[-80.1096800002312,26.1554739997261],[-80.1094729996785,26.1569820000201],[-80.1056739998546,26.1570670003427],[-80.1061969996911,26.1542910000305],[-80.1070739996647,26.1525129998759],[-80.1066669997816,26.1523840002223],[-80.1082930001212,26.1499430000703],[-80.1073430003785,26.1459120003394],[-80.1068799997116,26.1434530002566],[-80.1073780001939,26.1416160000792],[-80.1075120000781,26.1438679996094],[-80.1078810000075,26.1436520004403],[-80.1074889999168,26.1429589999588],[-80.1084670000513,26.1390270002967],[-80.1082730000982,26.1381179997468],[-80.1082380002828,26.13795600037],[-80.1083880000055,26.1362180002613],[-80.1091170003487,26.133996000316],[-80.1098760002765,26.1320119996549],[-80.1097230004155,26.1282240003382],[-80.1105109998821,26.1280680003388],[-80.1122099999909,26.1282709998077],[-80.1130120001031,26.1290010001969],[-80.1130930002411,26.1313139998421],[-80.1142749998907,26.1320200000238],[-80.1179450000611,26.1326320003674],[-80.1185350002894,26.1340720002235],[-80.1186480001045,26.136378999592],[-80.11805699983,26.1377279997483],[-80.1183600003131,26.137723000417],[-80.1182600001982,26.1378089998863],[-80.1185459998973,26.1395700001563],[-80.1187840000809,26.1402300000154],[-80.1188339996887,26.1414519997109],[-80.1187490002655,26.1422220001461],[-80.1184750002204,26.1429050001665],[-80.1180240001069,26.1435819999102],[-80.1174139998556,26.1443140003917],[-80.1172260001791,26.1450470000199],[-80.1169999996496,26.1450690001351],[-80.1168130000193,26.1454919998568],[-80.1180779998991,26.1454610002259],[-80.1180736678648,26.1450757819227],[-80.1178403540484,26.1450806067854],[-80.1173966681211,26.145089781669],[-80.1173906678444,26.144989781554],[-80.1173666676369,26.1447977816932],[-80.1174846676826,26.144511781994],[-80.1174849590629,26.1445117370279],[-80.1175092884223,26.1445079382916],[-80.1180702198641,26.1444203497202],[-80.1183466678638,26.1444207813948],[-80.1184996686242,26.1445357813021],[-80.1195906685738,26.144534781256],[-80.119907344148,26.144590338674],[-80.1199326690568,26.144594781325],[-80.1201789996604,26.1446000000908],[-80.1201599996836,26.1428320003974],[-80.1222150000216,26.1428060000977],[-80.1231770003176,26.1427809998441],[-80.1241090001296,26.1427530003516],[-80.1250579998262,26.1427270000519],[-80.1260000000993,26.1427059999828],[-80.1269400002801,26.1426730002596],[-80.1278960002995,26.1426480000061],[-80.1288320002959,26.1426239997986],[-80.1298529997155,26.1425970003522],[-80.1307889997119,26.1425730001447],[-80.1317210004232,26.1425459997989],[-80.1326730002581,26.142515000168],[-80.1332679998177,26.1425010004217],[-80.1319609997997,26.1440930000928],[-80.1310039997342,26.1463570001763],[-80.1308630004265,26.1473399996422],[-80.1308829995501,26.1503140000919],[-80.1309849997573,26.152856000405],[-80.1291820002485,26.1532549999192],[-80.1280419998377,26.1543380003993],[-80.1257029998929,26.1541079996853],[-80.1220250002529,26.1544449999377]]]]}},{"type":"Feature","id":"FL-12011-R012-2022","properties":{"state_po":"FL","county_fips":"12011","county_name":"Broward County","precinct_id":"R012","geometry_vintage":"2022"},"geometry":{"type":"MultiPolygon","coordinates":[[[[-80.117935999646,26.1122700002612],[-80.1197800001462,26.1139630000932],[-80.1251179998951,26.1150180001815],[-80.1265310003047,26.1157180000865],[-80.126423999867,26.1158839996477],[-80.1263710001209,26.1159689999702],[-80.126342999729,26.1160199996241],[-80.1247590004269,26.1194220000261],[-80.1241650000141,26.1230009995973],[-80.1226070001123,26.123056000335],[-80.1228339997886,26.1267249995599],[-80.1218280001614,26.1301500001233],[-80.1209059999113,26.1301150003079],[-80.1211810000025,26.1291920000116],[-80.116900000434,26.1291649996659],[-80.1130120001031,26.1290010001969],[-80.1122099999909,26.1282709998077],[-80.1105109998821,26.1280680003388],[-80.1097230004155,26.1282240003382],[-80.1098760002765,26.1320119996549],[-80.1091170003487,26.133996000316],[-80.1083880000055,26.1362180002613],[-80.1082380002828,26.13795600037],[-80.1082730000982,26.1381179997468],[-80.1084670000513,26.1390270002967],[-80.1074889999168,26.1429589999588],[-80.1078810000075,26.1436520004403],[-80.1075120000781,26.1438679996094],[-80.1073780001939,26.1416160000792],[-80.1068799997116,26.1434530002566],[-80.1073430003785,26.1459120003394],[-80.1082930001212,26.1499430000703],[-80.1066669997816,26.1523840002223],[-80.1058400003151,26.1537749996174],[-80.1048939998576,26.1590859999198],[-80.104189999768,26.1674649996109],[-80.1041729998834,26.1675340000949],[-80.1038890002765,26.1675309999566],[-80.1036059998164,26.1675400003716],[-80.1014629999169,26.1675710000025],[-80.1004780003587,26.1675790003715],[-80.1003340000134,26.1675800004176],[-80.0994469995787,26.1675940001638],[-80.0984959997899,26.1676059998179],[-80.0978959999998,26.1675819996105],[-80.0932210002483,26.1675710000025],[-80.0954270003551,26.1573309999266],[-80.093665000039,26.1376630003481],[-80.0984660002051,26.1101640002693],[-80.0999490002455,26.1101640002693],[-80.1042360000907,26.1101650003154],[-80.1059390003839,26.110242000269],[-80.1067920001501,26.1104259997609],[-80.108362999752,26.1105189995531],[-80.1105580002509,26.1115470001948],[-80.1121790003599,26.11055600036],[-80.1173610001094,26.1117060003325],[-80.117935999646,26.1122700002612]]]]}},{"type":"Feature","id":"FL-12011-R013-2022","properties":{"state_po":"FL","county_fips":"12011","county_name":"Broward County","precinct_id":"R013","geometry_vintage":"2022"},"geometry":{"type":"MultiPolygon","coordinates":[[[[-80.0984660002051,26.1101640002693],[-80.1001670004061,26.1068169997056],[-80.1002549999676,26.0962329999539],[-80.1013649998942,26.0939620004468],[-80.1024749998207,26.0930620003119],[-80.1051249997183,26.0930279996434],[-80.1051059997414,26.0933189995731],[-80.1067479999196,26.0933079999651],[-80.1081580001909,26.0932980004033],[-80.1139140003302,26.0932510000345],[-80.1177009996008,26.0932190003575],[-80.1185500000818,26.0967799999979],[-80.1190129998494,26.1005700003062],[-80.1190360000107,26.1007179999366],[-80.1196020000316,26.1034489999723],[-80.1204949998437,26.1063309997767],[-80.1207990003729,26.1093699996267],[-80.118755999689,26.111519999849],[-80.117935999646,26.1122700002612],[-80.1173610001094,26.1117060003325],[-80.1121790003599,26.11055600036],[-80.1105580002509,26.1115470001948],[-80.108362999752,26.1105189995531],[-80.1067920001501,26.1104259997609],[-80.1059390003839,26.110242000269],[-80.1042360000907,26.1101650003154],[-80.0999490002455,26.1101640002693],[-80.0984660002051,26.1101640002693]]]]}},{"type":"Feature","id":"FL-12011-R014-2022","properties":{"state_po":"FL","county_fips":"12011","county_name":"Broward County","precinct_id":"R014","geometry_vintage":"2022"},"geometry":{"type":"MultiPolygon","coordinates":[[[[-80.1265310003047,26.1157180000865],[-80.1251179998951,26.1150180001815],[-80.1197800001462,26.1139630000932],[-80.117935999646,26.1122700002612],[-80.118755999689,26.111519999849],[-80.1207990003729,26.1093699996267],[-80.1204949998437,26.1063309997767],[-80.1196020000316,26.1034489999723],[-80.1190360000107,26.1007179999366],[-80.1190129998494,26.1005700003062],[-80.1185500000818,26.0967799999979],[-80.1177009996008,26.0932190003575],[-80.1238220003843,26.0931109998736],[-80.1242959997599,26.0930960000812],[-80.1243070002672,26.0950209998202],[-80.1243240001518,26.0968470003896],[-80.1285230004355,26.0967310004362],[-80.1324249996134,26.0966339995603],[-80.1326579995664,26.0966300002752],[-80.1326900001428,26.0975909996258],[-80.1344789999052,26.097541000018],[-80.1344060001362,26.0984699996916],[-80.1366480001045,26.0984380000145],[-80.1368020000116,26.0984299996456],[-80.1368329996425,26.0993390001956],[-80.1368630001267,26.1002089998464],[-80.1368670003112,26.1003380003993],[-80.1368959998499,26.1011920002115],[-80.1369280004262,26.1021100002771],[-80.1369479995499,26.1030399999969],[-80.1369670004261,26.1039539998781],[-80.1369879995959,26.1048930000128],[-80.1370119998033,26.1058110000785],[-80.1368729996885,26.1058150002629],[-80.1368810000574,26.1067300001902],[-80.1369010000805,26.1076609999561],[-80.137049999757,26.1076559997255],[-80.1370620003104,26.1085779999756],[-80.1370750000106,26.1094909998106],[-80.1370919998952,26.1100430000853],[-80.1371049995954,26.1104679998991],[-80.1371340000334,26.1113680000341],[-80.1370200001723,26.1113710001724],[-80.1370279996418,26.1121609997312],[-80.1371479997797,26.1121570004461],[-80.1371659997105,26.1131430000503],[-80.1371479997797,26.1148959999513],[-80.1370739999645,26.1148969999974],[-80.1370840004256,26.1157580001325],[-80.1371669997566,26.1157580001325],[-80.1371970002407,26.1170759997585],[-80.1371119999182,26.1170900004041],[-80.1371259996645,26.1179539997781],[-80.1349599996037,26.1172729998499],[-80.1339600002531,26.1175639997796],[-80.1310049997803,26.1172390000806],[-80.1293249996484,26.1160500001083],[-80.1291309996952,26.1160870000159],[-80.128835999581,26.1162789998768],[-80.1287720002269,26.1163690004299],[-80.1287500001118,26.1164020001531],[-80.1286580003658,26.1165200001987],[-80.1285810004122,26.116603000429],[-80.1285519999741,26.1166279997832],[-80.1285200002971,26.1166489998523],[-80.1284040003437,26.116675000152],[-80.1282850002519,26.1166740001059],[-80.1282470002982,26.1166669997831],[-80.1280989997684,26.1166129999908],[-80.1279249998382,26.1165259995761],[-80.1276780001389,26.1163440001764],[-80.1274060001861,26.1161320002924],[-80.1273120003479,26.1160649999007],[-80.1271389995645,26.115955000224],[-80.1271160003025,26.1159409995784],[-80.1270130000493,26.1158869997861],[-80.1269059996116,26.1158390002705],[-80.1266110003967,26.1157329998789],[-80.1265450000511,26.1157119998098],[-80.1265310003047,26.1157180000865]]]]}},{"type":"Feature","id":"FL-12011-R015-2022","properties":{"state_po":"FL","county_fips":"12011","county_name":"Broward County","precinct_id":"R015","geometry_vintage":"2022"},"geometry":{"type":"MultiPolygon","coordinates":[[[[-80.1414860001781,26.0979730001547],[-80.1403659997904,26.0981880001769],[-80.1406480002044,26.099425999711],[-80.1397490001156,26.0992479995964],[-80.1387499999119,26.099262000242],[-80.1387410003962,26.0983359998074],[-80.1368020000116,26.0984299996456],[-80.1366480001045,26.0984380000145],[-80.1344060001362,26.0984699996916],[-80.1344789999052,26.097541000018],[-80.1326900001428,26.0975909996258],[-80.1326579995664,26.0966300002752],[-80.1324249996134,26.0966339995603],[-80.1285230004355,26.0967310004362],[-80.1243240001518,26.0968470003896],[-80.1243070002672,26.0950209998202],[-80.1242959997599,26.0930960000812],[-80.1245400002202,26.0930889997584],[-80.1263100000058,26.093042000289],[-80.128439000159,26.0929850003583],[-80.1294689999937,26.0929559999203],[-80.1323349999596,26.0929600001048],[-80.1356390003389,26.0928440001514],[-80.1364879999206,26.092881000059],[-80.1366599997585,26.0928769998745],[-80.1385860004429,26.0928329996441],[-80.1403730001132,26.0928040001054],[-80.1405700002047,26.0937210001249],[-80.1407709995813,26.0946279996833],[-80.1409469996037,26.0955249996799],[-80.1411439996951,26.096456000345],[-80.1414860001781,26.0979730001547]]]]}},{"type":"Feature","id":"FL-12011-R016-2022","properties":{"state_po":"FL","county_fips":"12011","county_name":"Broward County","precinct_id":"R016","geometry_vintage":"2022"},"geometry":{"type":"MultiPolygon","coordinates":[[[[-80.1452686755083,26.1190377745745],[-80.1452649999791,26.1205140000219],[-80.1453710003707,26.1221499999234],[-80.1445779997742,26.1221560002001],[-80.1445140004201,26.1205390002755],[-80.1434039995942,26.1205629995836],[-80.1434980003318,26.1222209996003],[-80.1424830002896,26.1222700000613],[-80.1405069999974,26.1222890000382],[-80.1373570004246,26.1223609997612],[-80.1372029996181,26.1223649999457],[-80.1354699997401,26.1225060001527],[-80.1352589999022,26.1225129995761],[-80.1343999998594,26.1225349996914],[-80.1342399996756,26.1225379998297],[-80.1333269998405,26.1225579998527],[-80.1332469997486,26.1225599999449],[-80.1322800001212,26.1225709995529],[-80.1313670002862,26.1225959998064],[-80.1312520003789,26.1225989999448],[-80.1302599995986,26.1226070003137],[-80.1299949999686,26.1226119996449],[-80.1292329999023,26.1226440002213],[-80.128620000412,26.1226610001059],[-80.127253000325,26.1226660003365],[-80.1258640001229,26.1226889995986],[-80.1249080001035,26.1227489996675],[-80.1248809997577,26.1235469995952],[-80.1242860001981,26.1235549999641],[-80.1241650000141,26.1230009995973],[-80.1247590004269,26.1194220000261],[-80.126342999729,26.1160199996241],[-80.1263710001209,26.1159689999702],[-80.126423999867,26.1158839996477],[-80.1265310003047,26.1157180000865],[-80.1265450000511,26.1157119998098],[-80.1266110003967,26.1157329998789],[-80.1269059996116,26.1158390002705],[-80.1270130000493,26.1158869997861],[-80.1271160003025,26.1159409995784],[-80.1271389995645,26.115955000224],[-80.1273120003479,26.1160649999007],[-80.1274060001861,26.1161320002924],[-80.1276780001389,26.1163440001764],[-80.1279249998382,26.1165259995761],[-80.1280989997684,26.1166129999908],[-80.1282470002982,26.1166669997831],[-80.1282850002519,26.1166740001059],[-80.1284040003437,26.116675000152],[-80.1285200002971,26.1166489998523],[-80.1285519999741,26.1166279997832],[-80.1285810004122,26.116603000429],[-80.1286580003658,26.1165200001987],[-80.1287500001118,26.1164020001531],[-80.1287720002269,26.1163690004299],[-80.128835999581,26.1162789998768],[-80.1291309996952,26.1160870000159],[-80.1293249996484,26.1160500001083],[-80.1310049997803,26.1172390000806],[-80.1339600002531,26.1175639997796],[-80.1349599996037,26.1172729998499],[-80.1371259996645,26.1179539997781],[-80.1371119999182,26.1170900004041],[-80.1371970002407,26.1170759997585],[-80.1371669997566,26.1157580001325],[-80.1370840004256,26.1157580001325],[-80.1370739999645,26.1148969999974],[-80.1371479997797,26.1148959999513],[-80.1371659997105,26.1131430000503],[-80.1371479997797,26.1121570004461],[-80.1370279996418,26.1121609997312],[-80.1370200001723,26.1113710001724],[-80.1371340000334,26.1113680000341],[-80.1371049995954,26.1104679998991],[-80.1370919998952,26.1100430000853],[-80.1370750000106,26.1094909998106],[-80.1370620003104,26.1085779999756],[-80.137049999757,26.1076559997255],[-80.1369010000805,26.1076609999561],[-80.1368810000574,26.1067300001902],[-80.1368729996885,26.1058150002629],[-80.1370119998033,26.1058110000785],[-80.1369879995959,26.1048930000128],[-80.1369670004261,26.1039539998781],[-80.1369479995499,26.1030399999969],[-80.1369280004262,26.1021100002771],[-80.1368959998499,26.1011920002115],[-80.1368670003112,26.1003380003993],[-80.1368630001267,26.1002089998464],[-80.1368329996425,26.0993390001956],[-80.1368020000116,26.0984299996456],[-80.1387410003962,26.0983359998074],[-80.1387499999119,26.099262000242],[-80.1397490001156,26.0992479995964],[-80.1406480002044,26.099425999711],[-80.1403659997904,26.0981880001769],[-80.1414860001781,26.0979730001547],[-80.1417519998542,26.0992860004494],[-80.1420469999684,26.1007250002594],[-80.1423739997596,26.1019350003009],[-80.142610999897,26.1033119999497],[-80.1428490000806,26.1045640001293],[-80.142852000219,26.1046369998985],[-80.1430149996419,26.1060159996396],[-80.1430300003336,26.1075619998872],[-80.1430490003104,26.1081249997698],[-80.1430500003566,26.1082619997923],[-80.1430630000568,26.1085280003678],[-80.1430690003335,26.1093549998342],[-80.1430369997571,26.1104309999915],[-80.1431010000105,26.1112370002882],[-80.1431420001026,26.112106999939],[-80.1431579999411,26.1129930003276],[-80.1432129997795,26.1147709995828],[-80.1433020002864,26.1162500003381],[-80.1433420003324,26.1177349995714],[-80.1433449995714,26.1180030002391],[-80.1433506751928,26.1183017748079],[-80.1435186748463,26.1182987746696],[-80.1437186750761,26.1183077741853],[-80.1438506748681,26.118302774854],[-80.1439556752136,26.1183217748309],[-80.1444866754191,26.1184867752453],[-80.1445646754188,26.1185717746686],[-80.1446776752339,26.1186757740686],[-80.1448646757635,26.1187577742528],[-80.1448848421611,26.1187644346318],[-80.1449736753942,26.1187937741142],[-80.145064675094,26.1188077747599],[-80.1451876753703,26.1188527741371],[-80.1452326756468,26.1189257748055],[-80.1452686755083,26.1190377745745]]]]}},{"type":"Feature","id":"FL-12011-R017-2022","properties":{"state_po":"FL","county_fips":"12011","county_name":"Broward County","precinct_id":"R017","geometry_vintage":"2022"},"geometry":{"type":"MultiPolygon","coordinates":[[[[-80.1209059999113,26.1301150003079],[-80.1218280001614,26.1301500001233],[-80.1228339997886,26.1267249995599],[-80.1226070001123,26.123056000335],[-80.1241650000141,26.1230009995973],[-80.1242860001981,26.1235549999641],[-80.1248809997577,26.1235469995952],[-80.1249080001035,26.1227489996675],[-80.1258640001229,26.1226889995986],[-80.127253000325,26.1226660003365],[-80.128620000412,26.1226610001059],[-80.1292329999023,26.1226440002213],[-80.1299949999686,26.1226119996449],[-80.1302599995986,26.1226070003137],[-80.1312520003789,26.1225989999448],[-80.1313670002862,26.1225959998064],[-80.1322800001212,26.1225709995529],[-80.1332469997486,26.1225599999449],[-80.1333269998405,26.1225579998527],[-80.1342399996756,26.1225379998297],[-80.1343999998594,26.1225349996914],[-80.1352589999022,26.1225129995761],[-80.1354699997401,26.1225060001527],[-80.1372029996181,26.1223649999457],[-80.1372089998948,26.1224959996915],[-80.1372550002174,26.1233680003338],[-80.1372649997792,26.1243299997305],[-80.1372859998484,26.1252760001881],[-80.1373160003325,26.1262130002307],[-80.1373570004246,26.1280270002467],[-80.1374409998016,26.1299530000318],[-80.1374769996631,26.1316869999559],[-80.1369270003801,26.1317120002095],[-80.1360820000836,26.1317310001864],[-80.1351379997183,26.1317530003016],[-80.1341980004367,26.1317809997942],[-80.1332540000714,26.1317069999789],[-80.1331960000947,26.1300219996165],[-80.1324899999129,26.1300320000776],[-80.1314509996632,26.1300619996624],[-80.1313060001711,26.1300659998469],[-80.1304340004281,26.1300910001004],[-80.1294190003859,26.1300940002388],[-80.1291929998564,26.1300900000543],[-80.1287219997199,26.1300829997315],[-80.1285479997897,26.1300809996393],[-80.128499000228,26.1300809996393],[-80.1283529997905,26.1300819996854],[-80.1283050002749,26.1300829997315],[-80.1281229999758,26.1300849998237],[-80.1275800001163,26.1300930001927],[-80.1273999999094,26.1300970003771],[-80.1272280000715,26.1300999996162],[-80.1267139997506,26.1301110001234],[-80.1265429999588,26.1301150003079],[-80.1263089999597,26.1301199996391],[-80.1257450000311,26.1301320001925],[-80.1253729999633,26.1301419997544],[-80.1244729998284,26.1301619997773],[-80.1239449997612,26.1301730002846],[-80.1230180001799,26.1301750003768],[-80.1225330002971,26.1300710000775],[-80.1223390003439,26.130735000121],[-80.1218520003689,26.1307489998673],[-80.1211129995646,26.1307439996368],[-80.1209059999113,26.1301150003079]]]]}},{"type":"Feature","id":"FL-12011-R018-2022","properties":{"state_po":"FL","county_fips":"12011","county_name":"Broward County","precinct_id":"R018","geometry_vintage":"2022"},"geometry":{"type":"MultiPolygon","coordinates":[[[[-80.1169999996496,26.1450690001351],[-80.1172260001791,26.1450470000199],[-80.1174139998556,26.1443140003917],[-80.1180240001069,26.1435819999102],[-80.1184750002204,26.1429050001665],[-80.1187490002655,26.1422220001461],[-80.1188339996887,26.1414519997109],[-80.1187840000809,26.1402300000154],[-80.1185459998973,26.1395700001563],[-80.1182600001982,26.1378089998863],[-80.1183600003131,26.137723000417],[-80.11805699983,26.1377279997483],[-80.1186480001045,26.136378999592],[-80.1185350002894,26.1340720002235],[-80.1179450000611,26.1326320003674],[-80.1142749998907,26.1320200000238],[-80.1130930002411,26.1313139998421],[-80.1130120001031,26.1290010001969],[-80.116900000434,26.1291649996659],[-80.1211810000025,26.1291920000116],[-80.1209059999113,26.1301150003079],[-80.1211129995646,26.1307439996368],[-80.1218520003689,26.1307489998673],[-80.1223390003439,26.130735000121],[-80.1225330002971,26.1300710000775],[-80.1230180001799,26.1301750003768],[-80.1239449997612,26.1301730002846],[-80.1244729998284,26.1301619997773],[-80.1253729999633,26.1301419997544],[-80.1257450000311,26.1301320001925],[-80.1263089999597,26.1301199996391],[-80.1265429999588,26.1301150003079],[-80.1267139997506,26.1301110001234],[-80.1272280000715,26.1300999996162],[-80.1273999999094,26.1300970003771],[-80.1275800001163,26.1300930001927],[-80.1281229999758,26.1300849998237],[-80.1283050002749,26.1300829997315],[-80.1283529997905,26.1300819996854],[-80.128499000228,26.1300809996393],[-80.1285479997897,26.1300809996393],[-80.1287219997199,26.1300829997315],[-80.1291929998564,26.1300900000543],[-80.1294190003859,26.1300940002388],[-80.1304340004281,26.1300910001004],[-80.1313060001711,26.1300659998469],[-80.1314509996632,26.1300619996624],[-80.1324899999129,26.1300320000776],[-80.1331960000947,26.1300219996165],[-80.1332540000714,26.1317069999789],[-80.1341980004367,26.1317809997942],[-80.1351379997183,26.1317530003016],[-80.1360820000836,26.1317310001864],[-80.1369270003801,26.1317120002095],[-80.1374769996631,26.1316869999559],[-80.1375949997088,26.133338999696],[-80.137596999801,26.1335719996489],[-80.1376500004465,26.1352040002653],[-80.137616999824,26.1354590003335],[-80.1375430000088,26.1356609997562],[-80.1374290001476,26.1358939997092],[-80.1372819996639,26.1361190001926],[-80.1371309998951,26.1363059998229],[-80.136825000173,26.1365759996835],[-80.1366740004041,26.136681000029],[-80.1364079998287,26.1368230002821],[-80.1362669996217,26.1368689997054],[-80.1362830003595,26.1369709999126],[-80.1361820001985,26.1370069997741],[-80.1362509997832,26.1370049996818],[-80.1362539999215,26.1371479999811],[-80.1381629998219,26.1370649997508],[-80.1385200000973,26.1370520000506],[-80.1366029998279,26.1390480003658],[-80.1332679998177,26.1425010004217],[-80.1326730002581,26.142515000168],[-80.1317210004232,26.1425459997989],[-80.1307889997119,26.1425730001447],[-80.1298529997155,26.1425970003522],[-80.1288320002959,26.1426239997986],[-80.1278960002995,26.1426480000061],[-80.1269400002801,26.1426730002596],[-80.1260000000993,26.1427059999828],[-80.1250579998262,26.1427270000519],[-80.1241090001296,26.1427530003516],[-80.1231770003176,26.1427809998441],[-80.1222150000216,26.1428060000977],[-80.1201599996836,26.1428320003974],[-80.1201789996604,26.1446000000908],[-80.1199326690568,26.144594781325],[-80.1199073450473,26.144590338674],[-80.1195906685738,26.144534781256],[-80.1184996686242,26.1445357813021],[-80.1183466678638,26.1444207813948],[-80.1180866693636,26.1444177812565],[-80.1174820002934,26.1445070002987],[-80.1173666676369,26.1447977816932],[-80.1173966681211,26.145089781669],[-80.1178403540484,26.1450806067854],[-80.1180736678648,26.1450757819227],[-80.1180779998991,26.1454610002259],[-80.1179196679577,26.1454827818058],[-80.1168130000193,26.1454919998568],[-80.1169999996496,26.1450690001351]]]]}},{"type":"Feature","id":"FL-12011-R019-2022","properties":{"state_po":"FL","county_fips":"12011","county_name":"Broward County","precinct_id":"R019","geometry_vintage":"2022"},"geometry":{"type":"MultiPolygon","coordinates":[[[[-80.1326150002814,26.1535950003099],[-80.131983999961,26.1538070001938],[-80.1309849997573,26.152856000405],[-80.1308829995501,26.1503140000919],[-80.1308630004265,26.1473399996422],[-80.1310039997342,26.1463570001763],[-80.1319609997997,26.1440930000928],[-80.1332679998177,26.1425010004217],[-80.1366029998279,26.1390480003658],[-80.1385200000973,26.1370520000506],[-80.1386449995664,26.1369240004431],[-80.1388669999114,26.1369109998436],[-80.1387679998427,26.1370439996817],[-80.1385630002816,26.1387839998825],[-80.1386059995666,26.1405559997605],[-80.1386740000044,26.1423509997997],[-80.1387420004423,26.1440760002081],[-80.138761999566,26.1446590001136],[-80.1368379998731,26.144702000298],[-80.1364790004049,26.1451619999272],[-80.1363089997599,26.145362000157],[-80.1358910002688,26.1458169995557],[-80.1352129995796,26.1465619997373],[-80.1345240001818,26.1473449998727],[-80.1342920002749,26.147591999572],[-80.1341669999065,26.1477280004477],[-80.1341550002524,26.1477430002402],[-80.1340889999067,26.147813999917],[-80.1336090002545,26.1483470002147],[-80.1331459995876,26.1488730001897],[-80.1329490003954,26.1490829999813],[-80.1324210003282,26.1496740002558],[-80.132025000053,26.1503049996768],[-80.1319540003761,26.1506739996063],[-80.13195300033,26.1514419999492],[-80.132399000213,26.1531080003348],[-80.1326150002814,26.1535950003099]]]]}},{"type":"Feature","id":"FL-12011-R020-2022","properties":{"state_po":"FL","county_fips":"12011","county_name":"Broward County","precinct_id":"R020","geometry_vintage":"2022"},"geometry":{"type":"MultiPolygon","coordinates":[[[[-80.145952000184,26.1512429997655],[-80.1444989997284,26.151105999743],[-80.1420829998299,26.1508549998592],[-80.1408319996964,26.1511799995582],[-80.1399890003914,26.150993999974],[-80.1363730000133,26.1514139995573],[-80.1347200002272,26.1527079998752],[-80.1336399998854,26.1526499998985],[-80.1326150002814,26.1535950003099],[-80.132399000213,26.1531080003348],[-80.13195300033,26.1514419999492],[-80.1319540003761,26.1506739996063],[-80.132025000053,26.1503049996768],[-80.1324210003282,26.1496740002558],[-80.1329490003954,26.1490829999813],[-80.1331459995876,26.1488730001897],[-80.1336090002545,26.1483470002147],[-80.1340889999067,26.147813999917],[-80.1341550002524,26.1477430002402],[-80.1341669999065,26.1477280004477],[-80.1342920002749,26.147591999572],[-80.1345240001818,26.1473449998727],[-80.1352129995796,26.1465619997373],[-80.1358910002688,26.1458169995557],[-80.1363089997599,26.145362000157],[-80.1364790004049,26.1451619999272],[-80.1368379998731,26.144702000298],[-80.138761999566,26.1446590001136],[-80.1387420004423,26.1440760002081],[-80.1386740000044,26.1423509997997],[-80.1386059995666,26.1405559997605],[-80.1385630002816,26.1387839998825],[-80.1387679998427,26.1370439996817],[-80.1388669999114,26.1369109998436],[-80.1386449995664,26.1369240004431],[-80.1409489996959,26.1345790002215],[-80.143926000284,26.1314600002797],[-80.1439939998225,26.131636000302],[-80.1440939999375,26.133258999604],[-80.1450380003028,26.1332330002037],[-80.1450879999106,26.1350029999894],[-80.1451459998873,26.1367349998213],[-80.1442029995681,26.1367709996828],[-80.1442069997525,26.1368929999129],[-80.1442780003288,26.1386249997448],[-80.1443479999596,26.1403920002915],[-80.1444039998441,26.1421899995697],[-80.1444140003052,26.1424570001913],[-80.1444170004436,26.1425299999604],[-80.1444569995902,26.1435540004177],[-80.1444710002358,26.1438949999551],[-80.1445209998436,26.1456710000175],[-80.1445799998665,26.147448000126],[-80.1446549997278,26.1482189997079],[-80.1448659995656,26.1490009997972],[-80.1452429998639,26.1499620000471],[-80.1458126772126,26.1508507829382],[-80.145952000184,26.1512429997655]]]]}},{"type":"Feature","id":"FL-12011-R021-2022","properties":{"state_po":"FL","county_fips":"12011","county_name":"Broward County","precinct_id":"R021","geometry_vintage":"2022"},"geometry":{"type":"MultiPolygon","coordinates":[[[[-80.1475206804344,26.1518073297453],[-80.1475103643112,26.1518007655938],[-80.1474656769988,26.1517667829116],[-80.14741867663,26.1517077828888],[-80.1474006766992,26.1516777833039],[-80.1474006766992,26.1516417834424],[-80.1473916771835,26.151568782774],[-80.1473376773913,26.1515367830969],[-80.1473256768379,26.1515297827741],[-80.1471806764464,26.1514707827513],[-80.1471136769539,26.1514317827514],[-80.1470856765621,26.1514057815525],[-80.1470626773001,26.1513767829131],[-80.1470436764239,26.1513437822906],[-80.1470166769774,26.1513187829364],[-80.1468466763324,26.151226782291],[-80.1467016768403,26.1511667822221],[-80.1465486769792,26.1511327815535],[-80.1465086769333,26.1511317824067],[-80.1463206772568,26.1511577827064],[-80.1462746769341,26.1511647821298],[-80.1460866772577,26.151214782637],[-80.1460476763585,26.1512207829137],[-80.145952000184,26.1512429997655],[-80.1459300864037,26.1511784626168],[-80.14592767712,26.1511737834442],[-80.1458570857353,26.1509744622026],[-80.1458546773508,26.1509697830299],[-80.1458126772126,26.1508507829382],[-80.1454060856217,26.150218462413],[-80.1454036772373,26.1502137832404],[-80.1452429998639,26.1499620000471],[-80.1461739996297,26.1499189998628],[-80.1461776769576,26.1499507828033],[-80.1463163200415,26.1499488924283],[-80.1472386773224,26.1499267825958],[-80.1476916766289,26.1499157820885],[-80.1477606771129,26.1499147829418],[-80.147925676628,26.1499127828495],[-80.1479676767662,26.1499247834029],[-80.1479826765586,26.1499297827342],[-80.1480286768813,26.1499587822728],[-80.148054677181,26.1499937820882],[-80.1480676768811,26.1500227834256],[-80.1480776773423,26.1500447826415],[-80.148086676858,26.1502487821564],[-80.1480879997607,26.1503210004147],[-80.1481026775958,26.1512317825216],[-80.1481046776881,26.1521017830717],[-80.1475446590581,26.1518191261526],[-80.1475206804344,26.1518073297453]]]]}},{"type":"Feature","id":"FL-12011-R022-2022","properties":{"state_po":"FL","county_fips":"12011","county_name":"Broward County","precinct_id":"R022","geometry_vintage":"2022"},"geometry":{"type":"MultiPolygon","coordinates":[[[[-80.1372029996181,26.1223649999457],[-80.1373570004246,26.1223609997612],[-80.1373649998941,26.1224929995532],[-80.1405100001357,26.122419999784],[-80.1435009995708,26.1223360004069],[-80.1435300000088,26.1231959995966],[-80.1435740002393,26.1241549997543],[-80.1436090000546,26.1250679995894],[-80.1436459999622,26.1260560001851],[-80.1436989997084,26.1278369995787],[-80.1437710003307,26.1297430002401],[-80.1438290003075,26.1312109995889],[-80.143926000284,26.1314600002797],[-80.1409489996959,26.1345790002215],[-80.1386449995664,26.1369240004431],[-80.1385200000973,26.1370520000506],[-80.1381629998219,26.1370649997508],[-80.1362539999215,26.1371479999811],[-80.1362509997832,26.1370049996818],[-80.1361820001985,26.1370069997741],[-80.1362830003595,26.1369709999126],[-80.1362669996217,26.1368689997054],[-80.1364079998287,26.1368230002821],[-80.1366740004041,26.136681000029],[-80.136825000173,26.1365759996835],[-80.1371309998951,26.1363059998229],[-80.1372819996639,26.1361190001926],[-80.1374290001476,26.1358939997092],[-80.1375430000088,26.1356609997562],[-80.137616999824,26.1354590003335],[-80.1376500004465,26.1352040002653],[-80.137596999801,26.1335719996489],[-80.1375949997088,26.133338999696],[-80.1374769996631,26.1316869999559],[-80.1374409998016,26.1299530000318],[-80.1373570004246,26.1280270002467],[-80.1373160003325,26.1262130002307],[-80.1372859998484,26.1252760001881],[-80.1372649997792,26.1243299997305],[-80.1372550002174,26.1233680003338],[-80.1372089998948,26.1224959996915],[-80.1372029996181,26.1223649999457]]]]}},{"type":"Feature","id":"FL-12011-R023-2022","properties":{"state_po":"FL","county_fips":"12011","county_name":"Broward County","precinct_id":"R023","geometry_vintage":"2022"},"geometry":{"type":"MultiPolygon","coordinates":[[[[-80.1458659998154,26.1259790002315],[-80.1458659998154,26.1296369998485],[-80.1450259997494,26.1296769998945],[-80.143926000284,26.1314600002797],[-80.1438290003075,26.1312109995889],[-80.1437710003307,26.1297430002401],[-80.1436989997084,26.1278369995787],[-80.1436459999622,26.1260560001851],[-80.1436090000546,26.1250679995894],[-80.1435740002393,26.1241549997543],[-80.1435300000088,26.1231959995966],[-80.1435009995708,26.1223360004069],[-80.1445779997742,26.1223019997384],[-80.1453690002785,26.1223019997384],[-80.1457279997467,26.1223019997384],[-80.1457810003922,26.1240920004463],[-80.1458659998154,26.1259790002315]]]]}},{"type":"Feature","id":"FL-12011-R024-2022","properties":{"state_po":"FL","county_fips":"12011","county_name":"Broward County","precinct_id":"R024","geometry_vintage":"2022"},"geometry":{"type":"MultiPolygon","coordinates":[[[[-80.1457279997467,26.1223019997384],[-80.147512000178,26.1223130002456],[-80.1485559997589,26.1222900000843],[-80.1486040001738,26.1240209998701],[-80.1486450002659,26.1259129998859],[-80.1477680002923,26.1259469996552],[-80.1458659998154,26.1259790002315],[-80.1457810003922,26.1240920004463],[-80.1457279997467,26.1223019997384]]]]}},{"type":"Feature","id":"FL-12011-R025-2022","properties":{"state_po":"FL","county_fips":"12011","county_name":"Broward County","precinct_id":"R025","geometry_vintage":"2022"},"geometry":{"type":"MultiPolygon","coordinates":[[[[-80.1576760003465,26.1160829998315],[-80.1591790004099,26.1160530002467],[-80.1607079998736,26.1168320001975],[-80.1615009995708,26.1183970004221],[-80.1615736800806,26.1185427742305],[-80.1616486799419,26.1186267736076],[-80.1618396797568,26.1188997736065],[-80.1620926797327,26.119102774874],[-80.1626516812295,26.1192517754499],[-80.1630649997493,26.1194640001643],[-80.1636640003927,26.1199710001624],[-80.1630809995878,26.1218359998324],[-80.1624459999822,26.1218420001091],[-80.161622999801,26.1218539997632],[-80.1604509997132,26.1218559998554],[-80.1574139999555,26.1219380000396],[-80.1561989996835,26.1219660004314],[-80.1534709997862,26.1220380001545],[-80.1516959997699,26.1220810003388],[-80.1505000003741,26.1221049996469],[-80.1495260004239,26.1221299999004],[-80.1485529996206,26.1221540001079],[-80.1475090000397,26.1221819996004],[-80.146449999767,26.1221829996466],[-80.1457239995623,26.1221469997851],[-80.1453710003707,26.1221499999234],[-80.1452649999791,26.1205140000219],[-80.1452686764076,26.1190377745745],[-80.1452326756468,26.1189257748055],[-80.1451876753703,26.1188527741371],[-80.145064675094,26.1188077747599],[-80.1449736753942,26.1187937741142],[-80.1448848412618,26.1187644337325],[-80.1448646757635,26.1187577742528],[-80.1446776752339,26.1186757740686],[-80.1445646754188,26.1185717746686],[-80.1444866754191,26.1184867752453],[-80.1444573323393,26.1184776570191],[-80.1439556752136,26.1183217748309],[-80.1438506748681,26.118302774854],[-80.1437186750761,26.1183077741853],[-80.1435186748463,26.1182987746696],[-80.1433746897894,26.1183013458313],[-80.1433561133933,26.1183016776811],[-80.1433506751928,26.1183017748079],[-80.1433505915559,26.1182924902071],[-80.1433449995714,26.1180030002391],[-80.1433475941155,26.1180034211218],[-80.143349921561,26.1180037979378],[-80.1434546745929,26.1180207753394],[-80.1436926747764,26.1180227754316],[-80.1437866746147,26.1180267747168],[-80.1438896748679,26.1180317749473],[-80.143967675767,26.1180477747858],[-80.144042674729,26.118068774855],[-80.1441526753051,26.1181107740939],[-80.1442886752815,26.1181867749006],[-80.1444401166174,26.118295207059],[-80.1445386751191,26.118365774162],[-80.1446046745654,26.1184047741619],[-80.1450576756706,26.1185347747609],[-80.1452535785891,26.1185471611234],[-80.1453858922444,26.1185627832467],[-80.1454126758537,26.1185657743919],[-80.1455163928666,26.1185440854421],[-80.1456056757607,26.1185267752914],[-80.1456607142699,26.1185221114072],[-80.1457236758063,26.1185167748301],[-80.1457726456904,26.1185050665565],[-80.1457979274318,26.1184993918343],[-80.1458336763824,26.1184957747611],[-80.1459546756671,26.118494774715],[-80.1462246764271,26.1184937746688],[-80.1463156761269,26.1185207741153],[-80.1464326761264,26.1185567748761],[-80.1465626758261,26.1185967749221],[-80.1466406758259,26.1186317747375],[-80.1468116756177,26.1187097747372],[-80.1470016762857,26.1188397753363],[-80.1471796764003,26.1189847748284],[-80.1471956762388,26.1189967753817],[-80.1472041388593,26.1190031111055],[-80.1473746763995,26.1191307752659],[-80.1473858981401,26.1191391911216],[-80.1473946764226,26.1191457741591],[-80.1474646760533,26.1191797748276],[-80.1476136766292,26.1192277752425],[-80.1476916766289,26.1192407749427],[-80.1477706757754,26.1192457751733],[-80.1478896767665,26.1192417740895],[-80.1479286767664,26.1192357747121],[-80.1479666767201,26.1192237741587],[-80.1480006773887,26.1192067751734],[-80.1480316761203,26.1191837741127],[-80.1481736763734,26.1190567745514],[-80.1482546774108,26.1189317750822],[-80.1482756765806,26.1188247746445],[-80.1482856761424,26.1187157741145],[-80.1483256761883,26.1185747739075],[-80.1483676763265,26.1183597747847],[-80.1483716774104,26.1182147743932],[-80.1483936757269,26.1181067739093],[-80.1484156767414,26.1180377743247],[-80.1484166767875,26.1180017735639],[-80.1484296755884,26.1179297747402],[-80.1484976760263,26.1177587749483],[-80.1486866766481,26.1174387745806],[-80.148716676233,26.1174057748575],[-80.1490446760703,26.1170497746282],[-80.1493706767147,26.1167327743989],[-80.1494146760458,26.11667277433],[-80.149465676599,26.1165727742151],[-80.1494896768065,26.1165457738692],[-80.1500477816791,26.1160615653898],[-80.1503936771259,26.1157827737569],[-80.150426676849,26.1157627737339],[-80.1504646768028,26.1157467738954],[-80.1505346773328,26.1157167743106],[-80.1505776766178,26.115702773665],[-80.1507226770093,26.1156587743338],[-80.1509276765703,26.1156017744032],[-80.150950677631,26.1155957732272],[-80.151045676616,26.1155727739652],[-80.151065676639,26.1155677737346],[-80.1511656776532,26.1155607743112],[-80.151183677584,26.115559774265],[-80.1513816777216,26.1155687737807],[-80.1514606768681,26.1155687737807],[-80.1515006769141,26.1155647735963],[-80.1515296773521,26.1155577732735],[-80.1515586768908,26.1155527739422],[-80.1516506784354,26.1155547740345],[-80.1517176770285,26.1155567732273],[-80.1518356770742,26.115570773873],[-80.15191467712,26.1155747731581],[-80.1520726772116,26.1155637744495],[-80.1525436773481,26.1155057735735],[-80.1529386775773,26.1154907737811],[-80.1531186777841,26.1154907737811],[-80.1532556778066,26.1156017744032],[-80.15326767836,26.115611773965],[-80.1533186780139,26.1156667738035],[-80.1533766779907,26.1157167743106],[-80.1534326778751,26.115812774241],[-80.1534676776905,26.1159167736411],[-80.1535156781054,26.116016773756],[-80.153520678336,26.1160497743784],[-80.1534926779441,26.1161187739631],[-80.1534846775751,26.1161537737785],[-80.15348067829,26.1162177740319],[-80.1534776781517,26.1162637743546],[-80.1534772060076,26.1162665163875],[-80.1534778580161,26.1162679292224],[-80.1534506778059,26.116442773616],[-80.1534446784285,26.1165167743305],[-80.1534386781518,26.116592774238],[-80.1534336779213,26.1166597737304],[-80.1534356780135,26.1166967736381],[-80.1534526778981,26.1167677742143],[-80.1534756780595,26.1167957737069],[-80.153572678036,26.116857773868],[-80.1535899746969,26.1168651411143],[-80.1536806776205,26.1169037741907],[-80.1537286780354,26.1169207740753],[-80.1537906781966,26.1169447742828],[-80.1538296781964,26.1169487735679],[-80.1538696782424,26.116946774375],[-80.1539086782423,26.1169387740061],[-80.1541606781721,26.1168337736606],[-80.1547456781698,26.1165287739846],[-80.1550096777537,26.1163677737546],[-80.1553536792283,26.1161217732022],[-80.1555276791584,26.1159737735717],[-80.15555867789,26.1159517743558],[-80.1556676793193,26.115907773226],[-80.1557676794342,26.1158497732493],[-80.1559426794105,26.1157297740107],[-80.1559499837041,26.1157246883446],[-80.1561146792484,26.1156067737345],[-80.1563516793859,26.1154667735736],[-80.1564146777945,26.1154307737121],[-80.1564756779096,26.1153847733894],[-80.1565096785782,26.1153647733665],[-80.1566886787389,26.1152887725597],[-80.1568046786923,26.1152637732055],[-80.1568836787382,26.1152637741048],[-80.1569616787378,26.1152737736666],[-80.1570376786453,26.1152927736435],[-80.1571086792215,26.1153247733205],[-80.1571679499403,26.1153630709499],[-80.1576760003465,26.1160829998315]]]]}},{"type":"Feature","id":"FL-12011-R026-2022","properties":{"state_po":"FL","county_fips":"12011","county_name":"Broward County","precinct_id":"R026","geometry_vintage":"2022"},"geometry":{"type":"MultiPolygon","coordinates":[[[[-80.1537906781966,26.1169447742828],[-80.1536806776205,26.1169037741907],[-80.153572678036,26.116857773868],[-80.1534756780595,26.1167957737069],[-80.1534526778981,26.1167677742143],[-80.1534356780135,26.1166967736381],[-80.1534336779213,26.1166597737304],[-80.1534506778059,26.116442773616],[-80.1534771880212,26.1162670236051],[-80.1534776781517,26.1162637743546],[-80.1534926779441,26.1161187739631],[-80.153520678336,26.1160497743784],[-80.1535156781054,26.116016773756],[-80.1534326778751,26.115812774241],[-80.1533766779907,26.1157167743106],[-80.1533186780139,26.1156667738035],[-80.15326767836,26.115611773965],[-80.1531186777841,26.1154907737811],[-80.1530519561822,26.1154907737811],[-80.1529386775773,26.1154907737811],[-80.1528236767706,26.1154947739655],[-80.1525436782475,26.1155057735735],[-80.1523156713305,26.1155338513071],[-80.1520726772116,26.1155637744495],[-80.15191467712,26.1155747731581],[-80.1518356770742,26.115570773873],[-80.1516506784354,26.1155547740345],[-80.1515586768908,26.1155527739422],[-80.1515296773521,26.1155577732735],[-80.1515006769141,26.1155647735963],[-80.1514606768681,26.1155687737807],[-80.151183677584,26.1155597733657],[-80.1510656784377,26.1155677737346],[-80.1505776784165,26.115702773665],[-80.1504646777021,26.1157467738954],[-80.1503936771259,26.1157827737569],[-80.1501873096959,26.1159486519096],[-80.1500366768505,26.1160707744476],[-80.149465676599,26.1165727742151],[-80.1494146760458,26.11667277433],[-80.1493706767147,26.1167327743989],[-80.149074100089,26.117020533172],[-80.148716676233,26.1174057748575],[-80.1486866766481,26.1174387745806],[-80.1484976760263,26.1177587749483],[-80.1484296755884,26.1179297747402],[-80.1484166767875,26.1180017735639],[-80.1484156767414,26.1180377743247],[-80.1483716774104,26.1182147743932],[-80.1483676763265,26.1183597747847],[-80.1483256761883,26.1185747739075],[-80.1482856761424,26.1187157741145],[-80.1482756765806,26.1188247746445],[-80.1482546774108,26.1189317750822],[-80.1481736763734,26.1190567745514],[-80.1480316761203,26.1191837741127],[-80.1480006773887,26.1192067751734],[-80.1479666767201,26.1192237741587],[-80.1479286767664,26.1192357747121],[-80.1478896767665,26.1192417740895],[-80.1477706757754,26.1192457751733],[-80.1476916766289,26.1192407749427],[-80.1476136766292,26.1192277752425],[-80.1474646760533,26.1191797748276],[-80.1473973743887,26.1191451032648],[-80.1473946764226,26.1191457741591],[-80.1473858567712,26.1191391794305],[-80.1472017088911,26.1190014626483],[-80.1472041433559,26.1190031138036],[-80.1471956762388,26.1189967753817],[-80.1471796764003,26.1189847748284],[-80.1470016762857,26.1188397753363],[-80.1468116756177,26.1187097747372],[-80.1466406758259,26.1186317747375],[-80.1465626758261,26.1185967749221],[-80.1464326761264,26.1185567748761],[-80.1463156761269,26.1185207741153],[-80.1462246764271,26.1184937746688],[-80.1459546756671,26.118494774715],[-80.1458336763824,26.1184957747611],[-80.1458006757599,26.1184987748994],[-80.1457726456904,26.1185050683551],[-80.1456607133705,26.1185221114072],[-80.1456056757607,26.1185267752914],[-80.1455163928666,26.1185440854421],[-80.145427675646,26.1185627742535],[-80.1454126758537,26.1185657743919],[-80.1452535785891,26.1185471611234],[-80.1450576756706,26.1185347747609],[-80.144980675717,26.1185187749224],[-80.1446046745654,26.1184047741619],[-80.1444401166174,26.118295207059],[-80.1442886752815,26.1181867749006],[-80.1441526753051,26.1181107740939],[-80.1440426756283,26.118068774855],[-80.1438896757673,26.1180317749473],[-80.1434546745929,26.1180207744401],[-80.1433449995714,26.1180030002391],[-80.1433420003324,26.1177349995714],[-80.1433020002864,26.1162500003381],[-80.1432129997795,26.1147709995828],[-80.1431579999411,26.1129930003276],[-80.1431420001026,26.112106999939],[-80.1431010000105,26.1112370002882],[-80.1430369997571,26.1104309999915],[-80.1430690003335,26.1093549998342],[-80.1430630000568,26.1085280003678],[-80.1430500003566,26.1082619997923],[-80.1430490003104,26.1081249997698],[-80.1430300003336,26.1075619998872],[-80.1430149996419,26.1060159996396],[-80.142852000219,26.1046369998985],[-80.1428490000806,26.1045640001293],[-80.142610999897,26.1033119999497],[-80.1423739997596,26.1019350003009],[-80.1420469999684,26.1007250002594],[-80.1417519998542,26.0992860004494],[-80.1414860001781,26.0979730001547],[-80.1422850001519,26.0978920000166],[-80.1419970003606,26.0964419996994],[-80.1428459999423,26.0964459998839],[-80.1430840001258,26.0964219996764],[-80.1448719998423,26.096406999884],[-80.1468070000424,26.0963659997919],[-80.1488869997346,26.0963380002993],[-80.1509119995885,26.0963020004378],[-80.1530009996957,26.0963119999997],[-80.1530249999032,26.0971619996275],[-80.1550099997111,26.0971330000888],[-80.1549679995729,26.0962810003687],[-80.1569730003031,26.0962459996541],[-80.157003999934,26.0962449996079],[-80.1580519996994,26.0962279997233],[-80.1589879996958,26.0962119998848],[-80.160305000175,26.0961909998157],[-80.1609710003108,26.0961770000694],[-80.1611589999872,26.0990670002427],[-80.1601799998065,26.1018629996786],[-80.1598550001075,26.1046189999677],[-80.1590010002953,26.1067930003975],[-80.1589050003648,26.1072129999808],[-80.1614370002167,26.1071760000732],[-80.1615209995938,26.1105380004292],[-80.1604970000359,26.1105490000372],[-80.1595349997398,26.1105510001294],[-80.1590236802979,26.1105917717937],[-80.158635999651,26.1109970000124],[-80.1578466790803,26.1119457730798],[-80.1577786786424,26.1120727726412],[-80.1577066789195,26.1123167731015],[-80.1576882877836,26.1125189110198],[-80.1576970004156,26.1130070000739],[-80.1563900003976,26.1129530002816],[-80.1551620004253,26.1139440001164],[-80.1548096793226,26.1141047728179],[-80.1544956783323,26.1141207726564],[-80.1540626781494,26.1140837727488],[-80.153753678289,26.1140157732102],[-80.1535626775749,26.1139727739252],[-80.1531409998566,26.1137710002324],[-80.153426000409,26.114862000182],[-80.1536706780587,26.1147637735302],[-80.1537976785194,26.1148537731839],[-80.1544606785168,26.1148467737605],[-80.1546106782396,26.1148367732993],[-80.1547166777318,26.1148097738529],[-80.1549716778001,26.1147257735765],[-80.155141678445,26.1146787732077],[-80.1552296780066,26.1146667735536],[-80.1553465458058,26.1146624415193],[-80.1558466785807,26.1146487736229],[-80.1559026793645,26.1155407733888],[-80.1559426794105,26.1157297740107],[-80.1557676794342,26.1158497732493],[-80.1556676793193,26.115907773226],[-80.15555867789,26.1159517743558],[-80.1555276791584,26.1159737735717],[-80.1553536792283,26.1161217732022],[-80.1550096777537,26.1163677737546],[-80.1547456781698,26.1165287739846],[-80.1541826306233,26.1168231112984],[-80.1539086782423,26.1169387740061],[-80.1538296781964,26.1169487735679],[-80.1537906781966,26.1169447742828]]],[[[-80.1435009995708,26.1223360004069],[-80.1405100001357,26.122419999784],[-80.1373649998941,26.1224929995532],[-80.1373570004246,26.1223609997612],[-80.1405069999974,26.1222890000382],[-80.1424830002896,26.1222700000613],[-80.1434980003318,26.1222209996003],[-80.1445779997742,26.1221560002001],[-80.1453710003707,26.1221499999234],[-80.1457239995623,26.1221469997851],[-80.146449999767,26.1221829996466],[-80.1475090000397,26.1221819996004],[-80.1485529996206,26.1221540001079],[-80.1495260004239,26.1221299999004],[-80.1505000003741,26.1221049996469],[-80.1516959997699,26.1220810003388],[-80.1534709997862,26.1220380001545],[-80.1534760000167,26.1221780003153],[-80.151999000253,26.1222130001307],[-80.1505039996592,26.1222479999461],[-80.1495299997091,26.1222690000152],[-80.1485559997589,26.1222900000843],[-80.147512000178,26.1223130002456],[-80.1457279997467,26.1223019997384],[-80.1453690002785,26.1223019997384],[-80.1445779997742,26.1223019997384],[-80.1435009995708,26.1223360004069]]]]}},{"type":"Feature","id":"FL-12011-R027-2022","properties":{"state_po":"FL","county_fips":"12011","county_name":"Broward County","precinct_id":"R027","geometry_vintage":"2022"},"geometry":{"type":"MultiPolygon","coordinates":[[[[-80.1630649997493,26.1194640001643],[-80.1626516812295,26.1192517754499],[-80.1620926797327,26.119102774874],[-80.1618396797568,26.1188997736065],[-80.1615009995708,26.1183970004221],[-80.1607079998736,26.1168320001975],[-80.1591790004099,26.1160530002467],[-80.1576760003465,26.1160829998315],[-80.1571679499403,26.1153630709499],[-80.1570376786453,26.1152927736435],[-80.1569616787378,26.1152737736666],[-80.1568046786923,26.1152637732055],[-80.1566886787389,26.1152887725597],[-80.1564756779096,26.1153847733894],[-80.1564146786938,26.1154307737121],[-80.1561146792484,26.1156067737345],[-80.1559426794105,26.1157297740107],[-80.1559026793645,26.1155407733888],[-80.1558466785807,26.1146487736229],[-80.1552296780066,26.1146667735536],[-80.155141678445,26.1146787732077],[-80.1547139339003,26.1148060497603],[-80.1546106782396,26.1148367732993],[-80.1544606785168,26.1148467737605],[-80.1537976785194,26.1148537731839],[-80.1536706780587,26.1147637735302],[-80.153426000409,26.114862000182],[-80.1531409998566,26.1137710002324],[-80.1535626775749,26.1139727739252],[-80.1540626781494,26.1140837727488],[-80.1542206782411,26.1140907739709],[-80.1544956783323,26.1141207726564],[-80.154732679369,26.1141207726564],[-80.1551620004253,26.1139440001164],[-80.1563900003976,26.1129530002816],[-80.1576970004156,26.1130070000739],[-80.1576876789426,26.112484772755],[-80.1577066789195,26.1123167731015],[-80.1577786786424,26.1120727726412],[-80.1578466790803,26.1119457730798],[-80.1579316794029,26.1118347715583],[-80.158635999651,26.1109970000124],[-80.1590236802979,26.1105917717937],[-80.1595349997398,26.1105510001294],[-80.1604970000359,26.1105490000372],[-80.1615209995938,26.1105380004292],[-80.1614370002167,26.1071760000732],[-80.1623140001903,26.1071689997504],[-80.1628159999578,26.107153999958],[-80.1635879995858,26.1071180000965],[-80.1637380002079,26.1071259995661],[-80.1650699995802,26.106950000443],[-80.1653780002938,26.106909000351],[-80.1656779997392,26.1068779998207],[-80.1664389997594,26.1068310003512],[-80.1672629999868,26.1068260001207],[-80.1685140001204,26.1068100002822],[-80.1685130000743,26.1077690004399],[-80.1684859997284,26.1130019998433],[-80.1685619996359,26.1216310002713],[-80.168571000051,26.1217710004322],[-80.1657389998543,26.1218149997633],[-80.1631140002103,26.1219549999242],[-80.1630809995878,26.1218359998324],[-80.1636640003927,26.1199710001624],[-80.1630649997493,26.1194640001643]]],[[[-80.1561989996835,26.1219660004314],[-80.1562029998679,26.1220970001773],[-80.1548359997809,26.1221449996929],[-80.1534760000167,26.1221780003153],[-80.1534709997862,26.1220380001545],[-80.1561989996835,26.1219660004314]]]]}},{"type":"Feature","id":"FL-12011-R028-2022","properties":{"state_po":"FL","county_fips":"12011","county_name":"Broward County","precinct_id":"R028","geometry_vintage":"2022"},"geometry":{"type":"MultiPolygon","coordinates":[[[[-80.1685140001204,26.1068100002822],[-80.1672629999868,26.1068260001207],[-80.1664389997594,26.1068310003512],[-80.1656779997392,26.1068779998207],[-80.1653780002938,26.106909000351],[-80.1650699995802,26.106950000443],[-80.1637380002079,26.1071259995661],[-80.1635879995858,26.1071180000965],[-80.1628159999578,26.107153999958],[-80.1623140001903,26.1071689997504],[-80.1614370002167,26.1071760000732],[-80.1589050003648,26.1072129999808],[-80.1590010002953,26.1067930003975],[-80.1598550001075,26.1046189999677],[-80.1601799998065,26.1018629996786],[-80.1611589999872,26.0990670002427],[-80.1615140001703,26.0990989999198],[-80.1636010001853,26.0990840001274],[-80.1654730001782,26.0987029996446],[-80.1664369996672,26.0990359997125],[-80.1674149998017,26.0985250004293],[-80.168662999797,26.0970400002966],[-80.1688949997038,26.0966110002983],[-80.1691099997261,26.0963720000686],[-80.1693350002095,26.0963439996767],[-80.169563999978,26.1066039997757],[-80.1693039996792,26.1066100000523],[-80.1687920003499,26.1066150002829],[-80.1685229996361,26.1066180004212],[-80.1685140001204,26.1068100002822]]]]}},{"type":"Feature","id":"FL-12011-R029-2022","properties":{"state_po":"FL","county_fips":"12011","county_name":"Broward County","precinct_id":"R029","geometry_vintage":"2022"},"geometry":{"type":"MultiPolygon","coordinates":[[[[-80.1611589999872,26.0990670002427],[-80.1609710003108,26.0961770000694],[-80.160305000175,26.0961909998157],[-80.1589879996958,26.0962119998848],[-80.1580519996994,26.0962279997233],[-80.157003999934,26.0962449996079],[-80.1569730003031,26.0962459996541],[-80.1549679995729,26.0962810003687],[-80.1550099997111,26.0971330000888],[-80.1530249999032,26.0971619996275],[-80.1530009996957,26.0963119999997],[-80.1509119995885,26.0963020004378],[-80.1488869997346,26.0963380002993],[-80.1468070000424,26.0963659997919],[-80.1448719998423,26.096406999884],[-80.1430840001258,26.0964219996764],[-80.1428459999423,26.0964459998839],[-80.1419970003606,26.0964419996994],[-80.1422850001519,26.0978920000166],[-80.1414860001781,26.0979730001547],[-80.1411439996951,26.096456000345],[-80.1409469996037,26.0955249996799],[-80.1407709995813,26.0946279996833],[-80.1405700002047,26.0937210001249],[-80.1403730001132,26.0928040001054],[-80.1420540002912,26.0927809999441],[-80.142235999691,26.0927789998518],[-80.1438840001458,26.0927670001978],[-80.1447670003961,26.0927500003131],[-80.1467269999504,26.0927169996907],[-80.1487790001501,26.0926969996677],[-80.1507910003037,26.0926799997831],[-80.1528530000652,26.0925849998987],[-80.1568489999807,26.0917429997405],[-80.158836999927,26.0912349996963],[-80.1608599996886,26.0907269996522],[-80.1629180001649,26.0901809996543],[-80.1649660001801,26.0896349996564],[-80.1682820002135,26.0887019997983],[-80.1685160002126,26.0886370003981],[-80.1687779997043,26.0940520001006],[-80.1688820000036,26.0957740003707],[-80.1688949997038,26.0966110002983],[-80.168662999797,26.0970400002966],[-80.1674149998017,26.0985250004293],[-80.1664369996672,26.0990359997125],[-80.1654730001782,26.0987029996446],[-80.1636010001853,26.0990840001274],[-80.1615140001703,26.0990989999198],[-80.1611589999872,26.0990670002427]]]]}},{"type":"Feature","id":"FL-12011-R030-2022","properties":{"state_po":"FL","county_fips":"12011","county_name":"Broward County","precinct_id":"R030","geometry_vintage":"2022"},"geometry":{"type":"MultiPolygon","coordinates":[[[[-80.1689329996576,26.0808310001514],[-80.1692459997025,26.0820279995934],[-80.1692489998408,26.0822829996616],[-80.1693570003246,26.0869249996899],[-80.1693819996789,26.08805999987],[-80.1693930001862,26.0884020003529],[-80.1692129999793,26.0884439995918],[-80.169026000349,26.088495000145],[-80.1685160002126,26.0886370003981],[-80.1682820002135,26.0887019997983],[-80.1649660001801,26.0896349996564],[-80.1629180001649,26.0901809996543],[-80.1608599996886,26.0907269996522],[-80.158836999927,26.0912349996963],[-80.1568489999807,26.0917429997405],[-80.1528530000652,26.0925849998987],[-80.1507910003037,26.0926799997831],[-80.1487790001501,26.0926969996677],[-80.1467269999504,26.0927169996907],[-80.1447670003961,26.0927500003131],[-80.1438840001458,26.0927670001978],[-80.142235999691,26.0927789998518],[-80.1420540002912,26.0927809999441],[-80.1403730001132,26.0928040001054],[-80.1385860004429,26.0928329996441],[-80.1366599997585,26.0928769998745],[-80.1364879999206,26.092881000059],[-80.1356390003389,26.0928440001514],[-80.1359339995538,26.0917350002709],[-80.1363800003361,26.0899800002776],[-80.1363770001977,26.0897820001401],[-80.1365370003816,26.0890990001196],[-80.136460000428,26.088626999937],[-80.1364370002667,26.0878930002626],[-80.1364160001976,26.0872090001961],[-80.1363829995751,26.0862520001306],[-80.1363329999673,26.08443399993],[-80.1363040004286,26.0836119997948],[-80.1362539999215,26.0816399996871],[-80.1367209998736,26.081638999641],[-80.1373880000555,26.0816330002636],[-80.1384769999129,26.0816120001945],[-80.1385099996361,26.0814859997799],[-80.1385149998667,26.0814629996186],[-80.1385220001895,26.0814360001721],[-80.139479000255,26.081455000149],[-80.1396500000468,26.0814629996186],[-80.1396029996781,26.0813449995729],[-80.139763999908,26.0813610003108],[-80.1397860000232,26.0814629996186],[-80.139803999954,26.0814629996186],[-80.140492000205,26.081465999757],[-80.1404960003895,26.0815170003102],[-80.1417269996007,26.0815079998952],[-80.1454899995632,26.0814990003794],[-80.1527350000196,26.081465999757],[-80.1566529999353,26.081475000172],[-80.1566220003044,26.0812250003344],[-80.1568530001651,26.0812260003805],[-80.156922999796,26.0811870003806],[-80.157591000024,26.0811699995967],[-80.1577829998849,26.0811549998042],[-80.1581240003217,26.081141000058],[-80.1585229998359,26.0811349997813],[-80.1586840000659,26.081132999689],[-80.1598039995543,26.0810949997353],[-80.1607520001041,26.0810739996662],[-80.1607459998274,26.0809959996665],[-80.1615079998936,26.0809989998049],[-80.1669299999189,26.0808750003818],[-80.1686370003966,26.0808340002898],[-80.1689329996576,26.0808310001514]]]]}},{"type":"Feature","id":"FL-12011-R031-2022","properties":{"state_po":"FL","county_fips":"12011","county_name":"Broward County","precinct_id":"R031","geometry_vintage":"2022"},"geometry":{"type":"MultiPolygon","coordinates":[[[[-80.1767220000197,26.0881389999158],[-80.1767220000197,26.0881110004232],[-80.1767329996276,26.0881100003771],[-80.176745000181,26.0885249997298],[-80.1758549996079,26.0885249997298],[-80.1758619999307,26.0887540003977],[-80.1759030000228,26.091412999811],[-80.1757449999312,26.0914210001799],[-80.1756679999776,26.091412999811],[-80.1755930001162,26.0913949998802],[-80.1747899999579,26.0915909999256],[-80.1740869999144,26.0939109998936],[-80.1733619997559,26.0945230002371],[-80.1718080000385,26.0947340000749],[-80.1707529999503,26.0949659999818],[-80.1693350002095,26.0963439996767],[-80.1691099997261,26.0963720000686],[-80.1688949997038,26.0966110002983],[-80.1688820000036,26.0957740003707],[-80.1687779997043,26.0940520001006],[-80.1685160002126,26.0886370003981],[-80.169026000349,26.088495000145],[-80.1692129999793,26.0884439995918],[-80.1693930001862,26.0884020003529],[-80.1693980004167,26.0886399996372],[-80.1695870001393,26.0886059998679],[-80.1697240001618,26.0885809996143],[-80.1697410000465,26.0885799995682],[-80.1697820001385,26.0885679999141],[-80.1698919998153,26.0885400004216],[-80.1710449999262,26.0882410001229],[-80.1710449999262,26.0881979999386],[-80.1721959999448,26.0879009997322],[-80.1725409996668,26.0878120001246],[-80.1739540000764,26.0874519997109],[-80.1739656831691,26.087994766646],[-80.1748092643354,26.0877840051286],[-80.1751522450794,26.0876983141268],[-80.1751585169513,26.0879195824236],[-80.1751659381569,26.0881813579842],[-80.1757829998848,26.0881620000771],[-80.1767220000197,26.0881389999158]]]]}},{"type":"Feature","id":"FL-12011-R032-2022","properties":{"state_po":"FL","county_fips":"12011","county_name":"Broward County","precinct_id":"R032","geometry_vintage":"2022"},"geometry":{"type":"MultiPolygon","coordinates":[[[[-80.1735799999164,26.0962679997692],[-80.1733619997559,26.0945230002371],[-80.1740869999144,26.0939109998936],[-80.1747899999579,26.0915909999256],[-80.1755930001162,26.0913949998802],[-80.1756679999776,26.091412999811],[-80.1757449999312,26.0914210001799],[-80.1759030000228,26.091412999811],[-80.1759759997919,26.0914279996034],[-80.1778930000613,26.0912769998346],[-80.1791529997105,26.0907639995598],[-80.1813110003018,26.089173999981],[-80.1812530003251,26.0874539998031],[-80.182103999999,26.0874610001259],[-80.1821066862739,26.0874657656334],[-80.1824336851658,26.0874687657718],[-80.1824486849582,26.0871607659574],[-80.1826616857875,26.0871357657039],[-80.1829116856251,26.0865857664208],[-80.18290768634,26.0861697652234],[-80.1828916856022,26.0860867658924],[-80.1828696117425,26.0855903922837],[-80.182925000088,26.0855870000409],[-80.1840610003143,26.0854599995802],[-80.1844120003129,26.085426999857],[-80.1844146865878,26.0854317653646],[-80.1844396859421,26.0854347646036],[-80.184447686311,26.0856567658479],[-80.1840735251724,26.086583653014],[-80.1840576863125,26.0867697659128],[-80.1840906860357,26.087326766418],[-80.1844566858267,26.0875907660019],[-80.1845086864261,26.0875887659097],[-80.1848186863327,26.0875787663479],[-80.1850566874155,26.0875717660251],[-80.1852357046634,26.0875654159121],[-80.1856456866984,26.08751076591],[-80.1858536872972,26.0874817663713],[-80.1859511747063,26.087467445567],[-80.1863136869264,26.0874227663485],[-80.1863582429379,26.0874161653247],[-80.1867593018996,26.0873567516137],[-80.1874386866454,26.0872647662569],[-80.1875996868754,26.0872427661416],[-80.1878036872897,26.0872147657497],[-80.1880816884185,26.087176765796],[-80.1881256868503,26.0871927656345],[-80.1882476870804,26.0872037661418],[-80.1886666884163,26.0871147656348],[-80.1889916881153,26.087076765681],[-80.1889950003184,26.0871809998042],[-80.1905940003122,26.0869180002664],[-80.1924270003051,26.0858620001321],[-80.1925336877788,26.0858147659396],[-80.1926346879398,26.0857627653402],[-80.1927236893461,26.0857187651098],[-80.1928686888383,26.085659765087],[-80.1929836878463,26.0856497646258],[-80.1930746893448,26.0855787658483],[-80.1931386877995,26.085547765318],[-80.1932926877067,26.0854947646725],[-80.1934056893205,26.0854657651339],[-80.1934266893895,26.0854617658487],[-80.1935256876597,26.0854437659179],[-80.1935606892737,26.0854377647419],[-80.1936286888123,26.0854207657566],[-80.193795689319,26.0854117653416],[-80.1939456890416,26.0854297652723],[-80.1940666892257,26.0854497652953],[-80.1941056892255,26.0854447650647],[-80.194167771225,26.085434919287],[-80.1943340001134,26.0854859998798],[-80.1961320002909,26.0865009999221],[-80.2008379996733,26.0878180004013],[-80.2006330001122,26.0913680004337],[-80.2006669998815,26.0916479998562],[-80.1989620003953,26.0919209998551],[-80.1966489998508,26.0917659999018],[-80.1927679998427,26.0918769996247],[-80.1920120000531,26.0919050000166],[-80.1912689999637,26.0919219999013],[-80.1905009996208,26.0919559996705],[-80.1891080001334,26.0920019999932],[-80.1890009996957,26.0920060001777],[-80.1856529999853,26.0921430002002],[-80.1848980002418,26.0922810002688],[-80.1845749997358,26.0923200002687],[-80.1835389996245,26.0925100000373],[-80.1792650003788,26.0933520001955],[-80.1776250002929,26.0937099996177],[-80.1762780002289,26.0948890000282],[-80.1760539997916,26.0959579998627],[-80.1754190001861,26.0959450001625],[-80.1746160000277,26.0959820000701],[-80.1751539996567,26.0962699998615],[-80.1735799999164,26.0962679997692]]],[[[-80.1813146857235,26.0833917648189],[-80.1812890001866,26.0828119997748],[-80.1817256857911,26.082816764383],[-80.1828566857868,26.0828077648673],[-80.1837096864522,26.0828037646829],[-80.1844589997824,26.0827969999825],[-80.1847359999658,26.0827959999363],[-80.1850586866084,26.0827977653055],[-80.1850786866314,26.083239765004],[-80.1850796866776,26.0832887645657],[-80.1850896862394,26.0834157650264],[-80.1849406865628,26.0834467646573],[-80.1848676858943,26.0834657646342],[-80.1847946861252,26.0834867647033],[-80.1847216863561,26.0835087648185],[-80.1846916858719,26.0835187643804],[-80.1845616861722,26.0835657647491],[-80.1844086863112,26.0836307650487],[-80.1839986862897,26.0836227646797],[-80.1836326864986,26.0836037647028],[-80.1832816856007,26.0835827646338],[-80.1832056856932,26.0835767643571],[-80.1813146857235,26.0833917648189]]],[[[-80.1821398712574,26.0841557290046],[-80.1822066854895,26.0840907655772],[-80.1838016861982,26.0842127658074],[-80.1837569080542,26.0843129143104],[-80.183727686383,26.0844017655299],[-80.1837036861755,26.0844957653682],[-80.1836866862909,26.0846057659442],[-80.183681263379,26.0847123302107],[-80.1836836870519,26.0847987271804],[-80.1836956867059,26.0848967658739],[-80.1837026897267,26.0849489544316],[-80.1817140000005,26.0851689996505],[-80.1817220003693,26.084991999582],[-80.1817459996775,26.0848429999054],[-80.1817788051471,26.0847334678761],[-80.1818156854448,26.0846337654368],[-80.1818646850065,26.0845237657601],[-80.1819217406951,26.0844254392835],[-80.181972212447,26.0843513810123],[-80.182030216021,26.0842764629892],[-80.1820852842079,26.0842131030531],[-80.1821398712574,26.0841557290046]]]]}},{"type":"Feature","id":"FL-12011-R033-2022","properties":{"state_po":"FL","county_fips":"12011","county_name":"Broward County","precinct_id":"R033","geometry_vintage":"2022"},"geometry":{"type":"MultiPolygon","coordinates":[[[[-80.1856529999853,26.0921430002002],[-80.1856309998701,26.0929749998972],[-80.1856439995703,26.0936630001483],[-80.1856600003081,26.0943630000533],[-80.185659000262,26.094705999683],[-80.1856639995933,26.0950959996815],[-80.1856800003311,26.0958100002322],[-80.1856829995701,26.0965209997452],[-80.1857029995931,26.0972380004342],[-80.1857059997315,26.0979790004314],[-80.1857239996622,26.0986970002672],[-80.1857330000772,26.0994089998264],[-80.1857449997313,26.1001849996389],[-80.1857550001925,26.1009000002357],[-80.1857570002847,26.1012090000962],[-80.1857689999387,26.1016109997487],[-80.185780000446,26.1023580000225],[-80.1857920001001,26.1030739997661],[-80.1858069998925,26.1038280003628],[-80.1858100000308,26.103922000201],[-80.1858150002614,26.1045739996912],[-80.1858160003075,26.1056309998716],[-80.1849350001495,26.1057679998942],[-80.1840560000837,26.1058730002396],[-80.1814040000939,26.1060949996854],[-80.179825000123,26.1062339998001],[-80.1794720000321,26.1062630002381],[-80.1777679996928,26.1064089997764],[-80.1768200000423,26.1064730000298],[-80.1766539995817,26.1064820004448],[-80.1761559999987,26.1064629995686],[-80.1751599999334,26.1065370002832],[-80.174122999776,26.106475000122],[-80.1720880003602,26.1064499998685],[-80.1698719997923,26.1065960003061],[-80.169563999978,26.1066039997757],[-80.1693350002095,26.0963439996767],[-80.1707529999503,26.0949659999818],[-80.1718080000385,26.0947340000749],[-80.1733619997559,26.0945230002371],[-80.1735799999164,26.0962679997692],[-80.1751539996567,26.0962699998615],[-80.1746160000277,26.0959820000701],[-80.1754190001861,26.0959450001625],[-80.1760539997916,26.0959579998627],[-80.1762780002289,26.0948890000282],[-80.1776250002929,26.0937099996177],[-80.1792650003788,26.0933520001955],[-80.1835389996245,26.0925100000373],[-80.1845749997358,26.0923200002687],[-80.1848980002418,26.0922810002688],[-80.1856529999853,26.0921430002002]]]]}},{"type":"Feature","id":"FL-12011-R034-2022","properties":{"state_po":"FL","county_fips":"12011","county_name":"Broward County","precinct_id":"R034","geometry_vintage":"2022"},"geometry":{"type":"MultiPolygon","coordinates":[[[[-80.1856529999853,26.0921430002002],[-80.1890009996957,26.0920060001777],[-80.1891080001334,26.0920019999932],[-80.1905009996208,26.0919559996705],[-80.1912689999637,26.0919219999013],[-80.1920120000531,26.0919050000166],[-80.1927679998427,26.0918769996247],[-80.1966489998508,26.0917659999018],[-80.1989620003953,26.0919209998551],[-80.2006669998815,26.0916479998562],[-80.2009430000188,26.0916410004327],[-80.201178000064,26.091635000156],[-80.2012149999716,26.0939560001701],[-80.2012430003635,26.095241000073],[-80.2012950000636,26.0968359998824],[-80.201309999856,26.0977279996483],[-80.2013639996482,26.0989510002893],[-80.201400000409,26.1004199996841],[-80.2014609996248,26.1028290001591],[-80.2014900000628,26.1035130002256],[-80.2015569995553,26.1045100003371],[-80.2013629996021,26.1045149996684],[-80.2013350001095,26.1045139996223],[-80.2007880000655,26.104519999899],[-80.1997370001617,26.1045270002218],[-80.1994779999091,26.1045329995991],[-80.1986480003043,26.1045440001064],[-80.1975710001009,26.1045890003829],[-80.1973240004016,26.1045969998525],[-80.1953490001556,26.1046299995757],[-80.19332700044,26.1046959999213],[-80.1927330000273,26.1047089996215],[-80.1914470000783,26.1047479996213],[-80.1905079999436,26.1047909998057],[-80.1877050001849,26.1052700003111],[-80.1858160003075,26.1056309998716],[-80.1858150002614,26.1045739996912],[-80.1858100000308,26.103922000201],[-80.1858069998925,26.1038280003628],[-80.1857920001001,26.1030739997661],[-80.185780000446,26.1023580000225],[-80.1857689999387,26.1016109997487],[-80.1857570002847,26.1012090000962],[-80.1857550001925,26.1009000002357],[-80.1857449997313,26.1001849996389],[-80.1857330000772,26.0994089998264],[-80.1857239996622,26.0986970002672],[-80.1857059997315,26.0979790004314],[-80.1857029995931,26.0972380004342],[-80.1856829995701,26.0965209997452],[-80.1856800003311,26.0958100002322],[-80.1856639995933,26.0950959996815],[-80.185659000262,26.094705999683],[-80.1856600003081,26.0943630000533],[-80.1856439995703,26.0936630001483],[-80.1856309998701,26.0929749998972],[-80.1856529999853,26.0921430002002]]]]}},{"type":"Feature","id":"FL-12011-R035-2022","properties":{"state_po":"FL","county_fips":"12011","county_name":"Broward County","precinct_id":"R035","geometry_vintage":"2022"},"geometry":{"type":"MultiPolygon","coordinates":[[[[-80.19332700044,26.1046959999213],[-80.1953490001556,26.1046299995757],[-80.1973240004016,26.1045969998525],[-80.1975710001009,26.1045890003829],[-80.1986480003043,26.1045440001064],[-80.1994779999091,26.1045329995991],[-80.1997370001617,26.1045270002218],[-80.2007880000655,26.104519999899],[-80.2013350001095,26.1045139996223],[-80.2013629996021,26.1045149996684],[-80.2015569995553,26.1045100003371],[-80.2015609997397,26.1046070003137],[-80.2016049999701,26.1059419998243],[-80.2014120000631,26.1059429998704],[-80.1995729997935,26.105979999778],[-80.1975700000548,26.106039999847],[-80.1975740002393,26.1062640002843],[-80.1954209998786,26.1064649996609],[-80.1954260001091,26.106039999847],[-80.1933939999325,26.1061579998927],[-80.1933729998634,26.1054440002413],[-80.19332700044,26.1046959999213]]]]}},{"type":"Feature","id":"FL-12011-R036-2022","properties":{"state_po":"FL","county_fips":"12011","county_name":"Broward County","precinct_id":"R036","geometry_vintage":"2022"},"geometry":{"type":"MultiPolygon","coordinates":[[[[-80.2009399998805,26.1123549996844],[-80.2006710000659,26.1123599999149],[-80.2007570004346,26.1136510000945],[-80.2009310003647,26.1175330001487],[-80.2009440000649,26.1180370000084],[-80.200459000182,26.1180440003312],[-80.2003790000902,26.1180460004235],[-80.2003879996058,26.1183920001915],[-80.199263999933,26.1184290000991],[-80.1993290002325,26.1202430001152],[-80.1982889999367,26.1202699995617],[-80.198098000122,26.1202739997462],[-80.1979450002609,26.1202769998845],[-80.1979389999842,26.1202129996311],[-80.1976280000315,26.1202149997233],[-80.1976399996856,26.1204390001606],[-80.1976459999623,26.1205960002061],[-80.1976500001467,26.1206619996524],[-80.1976560004234,26.1208350004358],[-80.1976609997547,26.1208510002743],[-80.1976690001236,26.1208660000667],[-80.1976799997315,26.1208779997208],[-80.1976940003772,26.120889000228],[-80.1977100002157,26.1208959996515],[-80.1977270001003,26.1209009998821],[-80.1977670001463,26.1209009998821],[-80.1978379998232,26.120899999836],[-80.1981170000988,26.1208930004125],[-80.1981089997299,26.1206730001597],[-80.1981010002603,26.1204810002988],[-80.1982489998908,26.1204810002988],[-80.1982990003979,26.1204810002988],[-80.1983796920685,26.1204867739463],[-80.1983804133247,26.1206326403849],[-80.1983816912614,26.1208907736911],[-80.1984886907998,26.1208887735989],[-80.1985609998896,26.12096900032],[-80.1975679999626,26.1209929996281],[-80.1972410001713,26.1209999999509],[-80.1940270003451,26.1210709996278],[-80.1914979997322,26.1211309996967],[-80.1904099999209,26.1211519997659],[-80.1880810004371,26.1212089996965],[-80.1861929997065,26.1212519998808],[-80.1861899995682,26.1213810004337],[-80.1861899995682,26.1214649998108],[-80.1852090001946,26.1214910001104],[-80.184323999852,26.1215170004101],[-80.1834439997401,26.1215370004331],[-80.1825550001125,26.1215579996029],[-80.1816549999776,26.1215839999025],[-80.1807870004191,26.1216100002022],[-80.179896999846,26.1216300002252],[-80.1790090002645,26.1216559996255],[-80.1780219997149,26.1216769996947],[-80.178022999761,26.1216019998333],[-80.1780239998071,26.121486999926],[-80.1780189995765,26.1206449997678],[-80.1780209996687,26.1198310000015],[-80.1780130001991,26.1190219995665],[-80.1780039997841,26.1185939996143],[-80.1779740001993,26.1171749998272],[-80.1779570003147,26.1165170000604],[-80.1779570003147,26.1160930002926],[-80.1779580003608,26.1158610003857],[-80.1779550002224,26.1156860004095],[-80.1788569995502,26.1156739998561],[-80.1796290000776,26.1156709997177],[-80.1796179995704,26.115105999743],[-80.1803789995905,26.1151049996968],[-80.1812850000021,26.1150820004348],[-80.182135999676,26.1150649996509],[-80.1829630000417,26.1150529999968],[-80.1829820000186,26.1153989997649],[-80.1837549996928,26.1153969996727],[-80.1844989998283,26.1153860000647],[-80.185265000079,26.1153789997419],[-80.186075999707,26.1153500002032],[-80.1860690002835,26.1146209998601],[-80.1860549996379,26.1140290004389],[-80.1859880001454,26.1120269998471],[-80.1859850000071,26.1116260002406],[-80.185973000353,26.1112029996196],[-80.1859470000534,26.1103750001071],[-80.1859300001687,26.109868000109],[-80.1859280000765,26.1095499998335],[-80.1859070000074,26.1087259996061],[-80.1858869999844,26.1079069996092],[-80.1858609996847,26.1071810003038],[-80.1858530002151,26.1068799999129],[-80.193409999771,26.1064620004219],[-80.1954209998786,26.1064649996609],[-80.1975740002393,26.1062640002843],[-80.2008969996961,26.1063450004223],[-80.2009809999725,26.1089330001587],[-80.2010749998107,26.1118709998476],[-80.2010956923117,26.1123547721559],[-80.2009399998805,26.1123549996844]]]]}},{"type":"Feature","id":"FL-12011-R037-2022","properties":{"state_po":"FL","county_fips":"12011","county_name":"Broward County","precinct_id":"R037","geometry_vintage":"2022"},"geometry":{"type":"MultiPolygon","coordinates":[[[[-80.1858160003075,26.1056309998716],[-80.1877050001849,26.1052700003111],[-80.1905079999436,26.1047909998057],[-80.1914470000783,26.1047479996213],[-80.1927330000273,26.1047089996215],[-80.19332700044,26.1046959999213],[-80.1933729998634,26.1054440002413],[-80.1933939999325,26.1061579998927],[-80.1954260001091,26.106039999847],[-80.1954209998786,26.1064649996609],[-80.193409999771,26.1064620004219],[-80.1858530002151,26.1068799999129],[-80.1858609996847,26.1071810003038],[-80.1858869999844,26.1079069996092],[-80.1859070000074,26.1087259996061],[-80.1859280000765,26.1095499998335],[-80.1859300001687,26.109868000109],[-80.1859470000534,26.1103750001071],[-80.185973000353,26.1112029996196],[-80.1859850000071,26.1116260002406],[-80.1859880001454,26.1120269998471],[-80.1860549996379,26.1140290004389],[-80.1860690002835,26.1146209998601],[-80.186075999707,26.1153500002032],[-80.185265000079,26.1153789997419],[-80.1844989998283,26.1153860000647],[-80.1837549996928,26.1153969996727],[-80.1829820000186,26.1153989997649],[-80.1829630000417,26.1150529999968],[-80.182135999676,26.1150649996509],[-80.1812850000021,26.1150820004348],[-80.1803789995905,26.1151049996968],[-80.1796179995704,26.115105999743],[-80.1796290000776,26.1156709997177],[-80.1788569995502,26.1156739998561],[-80.1779550002224,26.1156860004095],[-80.1779580003608,26.1158610003857],[-80.1779570003147,26.1160930002926],[-80.1779570003147,26.1165170000604],[-80.1779740001993,26.1171749998272],[-80.1780039997841,26.1185939996143],[-80.1780130001991,26.1190219995665],[-80.1780209996687,26.1198310000015],[-80.1780189995765,26.1206449997678],[-80.1780239998071,26.121486999926],[-80.178022999761,26.1216019998333],[-80.1780219997149,26.1216769996947],[-80.1758959997,26.121729000294],[-80.174952000234,26.1217549996944],[-80.1745620002355,26.1217630000632],[-80.1746489997509,26.121719999879],[-80.1749449999111,26.1215750003868],[-80.1739350000995,26.1216029998794],[-80.1726300001737,26.1216110002483],[-80.1722440003597,26.1216169996257],[-80.1722499997371,26.1217830000863],[-80.1701340001833,26.1217820000401],[-80.1698119997234,26.1217799999479],[-80.1689789999802,26.1217739996712],[-80.168571000051,26.1217710004322],[-80.1685619996359,26.1216310002713],[-80.1684859997284,26.1130019998433],[-80.1685130000743,26.1077690004399],[-80.1685140001204,26.1068100002822],[-80.1685229996361,26.1066180004212],[-80.1687920003499,26.1066150002829],[-80.1693039996792,26.1066100000523],[-80.169563999978,26.1066039997757],[-80.1698719997923,26.1065960003061],[-80.1720880003602,26.1064499998685],[-80.174122999776,26.106475000122],[-80.1751599999334,26.1065370002832],[-80.1761559999987,26.1064629995686],[-80.1766539995817,26.1064820004448],[-80.1768200000423,26.1064730000298],[-80.1777679996928,26.1064089997764],[-80.1794720000321,26.1062630002381],[-80.179825000123,26.1062339998001],[-80.1814040000939,26.1060949996854],[-80.1840560000837,26.1058730002396],[-80.1849350001495,26.1057679998942],[-80.1858160003075,26.1056309998716]]],[[[-80.2016049999701,26.1059419998243],[-80.2016300002237,26.1063319998228],[-80.201420000432,26.106333999915],[-80.2012600002482,26.1063370000534],[-80.2008969996961,26.1063450004223],[-80.1975740002393,26.1062640002843],[-80.1975700000548,26.106039999847],[-80.1995729997935,26.105979999778],[-80.2014120000631,26.1059429998704],[-80.2016049999701,26.1059419998243]]]]}},{"type":"Feature","id":"FL-12011-R038-2022","properties":{"state_po":"FL","county_fips":"12011","county_name":"Broward County","precinct_id":"R038","geometry_vintage":"2022"},"geometry":{"type":"MultiPolygon","coordinates":[[[[-80.1742189997064,26.1297299996406],[-80.1742310002598,26.1304630001682],[-80.1742460000522,26.1311909995658],[-80.1742900002826,26.1326749996524],[-80.17429599966,26.1329790001816],[-80.1743219999597,26.1337760000632],[-80.174355999729,26.1351430001502],[-80.1743640000979,26.135363000403],[-80.1743670002362,26.1354449996879],[-80.1743759997519,26.1356930003326],[-80.1743799999364,26.1357759996635],[-80.1743799999364,26.1358159997095],[-80.1743799999364,26.1359359998474],[-80.1743809999825,26.1359769999395],[-80.1743809999825,26.1364199996841],[-80.1701489999757,26.1364229998225],[-80.1700069997226,26.1290770001044],[-80.1695290001626,26.1290859996201],[-80.1691879997258,26.1290909998506],[-80.1685390003739,26.1291010003118],[-80.1675960000547,26.1291239995738],[-80.1671320002409,26.1291370001733],[-80.1667749999656,26.1291519999657],[-80.1661220004293,26.1291499998734],[-80.1659830003145,26.1291580002424],[-80.1651549999027,26.1291709999426],[-80.1643539998366,26.1291909999655],[-80.1641219999297,26.1291980002883],[-80.1636889997469,26.1292120000347],[-80.163526000324,26.1292130000808],[-80.1628529998654,26.1292320000576],[-80.1626850002119,26.1292330001037],[-80.1620220002145,26.1292520000806],[-80.161835999731,26.1292499999883],[-80.1612539998715,26.129266999873],[-80.1605440004046,26.1292849998037],[-80.1598220003843,26.1292950002649],[-80.159395999625,26.1293009996423],[-80.1590770002027,26.1293199996191],[-80.1585789997204,26.1293189995731],[-80.1577710002308,26.1293370004031],[-80.1573960000247,26.1293490000572],[-80.1564509996133,26.1293669999879],[-80.1560439997302,26.1293740003107],[-80.1555060001012,26.1293839998726],[-80.1546829999198,26.1294039998955],[-80.1545419997129,26.1294059999878],[-80.1535869997396,26.1294320002875],[-80.1526149998817,26.1294530003565],[-80.1516640000929,26.1294819998952],[-80.150712000258,26.1295090002411],[-80.1506829998199,26.1276269997871],[-80.1505999995896,26.1258570000014],[-80.1505780003737,26.124931999613],[-80.150560000443,26.1239290001241],[-80.1505299999588,26.1230239997586],[-80.1505039996592,26.1222479999461],[-80.151999000253,26.1222130001307],[-80.1534760000167,26.1221780003153],[-80.1548359997809,26.1221449996929],[-80.1562029998679,26.1220970001773],[-80.1561989996835,26.1219660004314],[-80.1574139999555,26.1219380000396],[-80.1604509997132,26.1218559998554],[-80.161622999801,26.1218539997632],[-80.1624459999822,26.1218420001091],[-80.1630809995878,26.1218359998324],[-80.1631140002103,26.1219549999242],[-80.1657389998543,26.1218149997633],[-80.168571000051,26.1217710004322],[-80.1689789999802,26.1217739996712],[-80.1698119997234,26.1217799999479],[-80.1701340001833,26.1217820000401],[-80.1722499997371,26.1217830000863],[-80.1722440003597,26.1216169996257],[-80.1726300001737,26.1216110002483],[-80.1739350000995,26.1216029998794],[-80.1749449999111,26.1215750003868],[-80.1746489997509,26.121719999879],[-80.1745620002355,26.1217630000632],[-80.1745869995897,26.1224530004065],[-80.1745960000047,26.1224769997146],[-80.1749799997265,26.1224660001067],[-80.1750209998186,26.1234569999415],[-80.1750235610878,26.1234589397791],[-80.175023684295,26.1234617753415],[-80.1750396841335,26.1235677757331],[-80.1750726847559,26.123669775041],[-80.1751516848017,26.1238147754324],[-80.1751596842714,26.1238247749943],[-80.1752216844325,26.123900775801],[-80.1752586843402,26.123931775432],[-80.1753506840861,26.1240117764232],[-80.1753756843397,26.1240267753163],[-80.175449684155,26.1240717755928],[-80.1755576846388,26.1241177750162],[-80.1756456842003,26.1241427752697],[-80.1757046842231,26.1241587751082],[-80.1759539996767,26.1241640001693],[-80.1740289999377,26.1242699996616],[-80.1741209996837,26.1267509998596],[-80.1741269999604,26.1268980003433],[-80.1742029998679,26.128952999782],[-80.1742189997064,26.1297299996406]]]]}},{"type":"Feature","id":"FL-12011-R039-2022","properties":{"state_po":"FL","county_fips":"12011","county_name":"Broward County","precinct_id":"R039","geometry_vintage":"2022"},"geometry":{"type":"MultiPolygon","coordinates":[[[[-80.1683859996135,26.1512839998576],[-80.1678649998692,26.1512900001343],[-80.1675460004469,26.1512979996038],[-80.1671700001947,26.1513009997422],[-80.1666600000583,26.1513049999267],[-80.1642620000906,26.1513330003186],[-80.1624619998208,26.1513710002723],[-80.1624510002129,26.1504979995839],[-80.1624080000285,26.1488170003052],[-80.1623500000518,26.1465439998066],[-80.1623570003746,26.1464439996917],[-80.1623370003516,26.1457029996945],[-80.1623120000981,26.1448699999514],[-80.1622940001673,26.1440770002542],[-80.1622629996371,26.1425419996145],[-80.1622380002829,26.1417580003323],[-80.1622249996834,26.14099500022],[-80.1622039996142,26.1402229996926],[-80.1621889998218,26.1394540002028],[-80.1621709998911,26.1386849998138],[-80.1621570001448,26.1379249998398],[-80.1621339999834,26.1371370003731],[-80.1621240004216,26.136671999614],[-80.1561209996837,26.1366009999371],[-80.1561189995915,26.1364629998684],[-80.1557569999849,26.1364609997762],[-80.1548139996657,26.136468000099],[-80.1538429998539,26.1364940003987],[-80.1538049999002,26.1347619996674],[-80.1537089999697,26.1329960000662],[-80.1536520000391,26.1312379999346],[-80.1535869997396,26.1294320002875],[-80.1545419997129,26.1294059999878],[-80.1546829999198,26.1294039998955],[-80.1555060001012,26.1293839998726],[-80.1560439997302,26.1293740003107],[-80.1564509996133,26.1293669999879],[-80.1573960000247,26.1293490000572],[-80.1577710002308,26.1293370004031],[-80.1585789997204,26.1293189995731],[-80.1590770002027,26.1293199996191],[-80.159395999625,26.1293009996423],[-80.1598220003843,26.1292950002649],[-80.1605440004046,26.1292849998037],[-80.1612539998715,26.129266999873],[-80.161835999731,26.1292499999883],[-80.1620220002145,26.1292520000806],[-80.1626850002119,26.1292330001037],[-80.1628529998654,26.1292320000576],[-80.163526000324,26.1292130000808],[-80.1636889997469,26.1292120000347],[-80.1641219999297,26.1291980002883],[-80.1643539998366,26.1291909999655],[-80.1651549999027,26.1291709999426],[-80.1659830003145,26.1291580002424],[-80.1661220004293,26.1291499998734],[-80.1667749999656,26.1291519999657],[-80.1671320002409,26.1291370001733],[-80.1675960000547,26.1291239995738],[-80.1685390003739,26.1291010003118],[-80.1691879997258,26.1290909998506],[-80.1695290001626,26.1290859996201],[-80.1700069997226,26.1290770001044],[-80.1701489999757,26.1364229998225],[-80.1701540002063,26.1366399999369],[-80.1703280001365,26.1444230000223],[-80.1698080004382,26.1479930000778],[-80.1683859996135,26.1512839998576]]]]}},{"type":"Feature","id":"FL-12011-R040-2022","properties":{"state_po":"FL","county_fips":"12011","county_name":"Broward County","precinct_id":"R040","geometry_vintage":"2022"},"geometry":{"type":"MultiPolygon","coordinates":[[[[-80.1579620000456,26.1608979998437],[-80.1550370000568,26.1568439999515],[-80.1550026801289,26.1567917844142],[-80.1549911948871,26.1567582891646],[-80.1545089999897,26.1558560002551],[-80.1543519999442,26.1557899999094],[-80.1543709999211,26.1537930004475],[-80.1543309998751,26.1515690004099],[-80.1543129999444,26.1506860001597],[-80.1542469995987,26.1489300001203],[-80.1541840002907,26.1471649996659],[-80.1541280004062,26.1454050003414],[-80.1540870003142,26.1442550003688],[-80.1540680003373,26.1436359997025],[-80.1540199999224,26.1419140003317],[-80.1539470001533,26.1401210003847],[-80.1538880001305,26.1383590000687],[-80.1538439999,26.1366369997985],[-80.1538429998539,26.1364940003987],[-80.1548139996657,26.136468000099],[-80.1557569999849,26.1364609997762],[-80.1561189995915,26.1364629998684],[-80.1561209996837,26.1366009999371],[-80.1621240004216,26.136671999614],[-80.1621339999834,26.1371370003731],[-80.1621570001448,26.1379249998398],[-80.1621709998911,26.1386849998138],[-80.1621889998218,26.1394540002028],[-80.1622039996142,26.1402229996926],[-80.1622249996834,26.14099500022],[-80.1622380002829,26.1417580003323],[-80.1622629996371,26.1425419996145],[-80.1622940001673,26.1440770002542],[-80.1623120000981,26.1448699999514],[-80.1623370003516,26.1457029996945],[-80.1623570003746,26.1464439996917],[-80.1623500000518,26.1465439998066],[-80.1624080000285,26.1488170003052],[-80.1624510002129,26.1504979995839],[-80.1624619998208,26.1513710002723],[-80.1642620000906,26.1513330003186],[-80.1666600000583,26.1513049999267],[-80.1671700001947,26.1513009997422],[-80.1637920000002,26.158905999713],[-80.161886000238,26.1622619997923],[-80.1618609999845,26.1622510001844],[-80.1617500002616,26.1624559997455],[-80.1617429999388,26.1624660002066],[-80.1604820002435,26.1640919996469],[-80.1605319998512,26.1641919997618],[-80.1605669996666,26.1642610002459],[-80.1605220002894,26.1642879996923],[-80.1604349998747,26.1643400002916],[-80.1603650002439,26.1642430003151],[-80.1602419999677,26.1640749997623],[-80.1602139995758,26.16402099997],[-80.1601920003599,26.1639789998318],[-80.1579620000456,26.1608979998437]]]]}},{"type":"Feature","id":"FL-12011-R041-2022","properties":{"state_po":"FL","county_fips":"12011","county_name":"Broward County","precinct_id":"R041","geometry_vintage":"2022"},"geometry":{"type":"MultiPolygon","coordinates":[[[[-80.150712000258,26.1295090002411],[-80.1516640000929,26.1294819998952],[-80.1526149998817,26.1294530003565],[-80.1535869997396,26.1294320002875],[-80.1536520000391,26.1312379999346],[-80.1537089999697,26.1329960000662],[-80.1538049999002,26.1347619996674],[-80.1538429998539,26.1364940003987],[-80.1538439999,26.1366369997985],[-80.1538880001305,26.1383590000687],[-80.1539470001533,26.1401210003847],[-80.1540199999224,26.1419140003317],[-80.1540680003373,26.1436359997025],[-80.1540870003142,26.1442550003688],[-80.1541280004062,26.1454050003414],[-80.1541840002907,26.1471649996659],[-80.1542469995987,26.1489300001203],[-80.1543129999444,26.1506860001597],[-80.1543309998751,26.1515690004099],[-80.1515540004161,26.1516559999253],[-80.1514340002782,26.1507650002055],[-80.1513809996327,26.1490019998433],[-80.1513259997944,26.1472409995733],[-80.1512659997255,26.1454810002488],[-80.1511940000024,26.1437349997713],[-80.1511370000719,26.1420140004466],[-80.1510759999568,26.1402049997618],[-80.1510200000723,26.1384370000684],[-80.1509959998648,26.1367149997983],[-80.1509949998187,26.1365789998218],[-80.1509080003033,26.1365840000524],[-80.1509490003954,26.1348379995749],[-80.1508619999806,26.1330839996277],[-80.1507839999809,26.1313159999343],[-80.150712000258,26.1295090002411]]]]}},{"type":"Feature","id":"FL-12011-R042-2022","properties":{"state_po":"FL","county_fips":"12011","county_name":"Broward County","precinct_id":"R042","geometry_vintage":"2022"},"geometry":{"type":"MultiPolygon","coordinates":[[[[-80.1513436777678,26.1539707838255],[-80.1513394752359,26.153972949393],[-80.1513106780447,26.1539877837101],[-80.1510146778844,26.1540027844018],[-80.1509656783227,26.1540127830644],[-80.1509056782538,26.1540197833872],[-80.1507836780237,26.1540207834333],[-80.1506926783238,26.1540087837792],[-80.1506176775631,26.1539917838946],[-80.1505556783013,26.1539707838255],[-80.1504666777943,26.1539297837334],[-80.1503916779329,26.1538837834108],[-80.1503386781868,26.1538427833187],[-80.1502816782562,26.153787782581],[-80.1502376780257,26.1537347837341],[-80.1500935086079,26.1534932366244],[-80.1500096783034,26.1533527832053],[-80.1499726783957,26.1533147832515],[-80.1499296782114,26.1532757832517],[-80.1498846779349,26.153238783344],[-80.1498616768743,26.1532207834133],[-80.149813678258,26.1531867827447],[-80.1497646768977,26.1531547830676],[-80.1497126780969,26.1531257826296],[-80.1496316779589,26.1530867826298],[-80.1495486777287,26.1530537838059],[-80.1494616782132,26.1530267825609],[-80.1494086119172,26.1530130589064],[-80.1494036782365,26.1530117827684],[-80.1493436781676,26.1529997831143],[-80.1492836780986,26.1529907826994],[-80.1492226779836,26.152984783322],[-80.1491616769692,26.1529817831836],[-80.1491316782837,26.1529807831375],[-80.1490906781916,26.152993783737],[-80.1490306781226,26.153004783345],[-80.1489836768545,26.1530067834372],[-80.1489226776388,26.153004783345],[-80.1486696776628,26.1528857832532],[-80.1486126768329,26.1528477832994],[-80.1485896775709,26.152823783092],[-80.1484856772715,26.1526937833922],[-80.1483446770645,26.1524687829089],[-80.1481576783335,26.1521577829562],[-80.1481046776881,26.1521017830717],[-80.1481046785874,26.1520988773622],[-80.1481020004063,26.1520969995777],[-80.1481000003141,26.151226999927],[-80.1480879997607,26.1503210004147],[-80.1480776773423,26.1500447826415],[-80.1480676768811,26.1500227834256],[-80.148054677181,26.1499937820882],[-80.1480286768813,26.1499587822728],[-80.1479826765586,26.1499297827342],[-80.1479676767662,26.1499247834029],[-80.147925676628,26.1499127828495],[-80.1477606771129,26.1499147829418],[-80.1476916766289,26.1499157820885],[-80.1463163200415,26.1499488924283],[-80.1461776769576,26.1499507828033],[-80.1461739996297,26.1499189998628],[-80.1452429998639,26.1499620000471],[-80.1448659995656,26.1490009997972],[-80.1446549997278,26.1482189997079],[-80.1445799998665,26.147448000126],[-80.1445209998436,26.1456710000175],[-80.1444710002358,26.1438949999551],[-80.1444569995902,26.1435540004177],[-80.1444170004436,26.1425299999604],[-80.1444140003052,26.1424570001913],[-80.1444039998441,26.1421899995697],[-80.1443479999596,26.1403920002915],[-80.1442780003288,26.1386249997448],[-80.1442069997525,26.1368929999129],[-80.1442029995681,26.1367709996828],[-80.1451459998873,26.1367349998213],[-80.1450879999106,26.1350029999894],[-80.1450380003028,26.1332330002037],[-80.1440939999375,26.133258999604],[-80.1439939998225,26.131636000302],[-80.143926000284,26.1314600002797],[-80.1450259997494,26.1296769998945],[-80.1458659998154,26.1296369998485],[-80.1458659998154,26.1259790002315],[-80.1477680002923,26.1259469996552],[-80.1486450002659,26.1259129998859],[-80.1486040001738,26.1240209998701],[-80.1485559997589,26.1222900000843],[-80.1495299997091,26.1222690000152],[-80.1505039996592,26.1222479999461],[-80.1505299999588,26.1230239997586],[-80.150560000443,26.1239290001241],[-80.1505780003737,26.124931999613],[-80.1505999995896,26.1258570000014],[-80.1506829998199,26.1276269997871],[-80.150712000258,26.1295090002411],[-80.1507839999809,26.1313159999343],[-80.1508619999806,26.1330839996277],[-80.1509490003954,26.1348379995749],[-80.1509080003033,26.1365840000524],[-80.1509949998187,26.1365789998218],[-80.1509959998648,26.1367149997983],[-80.1510200000723,26.1384370000684],[-80.1510759999568,26.1402049997618],[-80.1511370000719,26.1420140004466],[-80.1511940000024,26.1437349997713],[-80.1512659997255,26.1454810002488],[-80.1513259997944,26.1472409995733],[-80.1513809996327,26.1490019998433],[-80.1514340002782,26.1507650002055],[-80.1515540004161,26.1516559999253],[-80.1543309998751,26.1515690004099],[-80.1543709999211,26.1537930004475],[-80.1543519999442,26.1557899999094],[-80.1529089999497,26.1550940001889],[-80.1528476589916,26.1550242541668],[-80.152838679261,26.1550107832219],[-80.1528166791457,26.1549647837986],[-80.1527916788922,26.1549097830609],[-80.1527846785694,26.1548827836144],[-80.1527796792382,26.1548557832687],[-80.1527766790998,26.1548287838222],[-80.1527756790537,26.1548007843296],[-80.1527766790998,26.1547737830845],[-80.1527796792382,26.1547457835919],[-80.1527766790998,26.1546077844226],[-80.1527096778087,26.154490784423],[-80.1522916792169,26.1542537833862],[-80.152265678018,26.1542087831097],[-80.1522326791941,26.1541617836403],[-80.1521946792404,26.1541187825566],[-80.1521536791483,26.1540777833639],[-80.1521086779725,26.154041782603],[-80.1520596793101,26.1540077837331],[-80.1520086778576,26.1539787832951],[-80.1519536780192,26.1539537839408],[-80.1518848933725,26.1539295642988],[-80.1518800001612,26.1539240001933],[-80.1518679195682,26.1539250937689],[-80.1518306777429,26.1539157830878],[-80.1517496794035,26.1539017833415],[-80.1516576778589,26.153897783157],[-80.1515876782281,26.1539017833415],[-80.1515366785742,26.1539087836643],[-80.1514626778596,26.1539257844483],[-80.1513916781827,26.1539497837564],[-80.1513436777678,26.1539707838255]]]]}},{"type":"Feature","id":"FL-12011-R043-2022","properties":{"state_po":"FL","county_fips":"12011","county_name":"Broward County","precinct_id":"R043","geometry_vintage":"2022"},"geometry":{"type":"MultiPolygon","coordinates":[[[[-80.1869139996807,26.1506640000445],[-80.1869179998652,26.1507969998825],[-80.1867870001193,26.1507989999748],[-80.1843179995753,26.1508689996055],[-80.1828009997657,26.1509200001587],[-80.1803469999135,26.1509709998127],[-80.1787049997353,26.1510340000199],[-80.1780490000606,26.1510570001813],[-80.1750169996342,26.1511770003192],[-80.1745610001893,26.1511790004114],[-80.1705680004122,26.1512570004111],[-80.16854000042,26.1512819997653],[-80.1683859996135,26.1512839998576],[-80.1698080004382,26.1479930000778],[-80.1703280001365,26.1444230000223],[-80.1701540002063,26.1366399999369],[-80.1701489999757,26.1364229998225],[-80.1743809999825,26.1364199996841],[-80.1743880003053,26.1365500002831],[-80.1744179998901,26.1370360002121],[-80.1779370002916,26.1370029995896],[-80.1779499999918,26.1382509995848],[-80.1779499999918,26.1383190000227],[-80.1784949999436,26.1383089995616],[-80.1784949999436,26.1383349998612],[-80.178498000082,26.1384699997915],[-80.1785059995516,26.1388009997672],[-80.1785069995977,26.1388330003435],[-80.1785040003587,26.1390199999739],[-80.178518000105,26.1397120004094],[-80.1785349999896,26.1409619995975],[-80.1785509998281,26.141665999687],[-80.1785640004276,26.1423590001686],[-80.1748710000959,26.1424390002605],[-80.1744880004202,26.1424530000068],[-80.1744959998898,26.1431590001886],[-80.1745400001203,26.1452450001575],[-80.1745450003508,26.1456360002021],[-80.178610999897,26.1455119998798],[-80.1826960003195,26.145412999811],[-80.1826330001122,26.1417570002862],[-80.184749999712,26.1416590002635],[-80.1857609995698,26.141623000402],[-80.1865990004429,26.1416129999409],[-80.1867520003039,26.1416119998947],[-80.1867470000734,26.142869000305],[-80.1868609999345,26.1467589998289],[-80.1868660001651,26.1489399996821],[-80.1869139996807,26.1506640000445]]]]}},{"type":"Feature","id":"FL-12011-R044-2022","properties":{"state_po":"FL","county_fips":"12011","county_name":"Broward County","precinct_id":"R044","geometry_vintage":"2022"},"geometry":{"type":"MultiPolygon","coordinates":[[[[-80.1605669996666,26.1642610002459],[-80.1605319998512,26.1641919997618],[-80.1604820002435,26.1640919996469],[-80.1617429999388,26.1624660002066],[-80.1617500002616,26.1624559997455],[-80.1618609999845,26.1622510001844],[-80.161886000238,26.1622619997923],[-80.1637920000002,26.158905999713],[-80.1671700001947,26.1513009997422],[-80.1675460004469,26.1512979996038],[-80.1678649998692,26.1512900001343],[-80.1683859996135,26.1512839998576],[-80.16854000042,26.1512819997653],[-80.1705680004122,26.1512570004111],[-80.1745610001893,26.1511790004114],[-80.1750169996342,26.1511770003192],[-80.1780490000606,26.1510570001813],[-80.1787049997353,26.1510340000199],[-80.1803469999135,26.1509709998127],[-80.1828009997657,26.1509200001587],[-80.1843179995753,26.1508689996055],[-80.1867870001193,26.1507989999748],[-80.1869206888381,26.1508017815779],[-80.1869166886536,26.1506687817397],[-80.1928606911673,26.1505917817861],[-80.1928876906138,26.1525207826089],[-80.1869620000955,26.1525750000371],[-80.1870169999339,26.1553149995884],[-80.1870299996341,26.155896000301],[-80.1870190000262,26.1580210002698],[-80.1868729995886,26.158023000362],[-80.1860900003526,26.1580370001083],[-80.1853349997098,26.1580519999007],[-80.1849140000804,26.1580610003158],[-80.1849160001726,26.1581619995775],[-80.1781340003832,26.1582079999001],[-80.1772009996258,26.1581360001771],[-80.1744349997747,26.1582219996465],[-80.1728410000115,26.158256000315],[-80.1707319998812,26.1583009996922],[-80.1653410003862,26.1585480002909],[-80.1652010002254,26.1585100003371],[-80.1647079999736,26.158499999876],[-80.1638760002766,26.160282000215],[-80.1624029997979,26.1625460002986],[-80.1609179996653,26.164729000244],[-80.1607180003348,26.1645120001296],[-80.1605669996666,26.1642610002459]]]]}},{"type":"Feature","id":"FL-12011-S001-2022","properties":{"state_po":"FL","county_fips":"12011","county_name":"Broward County","precinct_id":"S001","geometry_vintage":"2022"},"geometry":{"type":"MultiPolygon","coordinates":[[[[-80.1432850004018,26.0336420003789],[-80.1432840003557,26.0341060001926],[-80.1432949999636,26.0345219995915],[-80.1433030003325,26.0350080004197],[-80.1433139999405,26.0354619997723],[-80.1433149999866,26.0357600000249],[-80.1433109998022,26.0363650000456],[-80.1433279996868,26.0369879999971],[-80.1433329999173,26.037301000042],[-80.1433319998712,26.0377629997635],[-80.1433309998251,26.0382240003382],[-80.1433350000096,26.0386850000136],[-80.1433420003324,26.0391079997353],[-80.1433570001248,26.04100800012],[-80.1413110002018,26.0410819999352],[-80.1392280003712,26.0411270002118],[-80.1384270003052,26.0411440000964],[-80.1376189999162,26.0411650001655],[-80.1371750001255,26.0411779998657],[-80.1357100000158,26.0412230001422],[-80.1350789996954,26.0412339997501],[-80.1351450000411,26.0430990003195],[-80.135173000433,26.0438279997633],[-80.1351979997872,26.0445839995528],[-80.1352219999947,26.0453570001263],[-80.1353050002249,26.046163000423],[-80.1353600000633,26.0469620003969],[-80.1355000002242,26.0525190003524],[-80.1307679996428,26.0526669999829],[-80.1306790000352,26.052668000029],[-80.1306280003812,26.0488029998595],[-80.1301530000603,26.0355389997259],[-80.1303300001288,26.034789000213],[-80.1301029995531,26.033938999686],[-80.1348610004342,26.0338340002398],[-80.1349110000419,26.0338320001476],[-80.1410829995801,26.0336990003095],[-80.1432850004018,26.0336420003789]]]]}},{"type":"Feature","id":"FL-12011-S002-2022","properties":{"state_po":"FL","county_fips":"12011","county_name":"Broward County","precinct_id":"S002","geometry_vintage":"2022"},"geometry":{"type":"MultiPolygon","coordinates":[[[[-80.1295219997399,26.0598979997937],[-80.1275030001627,26.0604089999762],[-80.1273670001863,26.052869000305],[-80.127365000094,26.052748000121],[-80.1306790000352,26.052668000029],[-80.1307679996428,26.0526669999829],[-80.1355000002242,26.0525190003524],[-80.1353600000633,26.0469620003969],[-80.1353050002249,26.046163000423],[-80.1352219999947,26.0453570001263],[-80.1351979997872,26.0445839995528],[-80.135173000433,26.0438279997633],[-80.1351450000411,26.0430990003195],[-80.1350789996954,26.0412339997501],[-80.1357100000158,26.0412230001422],[-80.1371750001255,26.0411779998657],[-80.1376189999162,26.0411650001655],[-80.1384270003052,26.0411440000964],[-80.1392280003712,26.0411270002118],[-80.1413110002018,26.0410819999352],[-80.1433570001248,26.04100800012],[-80.1433580001709,26.0414620003719],[-80.1433689997789,26.0419250001395],[-80.1433760001017,26.0423780003453],[-80.1433919999402,26.0428739998361],[-80.1434079997787,26.0433579996728],[-80.1434170001937,26.0436050002714],[-80.1434210003782,26.0442589998538],[-80.1434239996173,26.0443499995537],[-80.1434340000784,26.044726999852],[-80.1434520000091,26.0454340000799],[-80.1434590003319,26.0459280003778],[-80.1434859997784,26.0467670003976],[-80.1435399995707,26.0487029997445],[-80.1435429997091,26.0487979996288],[-80.1436110001469,26.0505030000143],[-80.1436760004464,26.0523040003303],[-80.1437229999158,26.0540930000927],[-80.143765000054,26.055848000086],[-80.1438100003306,26.0571780002654],[-80.1438209999386,26.0576260002406],[-80.1438270002153,26.0580730001697],[-80.1438759997769,26.0592389999807],[-80.1438919996155,26.0595590003485],[-80.1413510002478,26.0595190003025],[-80.135599000293,26.0596059998179],[-80.1330319997264,26.0596649998407],[-80.1295219997399,26.0598979997937]]]]}},{"type":"Feature","id":"FL-12011-S003-2022","properties":{"state_po":"FL","county_fips":"12011","county_name":"Broward County","precinct_id":"S003","geometry_vintage":"2022"},"geometry":{"type":"MultiPolygon","coordinates":[[[[-80.1363770001977,26.0897820001401],[-80.1363289997829,26.0891319998428],[-80.1345210000434,26.0812770000344],[-80.131253000425,26.0816219997564],[-80.1312019998717,26.0812060003575],[-80.1312050000101,26.0810759997585],[-80.1308770001727,26.0781549999542],[-80.1308810003572,26.0754540004027],[-80.1312270001253,26.0743839996227],[-80.1320840000759,26.0744809995993],[-80.131943999915,26.0706480000061],[-80.1298509996233,26.070696000421],[-80.12959200027,26.0632000000808],[-80.1295219997399,26.0598979997937],[-80.1330319997264,26.0596649998407],[-80.135599000293,26.0596059998179],[-80.1413510002478,26.0595190003025],[-80.1438919996155,26.0595590003485],[-80.1438759997769,26.0592389999807],[-80.1438270002153,26.0580730001697],[-80.1438209999386,26.0576260002406],[-80.1438100003306,26.0571780002654],[-80.143765000054,26.055848000086],[-80.1437229999158,26.0540930000927],[-80.1436760004464,26.0523040003303],[-80.1436110001469,26.0505030000143],[-80.1435429997091,26.0487979996288],[-80.1435399995707,26.0487029997445],[-80.1434859997784,26.0467670003976],[-80.1434590003319,26.0459280003778],[-80.1434520000091,26.0454340000799],[-80.1434340000784,26.044726999852],[-80.1434239996173,26.0443499995537],[-80.1434210003782,26.0442589998538],[-80.1434170001937,26.0436050002714],[-80.1434079997787,26.0433579996728],[-80.1433919999402,26.0428739998361],[-80.1433760001017,26.0423780003453],[-80.1433689997789,26.0419250001395],[-80.1433580001709,26.0414620003719],[-80.1433570001248,26.04100800012],[-80.1433420003324,26.0391079997353],[-80.1433350000096,26.0386850000136],[-80.1433309998251,26.0382240003382],[-80.1433319998712,26.0377629997635],[-80.1433329999173,26.037301000042],[-80.1433279996868,26.0369879999971],[-80.1433109998022,26.0363650000456],[-80.1433149999866,26.0357600000249],[-80.1433139999405,26.0354619997723],[-80.1433030003325,26.0350080004197],[-80.1432949999636,26.0345219995915],[-80.1432840003557,26.0341060001926],[-80.1432850004018,26.0336420003789],[-80.1453219999097,26.0336160000792],[-80.1476140003851,26.033573999941],[-80.1495600001932,26.0335299997106],[-80.1498069998925,26.0335260004255],[-80.150024000007,26.0335230002871],[-80.1514039997941,26.0334959999413],[-80.1514249998632,26.0342090004459],[-80.1514360003704,26.0349220000512],[-80.1514579995863,26.0356470002098],[-80.1514730002781,26.0363949996304],[-80.1514940003471,26.0371510003193],[-80.1515150004163,26.0378959996016],[-80.1515379996783,26.0386340003597],[-80.1515559996091,26.0393609997112],[-80.1515769996781,26.0400920001466],[-80.1515939995627,26.0408239997287],[-80.1516080002084,26.041545999749],[-80.1516260001391,26.0419310004162],[-80.1516209999086,26.0422639995848],[-80.1516589998623,26.0429929999279],[-80.1516719995625,26.043682000225],[-80.1516979998622,26.0446200003136],[-80.1517119996084,26.045302000288],[-80.1517280003463,26.0459939998241],[-80.151736999862,26.0464700001912],[-80.1558269996157,26.0463380003993],[-80.1558450004458,26.0468679996594],[-80.1558739999845,26.0482080002998],[-80.1600399996456,26.0480730003695],[-80.1622160001676,26.0480379996548],[-80.1624710002358,26.0480330003236],[-80.1634539997017,26.0479809997242],[-80.1659800001762,26.0478649997708],[-80.1676269996856,26.0478360002321],[-80.1676119998932,26.0479570004161],[-80.1659869995997,26.0480039998856],[-80.1624389996595,26.0482890004379],[-80.1621879997757,26.0519940004236],[-80.1627299995891,26.0577010001019],[-80.1641050000451,26.0626239995988],[-80.163831,26.0626249996449],[-80.1635010000704,26.0626279997832],[-80.1635529997705,26.0628930003126],[-80.1629200002571,26.0628720002435],[-80.1609680001724,26.062939999782],[-80.1604840003357,26.0628009996673],[-80.1591469998335,26.0630320004274],[-80.1587349997198,26.0630620000122],[-80.1588149998117,26.0631690004499],[-80.1600310001299,26.0647210000749],[-80.1605109997822,26.0647090004209],[-80.1624280000515,26.0646399999369],[-80.1624550003973,26.0657400003017],[-80.1625539995668,26.0671260003655],[-80.1635280004162,26.0677680002938],[-80.1635030001627,26.0650410004427],[-80.1640340003682,26.0649770001893],[-80.1650670003411,26.0669830000663],[-80.1652630003865,26.0677270002018],[-80.1653829996251,26.0681499999234],[-80.1654409996018,26.0683579996228],[-80.165745000131,26.068358999669],[-80.1659909997842,26.068358999669],[-80.1664389997594,26.0697200003786],[-80.1664999998744,26.0699009997322],[-80.1666020000816,26.0702020001231],[-80.1676150000316,26.0722789996769],[-80.168248999591,26.0746969996676],[-80.1690000000493,26.0746029998294],[-80.1693069998175,26.0745629997835],[-80.1696070001623,26.0754959996415],[-80.1696329995626,26.0756110004482],[-80.1697119996085,26.0759570002163],[-80.1697389999542,26.0760730001697],[-80.1700200003221,26.0773149998882],[-80.1704630000667,26.0793740004107],[-80.1701649998142,26.0793749995574],[-80.1689539997266,26.0793730003646],[-80.1689500004415,26.0806049996219],[-80.1689329996576,26.0808310001514],[-80.1686370003966,26.0808340002898],[-80.1669299999189,26.0808750003818],[-80.1615079998936,26.0809989998049],[-80.1607459998274,26.0809959996665],[-80.1607520001041,26.0810739996662],[-80.1598039995543,26.0810949997353],[-80.1586840000659,26.081132999689],[-80.1585229998359,26.0811349997813],[-80.1581240003217,26.081141000058],[-80.1577829998849,26.0811549998042],[-80.157591000024,26.0811699995967],[-80.156922999796,26.0811870003806],[-80.1568530001651,26.0812260003805],[-80.1566220003044,26.0812250003344],[-80.1566529999353,26.081475000172],[-80.1527350000196,26.081465999757],[-80.1454899995632,26.0814990003794],[-80.1417269996007,26.0815079998952],[-80.1404960003895,26.0815170003102],[-80.140492000205,26.081465999757],[-80.139803999954,26.0814629996186],[-80.1397860000232,26.0814629996186],[-80.139763999908,26.0813610003108],[-80.1396029996781,26.0813449995729],[-80.1396500000468,26.0814629996186],[-80.139479000255,26.081455000149],[-80.1385220001895,26.0814360001721],[-80.1385149998667,26.0814629996186],[-80.1385099996361,26.0814859997799],[-80.1384769999129,26.0816120001945],[-80.1373880000555,26.0816330002636],[-80.1367209998736,26.081638999641],[-80.1362539999215,26.0816399996871],[-80.1363040004286,26.0836119997948],[-80.1363329999673,26.08443399993],[-80.1363829995751,26.0862520001306],[-80.1364160001976,26.0872090001961],[-80.1364370002667,26.0878930002626],[-80.136460000428,26.088626999937],[-80.1365370003816,26.0890990001196],[-80.1363770001977,26.0897820001401]]]]}},{"type":"Feature","id":"FL-12011-S004-2022","properties":{"state_po":"FL","county_fips":"12011","county_name":"Broward County","precinct_id":"S004","geometry_vintage":"2022"},"geometry":{"type":"MultiPolygon","coordinates":[[[[-80.1814729996785,26.0496100002022],[-80.1814610000245,26.0475260003255],[-80.1823810001824,26.0474969998875],[-80.1823939998825,26.0511809998042],[-80.1828449999961,26.0512280001729],[-80.1828476853717,26.0512327566872],[-80.1843676853198,26.0512037571485],[-80.1844636852502,26.0511637562032],[-80.1844929995516,26.0511150003579],[-80.1844939995977,26.0496819999252],[-80.1844809998976,26.0492459996041],[-80.1863266857273,26.0491937561878],[-80.1863139998905,26.0495320002025],[-80.18630899966,26.0510500000583],[-80.1874300000938,26.0510199995742],[-80.1874199996326,26.0547420003439],[-80.1864059996365,26.0547790002515],[-80.186419000236,26.055219999904],[-80.1863420002824,26.0585850003983],[-80.1875320003009,26.0595489998873],[-80.1874490000706,26.0617269996022],[-80.1906150003813,26.0618489998324],[-80.1905900001278,26.0624169999455],[-80.1905829998049,26.0625570001063],[-80.1916919996854,26.0626069997141],[-80.1926420003274,26.0626560001751],[-80.1934950000935,26.0626889998983],[-80.1936289999777,26.0677110003633],[-80.1906029998279,26.0678620001321],[-80.1842289999677,26.0678450002474],[-80.1825129999743,26.0679210001549],[-80.1787839997811,26.0679650003854],[-80.1786089998049,26.0679479996014],[-80.1739279997767,26.0680230003621],[-80.1695229998859,26.0680990002695],[-80.1695500002317,26.0690100000124],[-80.1706729998584,26.0690170003352],[-80.1706869996047,26.0699769996397],[-80.1697319996314,26.0699609998012],[-80.1686659999353,26.0699759995936],[-80.1686950003733,26.0703689997304],[-80.169746000277,26.0703509997997],[-80.1706620002504,26.0703430003301],[-80.1707440004346,26.0736180002714],[-80.1707620003654,26.0745520001755],[-80.1693069998175,26.0745629997835],[-80.1690000000493,26.0746029998294],[-80.168248999591,26.0746969996676],[-80.1676150000316,26.0722789996769],[-80.1666020000816,26.0702020001231],[-80.1664999998744,26.0699009997322],[-80.1664389997594,26.0697200003786],[-80.1659909997842,26.068358999669],[-80.165745000131,26.068358999669],[-80.1654409996018,26.0683579996228],[-80.1653829996251,26.0681499999234],[-80.1652630003865,26.0677270002018],[-80.1650670003411,26.0669830000663],[-80.1640340003682,26.0649770001893],[-80.1635030001627,26.0650410004427],[-80.1635280004162,26.0677680002938],[-80.1625539995668,26.0671260003655],[-80.1624550003973,26.0657400003017],[-80.1624280000515,26.0646399999369],[-80.1605109997822,26.0647090004209],[-80.1600310001299,26.0647210000749],[-80.1588149998117,26.0631690004499],[-80.1587349997198,26.0630620000122],[-80.1591469998335,26.0630320004274],[-80.1604840003357,26.0628009996673],[-80.1609680001724,26.062939999782],[-80.1629200002571,26.0628720002435],[-80.1635529997705,26.0628930003126],[-80.1635010000704,26.0626279997832],[-80.163831,26.0626249996449],[-80.1641050000451,26.0626239995988],[-80.1627299995891,26.0577010001019],[-80.1621879997757,26.0519940004236],[-80.1624389996595,26.0482890004379],[-80.1659869995997,26.0480039998856],[-80.1676119998932,26.0479570004161],[-80.1676269996856,26.0478360002321],[-80.169169999795,26.0477679997942],[-80.1701879999756,26.0477279997482],[-80.1711769997181,26.0477119999097],[-80.1715829995551,26.0477099998175],[-80.1741330002371,26.0476170000254],[-80.1741300000988,26.0477560001402],[-80.1741419997528,26.0481369997236],[-80.1741500001218,26.0490699995817],[-80.1763689999287,26.0490030000893],[-80.1782609999445,26.0489419999742],[-80.178305000175,26.0476260004405],[-80.1792650003788,26.0475980000485],[-80.1792840003557,26.048727999998],[-80.1809020003264,26.0486780003903],[-80.1809126842723,26.0496317566012],[-80.1814729996785,26.0496100002022]],[[-80.1727179997353,26.0477899999095],[-80.1721899996681,26.0478089998863],[-80.1722109997372,26.0487170003901],[-80.1732289999177,26.0486849998138],[-80.1727179997353,26.0477899999095]]]]}},{"type":"Feature","id":"FL-12011-S005-2022","properties":{"state_po":"FL","county_fips":"12011","county_name":"Broward County","precinct_id":"S005","geometry_vintage":"2022"},"geometry":{"type":"MultiPolygon","coordinates":[[[[-80.1838016861982,26.0842127658074],[-80.1826126853265,26.0841227652543],[-80.1826311367169,26.0841043480381],[-80.1827259999043,26.0840029998395],[-80.1813050000251,26.083835000186],[-80.1813100002557,26.0835260003256],[-80.1813120003479,26.0833870002108],[-80.1832030003176,26.0835719997489],[-80.1844086863112,26.0836307650487],[-80.1845756859185,26.0835577652795],[-80.1846916858719,26.0835187652797],[-80.1847216863561,26.0835087648185],[-80.1847946861252,26.0834867647033],[-80.1848676858943,26.0834657646342],[-80.1849406865628,26.0834467646573],[-80.1850869999644,26.0834110004182],[-80.1850586866084,26.0827977653055],[-80.1847359999658,26.0827959999363],[-80.1844589997824,26.0827969999825],[-80.1812890001866,26.0828119997748],[-80.1810550001874,26.0828180000515],[-80.1810530018939,26.0771498124148],[-80.1810556845715,26.0771497638514],[-80.1812436851473,26.0771467628138],[-80.1815216853768,26.0771437626754],[-80.1823086856966,26.0771507638975],[-80.182383685558,26.0771517639436],[-80.1825146853038,26.0771407634364],[-80.1825966863873,26.077134764059],[-80.1826506852802,26.0770957640591],[-80.1826520954172,26.0770910318265],[-80.1847040002887,26.0771070001888],[-80.1848040004036,26.0753209996653],[-80.1852579997562,26.0749790000817],[-80.1853139996407,26.0727099997675],[-80.1869549997728,26.0718289996095],[-80.1892620000406,26.0713910000954],[-80.1892589999023,26.0712770002343],[-80.1911719999871,26.0711750000271],[-80.1911469997336,26.0702319997079],[-80.1911459996875,26.0699690001701],[-80.1925499996821,26.0699360004469],[-80.1952389995795,26.0700019998932],[-80.1951760002715,26.0680709998776],[-80.1951720000871,26.0677019999482],[-80.1950439995803,26.0627639997597],[-80.1963329996676,26.0628130002207],[-80.1979450002609,26.0628900001743],[-80.1979620001455,26.0627409995983],[-80.1980739999145,26.0618119999247],[-80.1982340000984,26.0618279997632],[-80.1983679999826,26.0618400003166],[-80.1982520000291,26.0627520001056],[-80.1982780003288,26.0627530001517],[-80.1982639996832,26.0629049999666],[-80.1996820003234,26.0629579997128],[-80.1996840004156,26.0627829997365],[-80.1999459999073,26.0612720002035],[-80.2001959997449,26.060771999629],[-80.1982039996142,26.0607280002978],[-80.1984049998902,26.0590930004425],[-80.1984900002127,26.0583749997073],[-80.198806000396,26.0557059998329],[-80.1997279997468,26.0556740001559],[-80.2009440000649,26.055666999833],[-80.2009490002954,26.0556330000638],[-80.2009749996958,26.0554430002951],[-80.2011070003871,26.0546349999062],[-80.1989309998651,26.0546869996062],[-80.1989760001416,26.054218999608],[-80.1985969997511,26.0542379995849],[-80.1982560002136,26.0542520002305],[-80.1967809996428,26.054268000069],[-80.1967330001272,26.0506790000367],[-80.1951449997413,26.0507190000827],[-80.1946229999508,26.0507390001056],[-80.194653000435,26.0471120001196],[-80.1954619999707,26.0470770003042],[-80.1954589998323,26.0474739997262],[-80.1956790000851,26.0474670003027],[-80.1956769999929,26.0470740001658],[-80.1961979997373,26.0470699999814],[-80.1967970003806,26.0470289998893],[-80.1985389997744,26.0469639995898],[-80.1987539997966,26.0469580002124],[-80.1989000002342,26.0469540000279],[-80.1990489999108,26.0469499998435],[-80.199080000441,26.0469489997974],[-80.1995159998629,26.046963000443],[-80.2008019998118,26.0469249995899],[-80.2025009999206,26.046934000005],[-80.2032900003326,26.0469570001663],[-80.2038560003535,26.046975000097],[-80.2039270000304,26.046975000097],[-80.2041420000526,26.0469770001893],[-80.2042139997756,26.0469780002354],[-80.2042830002596,26.0469780002354],[-80.2044930000512,26.0469800003276],[-80.204562999682,26.0469810003738],[-80.2047850000271,26.0469699998665],[-80.2047569996351,26.0478770003242],[-80.2033179998252,26.047876000278],[-80.2033850002169,26.0502409996233],[-80.2036040004236,26.0522440002613],[-80.206060000368,26.0521759998234],[-80.2061209995838,26.0534579995879],[-80.2067020002964,26.0534469999799],[-80.2069690000187,26.0544510004142],[-80.2055229998859,26.0544999999759],[-80.2055789997704,26.0561539998081],[-80.2070150003414,26.0560939997392],[-80.2068990003879,26.0571970002422],[-80.2069360002955,26.0585190000527],[-80.2066200001123,26.0596500000483],[-80.2066159999278,26.0602249995849],[-80.2065680004122,26.0602269996772],[-80.2066349999047,26.062776000313],[-80.2066400001352,26.0629470001048],[-80.2058699997001,26.0629450000126],[-80.2054090000247,26.062908000105],[-80.2053489999557,26.0629009997822],[-80.2051689997489,26.0628839998976],[-80.2051089996799,26.0628779996209],[-80.2050919997953,26.0628769995748],[-80.2050430002336,26.0628769995748],[-80.2050270003951,26.0628769995748],[-80.2049129996346,26.0628750003818],[-80.2049009999805,26.0628750003818],[-80.2049159997729,26.0634360001721],[-80.2053970003706,26.063425999711],[-80.2053960003245,26.0633919999417],[-80.2053950002784,26.0633469996652],[-80.2053940002323,26.063322000311],[-80.2059236919242,26.0633127588776],[-80.2059479996998,26.0643390004454],[-80.2070090000647,26.0646599999599],[-80.2070750004103,26.0662420000691],[-80.2025670002662,26.0677349996714],[-80.2020719999222,26.0686709996678],[-80.2009100002956,26.070961000051],[-80.2032440000099,26.0709220000511],[-80.2032280001714,26.0703450004223],[-80.205796999931,26.0703010001919],[-80.2058349998847,26.0717420000941],[-80.2067050004348,26.0717319996329],[-80.206658000066,26.0718949999551],[-80.2066129997895,26.0720439996318],[-80.2054560003934,26.0720610004157],[-80.205472000232,26.0726929998829],[-80.2001310003448,26.0727820003899],[-80.1992130002791,26.0747470001748],[-80.1979319996614,26.076663000398],[-80.195374999556,26.0777239998636],[-80.1928120000731,26.0781699997466],[-80.1865000003741,26.080523000337],[-80.1858700000998,26.0838219995865],[-80.1858880000305,26.0841379997697],[-80.1859229998459,26.0846930001827],[-80.1842506862195,26.0848887664043],[-80.1843399996906,26.0851909997657],[-80.1844120003129,26.085426999857],[-80.1840610003143,26.0854599995802],[-80.182925000088,26.0855870000409],[-80.1828696117425,26.0855903922837],[-80.1828916856022,26.0860867658924],[-80.18290768634,26.0861697652234],[-80.1829157397689,26.0866124762856],[-80.1826616857875,26.0871357657039],[-80.1824486849582,26.0871607659574],[-80.1824339828414,26.0874685589277],[-80.182304969698,26.0874674275806],[-80.182103999999,26.0874610001259],[-80.1812530003251,26.0874539998031],[-80.1813110003018,26.089173999981],[-80.1791529997105,26.0907639995598],[-80.1778930000613,26.0912769998346],[-80.1759759997919,26.0914279996034],[-80.1759030000228,26.091412999811],[-80.1758619999307,26.0887540003977],[-80.1758549996079,26.0885249997298],[-80.176745000181,26.0885249997298],[-80.1767329996276,26.0881100003771],[-80.1767220000197,26.0881110004232],[-80.1767220000197,26.0881389999158],[-80.1757829998848,26.0881620000771],[-80.1751676837409,26.0881817662764],[-80.1751573523293,26.0879191300647],[-80.1751486837641,26.0876987655864],[-80.1748087751042,26.0877838153717],[-80.1739656831691,26.087994766646],[-80.1739540000764,26.0874519997109],[-80.1725409996668,26.0878120001246],[-80.1721959999448,26.0879009997322],[-80.1710449999262,26.0881979999386],[-80.1710449999262,26.0882410001229],[-80.1698919998153,26.0885400004216],[-80.1697820001385,26.0885679999141],[-80.1697410000465,26.0885799995682],[-80.1697240001618,26.0885809996143],[-80.1695870001393,26.0886059998679],[-80.1693980004167,26.0886399996372],[-80.1693930001862,26.0884020003529],[-80.1693819996789,26.08805999987],[-80.1693570003246,26.0869249996899],[-80.1692489998408,26.0822829996616],[-80.1692459997025,26.0820279995934],[-80.1689329996576,26.0808310001514],[-80.1689500004415,26.0806049996219],[-80.1689539997266,26.0793730003646],[-80.1701649998142,26.0793749995574],[-80.1704630000667,26.0793740004107],[-80.1700200003221,26.0773149998882],[-80.1697389999542,26.0760730001697],[-80.1697119996085,26.0759570002163],[-80.1696329995626,26.0756110004482],[-80.1696070001623,26.0754959996415],[-80.1693069998175,26.0745629997835],[-80.1707620003654,26.0745520001755],[-80.1707440004346,26.0736180002714],[-80.1706620002504,26.0703430003301],[-80.169746000277,26.0703509997997],[-80.1686950003733,26.0703689997304],[-80.1686659999353,26.0699759995936],[-80.1697319996314,26.0699609998012],[-80.1706869996047,26.0699769996397],[-80.1706729998584,26.0690170003352],[-80.1695500002317,26.0690100000124],[-80.1695229998859,26.0680990002695],[-80.1739279997767,26.0680230003621],[-80.1786089998049,26.0679479996014],[-80.1787839997811,26.0679650003854],[-80.1786659997355,26.0698730002396],[-80.1786970002657,26.0715650000256],[-80.1784679995979,26.0715650000256],[-80.1760680004372,26.0715650000256],[-80.1747370002117,26.0715650000256],[-80.174780000396,26.0735449996029],[-80.1746489997509,26.0735449996029],[-80.1746020002814,26.0772179999116],[-80.1747720000271,26.0772139997272],[-80.1747859997734,26.0751129999658],[-80.1765710002508,26.0750780001505],[-80.1770150000415,26.0748759998284],[-80.1778350000845,26.074892999713],[-80.1777960000847,26.0751390002655],[-80.1778400003151,26.0771569997965],[-80.1804779996593,26.077140999958],[-80.1807810001424,26.0798380002244],[-80.1808230002806,26.0834709995879],[-80.1808519998193,26.0834739997262],[-80.1808119997733,26.0837689998403],[-80.1804340003282,26.0847100000673],[-80.1803120000981,26.0848350004358],[-80.1800570000299,26.0850969999275],[-80.179977999984,26.0851810002039],[-80.1799870003991,26.0855649999257],[-80.1800230002606,26.0855469999949],[-80.1800780000989,26.085506999949],[-80.180129999799,26.0854520001106],[-80.1802239996372,26.0853540000879],[-80.1803380003977,26.0853390002955],[-80.1804759995671,26.0853190002725],[-80.1816040003237,26.0851810002039],[-80.1817140000005,26.0851689996505],[-80.1837027769609,26.0849459839708],[-80.1837046862216,26.0849457654356],[-80.1837016860833,26.0849307647439],[-80.1836956858066,26.0848967658739],[-80.1836916856221,26.0848667653898],[-80.183689942736,26.0848580491605],[-80.1836896864292,26.084856765828],[-80.1836874588085,26.0848344986141],[-80.1836856862448,26.084816765782],[-80.1836854164482,26.0848128546304],[-80.1836836861526,26.084787765344],[-80.1836824909535,26.0847560930201],[-80.1836836870519,26.0847987271804],[-80.1836828695681,26.0847711737516],[-80.1836821770901,26.0847477608014],[-80.1836816860603,26.0847347646985],[-80.1836816860603,26.0847302168269],[-80.183681263379,26.0847123302107],[-80.1836810268572,26.0846999771231],[-80.1836840899481,26.0846476221909],[-80.1836853229187,26.0846277327845],[-80.1836859641353,26.0846184014189],[-80.1836866862909,26.0846057659442],[-80.1836869569868,26.08460398079],[-80.1836871341533,26.0846013556689],[-80.1836908438567,26.0845761368801],[-80.1836929833439,26.0845615831514],[-80.1836991212168,26.0845210048414],[-80.1837020413155,26.0845027773822],[-80.1837036007399,26.0844963103573],[-80.1837036861755,26.0844957653682],[-80.1837043148016,26.084493332702],[-80.1837064623827,26.0844844599907],[-80.1837247950626,26.0844088809659],[-80.1837441619629,26.0843508297279],[-80.18374704429,26.0843422582894],[-80.1837546858295,26.0843187652997],[-80.1837558702366,26.0843160025823],[-80.1837569080542,26.0843129143104],[-80.1837637905658,26.0842975188163],[-80.1838009145799,26.084214490707],[-80.1838015800782,26.0842129951345],[-80.1838016556213,26.0842129960338],[-80.1838016861982,26.0842127658074]]],[[[-80.2070409997417,26.0489500003431],[-80.2050339998186,26.0479659999318],[-80.2050106920891,26.0479447552472],[-80.2050006907286,26.047923755178],[-80.2049956913974,26.0478977557777],[-80.2049966914435,26.0478817559391],[-80.2050156914204,26.0478387557549],[-80.2050336913511,26.0478207558241],[-80.2050500716028,26.0478133103369],[-80.2050776906822,26.0478007558011],[-80.2052276913042,26.0477877552016],[-80.2051394920932,26.046963824222],[-80.2051400002102,26.0469590002585],[-80.2060519999991,26.046893999959],[-80.2060869998145,26.047238999681],[-80.2060960002296,26.0473359996575],[-80.2070059999263,26.0472599997501],[-80.2069979995574,26.0471799996581],[-80.2069960003645,26.0471649998657],[-80.2069930002261,26.0471310000964],[-80.2069589995575,26.0468050003514],[-80.2078130002691,26.0467050002364],[-80.2078636923549,26.0471797559418],[-80.2076806920096,26.0478757556625],[-80.2074916922871,26.0481577551771],[-80.2075576917334,26.0481897557535],[-80.2070409997417,26.0489500003431]]]]}},{"type":"Feature","id":"FL-12011-T001-2022","properties":{"state_po":"FL","county_fips":"12011","county_name":"Broward County","precinct_id":"T001","geometry_vintage":"2022"},"geometry":{"type":"MultiPolygon","coordinates":[[[[-80.1961320002909,26.0865009999221],[-80.1943340001134,26.0854859998798],[-80.1942236892712,26.0854567647188],[-80.194167771225,26.085434919287],[-80.1940666892257,26.0854497652953],[-80.1939456890416,26.0854297652723],[-80.193795689319,26.0854117653416],[-80.1936286888123,26.0854207657566],[-80.1935606892737,26.0854377647419],[-80.1935256876597,26.0854437659179],[-80.1932926877067,26.0854947646725],[-80.1931386877995,26.085547765318],[-80.1929836878463,26.0856497646258],[-80.1928686888383,26.085659765087],[-80.1924270003051,26.0858620001321],[-80.1905940003122,26.0869180002664],[-80.1889950003184,26.0871809998042],[-80.1889916881153,26.087076765681],[-80.1886666884163,26.0871147656348],[-80.1882476870804,26.0872037661418],[-80.1881256868503,26.0871927656345],[-80.1880816884185,26.087176765796],[-80.1878036872897,26.0872147657497],[-80.1874386866454,26.0872647662569],[-80.1867593018996,26.0873567516137],[-80.1863582429379,26.0874161653247],[-80.1852357046634,26.0875654159121],[-80.1844566858267,26.0875907660019],[-80.1844539995518,26.0875859995951],[-80.1840906860357,26.087326766418],[-80.1840576863125,26.0867697659128],[-80.1840735251724,26.086583653014],[-80.184447686311,26.0856567658479],[-80.1844396859421,26.0854347646036],[-80.1844120003129,26.085426999857],[-80.1843399996906,26.0851909997657],[-80.1842506862195,26.084888765505],[-80.1859229998459,26.0846930001827],[-80.1858880000305,26.0841379997697],[-80.1858700000998,26.0838219995865],[-80.1865000003741,26.080523000337],[-80.1928120000731,26.0781699997466],[-80.195374999556,26.0777239998636],[-80.195718000085,26.0832690001651],[-80.1991439997951,26.0825320003524],[-80.2015760004314,26.0824900002142],[-80.203062999757,26.0815370003332],[-80.2037649997543,26.0797010002018],[-80.2046389995895,26.0784659999068],[-80.2029540001263,26.084018999678],[-80.2026850003119,26.0849430000203],[-80.2026090004044,26.0852160000193],[-80.2025789999203,26.085325999696],[-80.2017169997391,26.0880320003774],[-80.200945000111,26.0913450002724],[-80.2006330001122,26.0913680004337],[-80.2008379996733,26.0878180004013],[-80.1961320002909,26.0865009999221]]]]}},{"type":"Feature","id":"FL-12011-T002-2022","properties":{"state_po":"FL","county_fips":"12011","county_name":"Broward County","precinct_id":"T002","geometry_vintage":"2022"},"geometry":{"type":"MultiPolygon","coordinates":[[[[-80.2034220001245,26.0893380003493],[-80.2027329998274,26.0916530000868],[-80.2012386908123,26.0912827662875],[-80.2012097236492,26.0916353670794],[-80.201178000064,26.091635000156],[-80.2009430000188,26.0916410004327],[-80.2006669998815,26.0916479998562],[-80.2006330001122,26.0913680004337],[-80.200945000111,26.0913450002724],[-80.2017169997391,26.0880320003774],[-80.2025789999203,26.085325999696],[-80.2026090004044,26.0852160000193],[-80.2026850003119,26.0849430000203],[-80.2029540001263,26.084018999678],[-80.2046389995895,26.0784659999068],[-80.2056260001391,26.0752809996193],[-80.2066129997895,26.0720439996318],[-80.206658000066,26.0718949999551],[-80.2067050004348,26.0717319996329],[-80.2071890002715,26.0701070002387],[-80.2077500000618,26.0682819997154],[-80.2078880001304,26.0662309995619],[-80.2078209997387,26.0646799999829],[-80.2077560003384,26.0629460000587],[-80.2077500000618,26.0627570003361],[-80.2076679998776,26.0602370001383],[-80.207610999947,26.0585000000758],[-80.2075689998088,26.0571800003576],[-80.2075329999473,26.0560729996701],[-80.2074820002934,26.0544349996763],[-80.2074659995556,26.0539610003008],[-80.2076540001314,26.0539610003008],[-80.2148809997577,26.0537660003016],[-80.2153129998944,26.065308000165],[-80.215480000401,26.0653019998883],[-80.2154920000551,26.0655650003254],[-80.2153220003094,26.0655689996105],[-80.2153240004017,26.0657709999326],[-80.2153269996406,26.0660599997701],[-80.2157349995699,26.0773190000727],[-80.216007000422,26.0844929999529],[-80.2164350003743,26.0906440003212],[-80.2164700001897,26.0909770003891],[-80.2165389997743,26.0916629996486],[-80.215906000261,26.0915030003641],[-80.2107629996121,26.0902199996541],[-80.2020400002452,26.0881139996623],[-80.2019319997613,26.0884780002604],[-80.2035620002854,26.0888749996824],[-80.2034220001245,26.0893380003493]]]]}},{"type":"Feature","id":"FL-12011-T003-2022","properties":{"state_po":"FL","county_fips":"12011","county_name":"Broward County","precinct_id":"T003","geometry_vintage":"2022"},"geometry":{"type":"MultiPolygon","coordinates":[[[[-80.2168677370558,26.0888126290005],[-80.2168650004188,26.0888080001899],[-80.2185869997896,26.083096000281],[-80.2181819999986,26.0831530002117],[-80.216858000096,26.0827220001211],[-80.2167020000966,26.0825490002371],[-80.2164979996823,26.0786939996293],[-80.2180150003913,26.0792170003651],[-80.2186960003195,26.0772600000498],[-80.2241770003676,26.0771670002577],[-80.2317549999926,26.0769550003739],[-80.2317069995777,26.0770910003503],[-80.2306429999738,26.0807399995522],[-80.2296950003234,26.0838580003473],[-80.2290989998183,26.0857710004322],[-80.2274140003552,26.0914760000182],[-80.2270040003337,26.0929280004278],[-80.2269299996191,26.0931960001961],[-80.2268420000576,26.0935080001949],[-80.2266979997123,26.0938129998709],[-80.2266110001968,26.0941300001003],[-80.2188690002035,26.0922240003382],[-80.2168370000269,26.0917170003402],[-80.2165389997743,26.0916629996486],[-80.2164700001897,26.0909770003891],[-80.2164350003743,26.0906440003212],[-80.2167420001425,26.0907079996753],[-80.2182508314101,26.0910507349043],[-80.2182519996295,26.0910510002043],[-80.2179908652856,26.0907110312899],[-80.2179896961669,26.0907107659899],[-80.2177856957526,26.0906537660593],[-80.2176806963064,26.0906137660134],[-80.2175786960993,26.0905477656677],[-80.2174986960073,26.0904657663829],[-80.2170206964473,26.0897237663396],[-80.2169466948334,26.0896187650948],[-80.2169276948566,26.0895737657176],[-80.2168756960559,26.0894467661562],[-80.2168476956639,26.0891447657192],[-80.2168406962405,26.0889997653278],[-80.216867695687,26.0888127656975],[-80.2168677370558,26.0888126290005]]]]}},{"type":"Feature","id":"FL-12011-T004-2022","properties":{"state_po":"FL","county_fips":"12011","county_name":"Broward County","precinct_id":"T004","geometry_vintage":"2022"},"geometry":{"type":"MultiPolygon","coordinates":[[[[-80.2171443388395,26.0878814115987],[-80.2168650004188,26.0888080001899],[-80.2168677370558,26.0888126290005],[-80.216867695687,26.0888127656975],[-80.2168406962405,26.0889997653278],[-80.2168476956639,26.0891447657192],[-80.2168756960559,26.0894467661562],[-80.2169276948566,26.0895737657176],[-80.2169466948334,26.0896187650948],[-80.2170206964473,26.0897237663396],[-80.2174986960073,26.0904657663829],[-80.2175786960993,26.0905477656677],[-80.2176806963064,26.0906137660134],[-80.2177856957526,26.0906537660593],[-80.2179896961669,26.0907107659899],[-80.2182508314101,26.0910507349043],[-80.2167420001425,26.0907079996753],[-80.2164350003743,26.0906440003212],[-80.216007000422,26.0844929999529],[-80.2157349995699,26.0773190000727],[-80.2153269996406,26.0660599997701],[-80.2153240004017,26.0657709999326],[-80.2153220003094,26.0655689996105],[-80.2154920000551,26.0655650003254],[-80.215480000401,26.0653019998883],[-80.2153129998944,26.065308000165],[-80.2148809997577,26.0537660003016],[-80.2150589998723,26.0537610000709],[-80.2154210003782,26.0537509996098],[-80.2151670003561,26.0467559998904],[-80.2151600000333,26.0464639999145],[-80.2169020003264,26.0464730003296],[-80.2169780002339,26.0464690001451],[-80.21841800009,26.046458999684],[-80.2212799998714,26.0463609996613],[-80.2235429999089,26.0463019996384],[-80.2249059998114,26.0462600003996],[-80.2269000000343,26.0462029995696],[-80.2276339997086,26.0461879997773],[-80.2287849997273,26.0461430004],[-80.2315100003855,26.0460660004464],[-80.231931000015,26.0605249999297],[-80.2320340002682,26.0630250001045],[-80.2320649998992,26.0639280003778],[-80.2321029998529,26.0649119998898],[-80.2321110002218,26.0650900000044],[-80.2321270000604,26.0654559997954],[-80.2321399997605,26.0657620004168],[-80.2322009998756,26.0676100002022],[-80.23220500006,26.0678260002705],[-80.232245000106,26.0693949997803],[-80.232245000106,26.06942100008],[-80.2322490002905,26.0698619997324],[-80.232285000152,26.0707740004207],[-80.2323080003133,26.0716700003711],[-80.2323379998981,26.0725689995605],[-80.2323379998981,26.0731110002733],[-80.2323650002439,26.0739870002008],[-80.2319380003378,26.0763189998228],[-80.2317549999926,26.0769550003739],[-80.2241770003676,26.0771670002577],[-80.2186960003195,26.0772600000498],[-80.2180150003913,26.0792170003651],[-80.2164979996823,26.0786939996293],[-80.2167020000966,26.0825490002371],[-80.216858000096,26.0827220001211],[-80.2181819999986,26.0831530002117],[-80.2184598617326,26.0831138940918],[-80.2185854340699,26.0831011947652],[-80.2185820733034,26.0831123427613],[-80.2184316958654,26.0833407642658],[-80.2183416962117,26.083532765026],[-80.218111696397,26.0843527641696],[-80.2178546962366,26.0852747644197],[-80.2172406949015,26.0875577653794],[-80.2171443388395,26.0878814115987]]]]}},{"type":"Feature","id":"FL-12011-T005-2022","properties":{"state_po":"FL","county_fips":"12011","county_name":"Broward County","precinct_id":"T005","geometry_vintage":"2022"},"geometry":{"type":"MultiPolygon","coordinates":[[[[-80.2247345674457,26.0453803420301],[-80.2247288252744,26.0453805146998],[-80.2247620714118,26.0453752437734],[-80.2247797997473,26.045372433392],[-80.224880000411,26.0453509998496],[-80.2269309996652,26.0452600001498],[-80.2287810004422,26.0452040002653],[-80.2309149999267,26.0451400000119],[-80.2308990000881,26.0423330000688],[-80.2329169996192,26.0423119999997],[-80.231931000015,26.0436460003635],[-80.2318578518577,26.0438206118326],[-80.2317458655786,26.0440904030505],[-80.2316718666627,26.044313404341],[-80.2316191870752,26.0446281949361],[-80.2315309626831,26.0450218353903],[-80.2314959421834,26.045272865851],[-80.2314883608985,26.0454834663897],[-80.2314891064365,26.0456320343918],[-80.2315100003855,26.0459189999627],[-80.2315100003855,26.0460660004464],[-80.2287849997273,26.0461430004],[-80.2276339997086,26.0461879997773],[-80.2269000000343,26.0462029995696],[-80.2249059998114,26.0462600003996],[-80.2235429999089,26.0463019996384],[-80.2212799998714,26.0463609996613],[-80.21841800009,26.046458999684],[-80.2169780002339,26.0464690001451],[-80.2169020003264,26.0464730003296],[-80.216909999796,26.0462910000305],[-80.2169069996576,26.0459620001471],[-80.2168830003495,26.0455639997796],[-80.220464000013,26.0454520000106],[-80.220877696248,26.0454147536888],[-80.2208717490313,26.0453661039634],[-80.2208666948414,26.0453247549344],[-80.2212520003789,26.0452860004494],[-80.2228680002573,26.0451759998734],[-80.2233256958236,26.0451707550272],[-80.2234166973221,26.0451757543584],[-80.2235236959611,26.0451907550502],[-80.2237316776742,26.0452511211432],[-80.2238275238205,26.0452846703521],[-80.2239096957752,26.0453097551419],[-80.2239643232942,26.0453239797188],[-80.2241314092365,26.0453627800691],[-80.2242269019493,26.0453722634201],[-80.2242526972036,26.045375753689],[-80.2243526973185,26.0453847550033],[-80.2244229172832,26.0453872632125],[-80.2244366957962,26.0453877551416],[-80.2244540419198,26.0453877551416],[-80.2244549907046,26.0453877704301],[-80.2244560042406,26.0453877551416],[-80.224493151637,26.0453872047566],[-80.2245200089906,26.0453868072562],[-80.2247288252744,26.0453805146998],[-80.224714696925,26.0453827549111],[-80.2245246971564,26.0453877551416],[-80.2247150602512,26.0453862811528],[-80.2247441776011,26.0453800524483],[-80.2247345674457,26.0453803420301]]]]}},{"type":"Feature","id":"FL-12011-T006-2022","properties":{"state_po":"FL","county_fips":"12011","county_name":"Broward County","precinct_id":"T006","geometry_vintage":"2022"},"geometry":{"type":"MultiPolygon","coordinates":[[[[-80.2475067029713,26.0333147505761],[-80.2477397029243,26.0332147513606],[-80.2480437025542,26.0331237498621],[-80.2483907032676,26.0330557512228],[-80.2485199996976,26.03304699992],[-80.2485207029674,26.0326377499331],[-80.2485387037975,26.0322767512719],[-80.2485427030826,26.0322127510185],[-80.2485837031747,26.0317537514354],[-80.2486629999968,26.0311970000424],[-80.2488159998579,26.0312010002269],[-80.2490699998799,26.0312099997426],[-80.2491039996492,26.032762000267],[-80.252645000166,26.0326610001059],[-80.2526680003273,26.0335679996643],[-80.2491249997183,26.0336849996639],[-80.2493559995791,26.0379579997627],[-80.2493969996711,26.0381250002694],[-80.2494290002475,26.0382489996924],[-80.2494330004319,26.0382650004303],[-80.2494690002934,26.0383889998533],[-80.2495080002933,26.0385170003602],[-80.2495290003624,26.0385809997142],[-80.2495500004315,26.0386449999676],[-80.2495939997626,26.0387720004283],[-80.2496129997395,26.0388230000823],[-80.2496410001314,26.0388989999897],[-80.2496699996701,26.038972999805],[-80.2496909997392,26.0390240003582],[-80.2497230003156,26.039103000404],[-80.2497420002924,26.0391489998274],[-80.2497549999926,26.0391790003115],[-80.2497960000847,26.0392730001497],[-80.2498309999001,26.0393490000572],[-80.2498530000153,26.0393960004259],[-80.249910999992,26.0395189998028],[-80.2499289999228,26.0395549996644],[-80.2499730001532,26.0396399999869],[-80.2498380002229,26.0396979999636],[-80.2496970000159,26.0397569999864],[-80.2496020001315,26.0397970000324],[-80.2508280000116,26.0417870000709],[-80.2513980002169,26.043105999743],[-80.2517100002157,26.0453089997114],[-80.2517209998236,26.0454560001952],[-80.2515700000548,26.0454610004257],[-80.2476100000009,26.0455910001255],[-80.2449460003569,26.0456690001252],[-80.2429130001342,26.0457189997329],[-80.2395630003315,26.0458040000555],[-80.2388980002419,26.0458260001706],[-80.2379450003608,26.0458579998477],[-80.2359710001609,26.0459250002394],[-80.2315100003855,26.0460660004464],[-80.2314891064365,26.0456320343918],[-80.2314883608985,26.0454834663897],[-80.2314959421834,26.045272865851],[-80.2315309626831,26.0450218353903],[-80.2316718666627,26.044313404341],[-80.2317458655786,26.0440904030505],[-80.231931000015,26.0436460003635],[-80.2329169996192,26.0423119999997],[-80.2338799999613,26.0413590001186],[-80.2348669996117,26.0404569998915],[-80.2367599996736,26.03865999976],[-80.2387469995737,26.0374669996032],[-80.2393959998249,26.0371999998809],[-80.2427020002964,26.0358089995865],[-80.244683999966,26.034950000443],[-80.2447490002655,26.034921000005],[-80.2447517027283,26.0349257511234],[-80.245146702058,26.0347537512855],[-80.2458427026779,26.0344507508024],[-80.2461387028382,26.0342857512873],[-80.2463427032525,26.0341617509649],[-80.2466647028131,26.0339437508043],[-80.2468827029737,26.0337817514276],[-80.2470407030654,26.0336307507594],[-80.2472037033875,26.0334987509674],[-80.2473067027415,26.0334287513366],[-80.2473040002787,26.0334240002183],[-80.2475067029713,26.0333147505761]]]]}},{"type":"Feature","id":"FL-12011-T007-2022","properties":{"state_po":"FL","county_fips":"12011","county_name":"Broward County","precinct_id":"T007","geometry_vintage":"2022"},"geometry":{"type":"MultiPolygon","coordinates":[[[[-80.2515700000548,26.0454610004257],[-80.2519470003531,26.0585230002371],[-80.251986000353,26.0599480003008],[-80.2520549999376,26.0644870000759],[-80.2512109996872,26.0644779996608],[-80.2482990002979,26.0645819999602],[-80.2482980002519,26.0647610001209],[-80.2466970001658,26.0648050003514],[-80.2441650003138,26.0648800002127],[-80.2416620000006,26.0649309998666],[-80.2401500004215,26.0649689998203],[-80.2331509996183,26.0650829996816],[-80.2321110002218,26.0650900000044],[-80.2321029998529,26.0649119998898],[-80.2320649998992,26.0639280003778],[-80.2320340002682,26.0630250001045],[-80.231931000015,26.0605249999297],[-80.2315100003855,26.0460660004464],[-80.2359710001609,26.0459250002394],[-80.2379450003608,26.0458579998477],[-80.2388980002419,26.0458260001706],[-80.2395630003315,26.0458040000555],[-80.2429130001342,26.0457189997329],[-80.2449460003569,26.0456690001252],[-80.2476100000009,26.0455910001255],[-80.2515700000548,26.0454610004257]]]]}},{"type":"Feature","id":"FL-12011-T008-2022","properties":{"state_po":"FL","county_fips":"12011","county_name":"Broward County","precinct_id":"T008","geometry_vintage":"2022"},"geometry":{"type":"MultiPolygon","coordinates":[[[[-80.2502539996217,26.0997789998018],[-80.249445000086,26.0995890000332],[-80.2334590003319,26.0957870000708],[-80.2282979997522,26.0947130000058],[-80.2267609999196,26.0941740003307],[-80.2266110001968,26.0941300001003],[-80.2266979997123,26.0938129998709],[-80.2268420000576,26.0935080001949],[-80.2269299996191,26.0931960001961],[-80.2270040003337,26.0929280004278],[-80.2274140003552,26.0914760000182],[-80.2290989998183,26.0857710004322],[-80.2296950003234,26.0838580003473],[-80.2306429999738,26.0807399995522],[-80.2317069995777,26.0770910003503],[-80.2317549999926,26.0769550003739],[-80.2319380003378,26.0763189998228],[-80.2323650002439,26.0739870002008],[-80.2323379998981,26.0731110002733],[-80.2323379998981,26.0725689995605],[-80.2323080003133,26.0716700003711],[-80.232285000152,26.0707740004207],[-80.2322490002905,26.0698619997324],[-80.232245000106,26.06942100008],[-80.232245000106,26.0693949997803],[-80.23220500006,26.0678260002705],[-80.2322009998756,26.0676100002022],[-80.2321399997605,26.0657620004168],[-80.2321270000604,26.0654559997954],[-80.2321110002218,26.0650900000044],[-80.2331509996183,26.0650829996816],[-80.2401500004215,26.0649689998203],[-80.2416620000006,26.0649309998666],[-80.2441650003138,26.0648800002127],[-80.2466970001658,26.0648050003514],[-80.2482980002519,26.0647610001209],[-80.2482659996755,26.0650459997739],[-80.2481869996297,26.0653569997266],[-80.2484370003666,26.0726289996295],[-80.2492809997177,26.0729330001587],[-80.2524369995672,26.0728730000898],[-80.252332000121,26.0746540003827],[-80.2520190000761,26.0765040002603],[-80.2511020000566,26.07974300034],[-80.2508259999193,26.0836060004174],[-80.2511129996645,26.0906559999753],[-80.2512909997791,26.0906509997447],[-80.2514000003091,26.0944630001682],[-80.2509490001955,26.0981710002923],[-80.2507370003117,26.0981070000389],[-80.2505839995513,26.0986570002212],[-80.2505069995977,26.0989340004046],[-80.2503680003823,26.0994360001721],[-80.2502539996217,26.0997789998018]]]]}},{"type":"Feature","id":"FL-12011-T009-2022","properties":{"state_po":"FL","county_fips":"12011","county_name":"Broward County","precinct_id":"T009","geometry_vintage":"2022"},"geometry":{"type":"MultiPolygon","coordinates":[[[[-80.2603303959304,26.0736451382134],[-80.2603327080873,26.0736497607288],[-80.2604774485748,26.0737381595892],[-80.2604798884354,26.0737400265818],[-80.2610328860582,26.0740780277796],[-80.2612178873949,26.0741910275947],[-80.2613625721244,26.0742673242785],[-80.2614668862871,26.0743140269716],[-80.261467796401,26.0743143048621],[-80.2616108866325,26.0743580281014],[-80.2616938859634,26.0743740279399],[-80.2618148861474,26.0743860293926],[-80.2620058859622,26.0743860293926],[-80.2622128847162,26.0743880303842],[-80.2623388860301,26.0743790290698],[-80.2624168860298,26.0743750288854],[-80.2624540720971,26.0743682174202],[-80.2624160001976,26.0743709999226],[-80.2625497087015,26.0743517607261],[-80.2626887088162,26.0743097605879],[-80.2628877089999,26.0742247611647],[-80.2630827089991,26.0741827610265],[-80.2634087087442,26.0741417609344],[-80.2640247092722,26.0741407608883],[-80.2644077089479,26.0742057611878],[-80.2646247099618,26.0742037610956],[-80.26475472495,26.0742000181172],[-80.2649290000726,26.0741949999002],[-80.2650120003029,26.0762549995695],[-80.2650159995881,26.0763840001224],[-80.2651779998641,26.0811830001962],[-80.26525699991,26.0832460000038],[-80.2653650003938,26.0864409998532],[-80.2655249996783,26.0903819999302],[-80.2656560003235,26.0934150004028],[-80.2658009998156,26.0974250000646],[-80.265823999977,26.0979700000164],[-80.2659110003917,26.1002530000767],[-80.2658340004381,26.1019009996323],[-80.2656950003234,26.102473999976],[-80.2656239997472,26.1027170003902],[-80.26554000037,26.1029830000663],[-80.2654669997016,26.1032030003191],[-80.2653770000479,26.1034950002949],[-80.2651710004407,26.1034449997878],[-80.2504479995749,26.0998260001706],[-80.2502539996217,26.0997789998018],[-80.2503680003823,26.0994360001721],[-80.2505069995977,26.0989340004046],[-80.2505839995513,26.0986570002212],[-80.2507370003117,26.0981070000389],[-80.2509490001955,26.0981710002923],[-80.2514000003091,26.0944630001682],[-80.2512909997791,26.0906509997447],[-80.2511129996645,26.0906559999753],[-80.2508259999193,26.0836060004174],[-80.2511020000566,26.07974300034],[-80.2520190000761,26.0765040002603],[-80.252332000121,26.0746540003827],[-80.2524369995672,26.0728730000898],[-80.2492809997177,26.0729330001587],[-80.2484370003666,26.0726289996295],[-80.2481869996297,26.0653569997266],[-80.2482659996755,26.0650459997739],[-80.2482980002519,26.0647610001209],[-80.2482990002979,26.0645819999602],[-80.2512109996872,26.0644779996608],[-80.2520549999376,26.0644870000759],[-80.251986000353,26.0599480003008],[-80.2519470003531,26.0585230002371],[-80.2515700000548,26.0454610004257],[-80.2517209998236,26.0454560001952],[-80.2517100002157,26.0453089997114],[-80.2537089997699,26.045252999827],[-80.253588999632,26.0453889998034],[-80.2556480001545,26.0453180001265],[-80.2557500003616,26.0498689995555],[-80.2561049996453,26.0607729996751],[-80.2561340000834,26.0616260003405],[-80.2561869998295,26.0644069999839],[-80.256191000014,26.0646149996834],[-80.2568220003344,26.0646050001216],[-80.2568240004266,26.0649200002587],[-80.2563069999674,26.0649299998205],[-80.2563189996215,26.0652330003036],[-80.2566040001738,26.0727449995829],[-80.2606149998817,26.0727010002518],[-80.2606227079709,26.0731617598082],[-80.2605937084322,26.0732667610531],[-80.2605397077407,26.0733617609374],[-80.260366524395,26.0735240238155],[-80.2603177091943,26.0735697597375],[-80.2603147081566,26.0736137608673],[-80.2603300002287,26.0736449997178],[-80.2603303959304,26.0736451382134]]]]}},{"type":"Feature","id":"FL-12011-T010-2022","properties":{"state_po":"FL","county_fips":"12011","county_name":"Broward County","precinct_id":"T010","geometry_vintage":"2022"},"geometry":{"type":"MultiPolygon","coordinates":[[[[-80.2606149998817,26.0727010002518],[-80.2566040001738,26.0727449995829],[-80.2563189996215,26.0652330003036],[-80.2563069999674,26.0649299998205],[-80.2568240004266,26.0649200002587],[-80.2568220003344,26.0646050001216],[-80.256191000014,26.0646149996834],[-80.2561869998295,26.0644069999839],[-80.2561340000834,26.0616260003405],[-80.2561049996453,26.0607729996751],[-80.2557500003616,26.0498689995555],[-80.2556480001545,26.0453180001265],[-80.253588999632,26.0453889998034],[-80.2537089997699,26.045252999827],[-80.2575129998244,26.0451369998735],[-80.2574040001938,26.0415879998872],[-80.2594189995865,26.0415309999565],[-80.2595260000242,26.0450850001735],[-80.2596310003697,26.0450870002657],[-80.2597850002769,26.0450900004041],[-80.2597840002308,26.0452210001499],[-80.2598010001154,26.0470510000045],[-80.2599220002994,26.0497460001786],[-80.2599240003917,26.0497830000863],[-80.259929999769,26.0515240003332],[-80.25997900023,26.0532970002572],[-80.260080000391,26.0568949998052],[-80.2601859998833,26.0606549996294],[-80.2602330002521,26.0615199999489],[-80.2603870001593,26.0643770003991],[-80.2603969997211,26.064559999845],[-80.2603989998133,26.0648509997747],[-80.260395999675,26.0651910001654],[-80.2604029999978,26.0656069995642],[-80.2604149996519,26.0662789999768],[-80.2604430000438,26.0668159995596],[-80.2604519995595,26.0668549995594],[-80.2605499995822,26.0672600002497],[-80.2606529998354,26.0675009996723],[-80.2606990001581,26.0676090001561],[-80.2608659997654,26.0678990000397],[-80.2610540003412,26.0681580002923],[-80.2610659999953,26.0681709999925],[-80.2612440001099,26.0683649999457],[-80.2637820002385,26.0703240003532],[-80.2646640004426,26.071468000049],[-80.2648789995655,26.0726549999292],[-80.2649290000726,26.0741949999002],[-80.2647817918456,26.0741980387094],[-80.2644077089479,26.0742057611878],[-80.2640247092722,26.0741407608883],[-80.2634087087442,26.0741417609344],[-80.2630827089991,26.0741827610265],[-80.2628877089999,26.0742247611647],[-80.2626887088162,26.0743097605879],[-80.2625497087015,26.0743517607261],[-80.2624160001976,26.0743709999226],[-80.2624540720971,26.0743682174202],[-80.2624168860298,26.0743750288854],[-80.2623388860301,26.0743790290698],[-80.2622128847162,26.0743880303842],[-80.2620058859622,26.0743860293926],[-80.2618148861474,26.0743860293926],[-80.2616938859634,26.0743740279399],[-80.2616108866325,26.0743580281014],[-80.261467796401,26.0743143048621],[-80.2614668862871,26.0743140269716],[-80.2613625721244,26.0742673242785],[-80.2612178873949,26.0741910275947],[-80.2610328860582,26.0740780277796],[-80.2604798884354,26.0737400265818],[-80.2604774485748,26.0737381595892],[-80.2603327080873,26.0736497607288],[-80.2603303959304,26.0736451382134],[-80.2603301234358,26.073644592325],[-80.2603147081566,26.0736137608673],[-80.2603177091943,26.0735697597375],[-80.260366524395,26.0735240238155],[-80.2605397077407,26.0733617609374],[-80.2605557075792,26.0733327613987],[-80.2605937084322,26.0732667610531],[-80.2606227079709,26.0731617598082],[-80.2606150799214,26.072705790041],[-80.2606149998817,26.0727010002518]]]]}},{"type":"Feature","id":"FL-12011-T011-2022","properties":{"state_po":"FL","county_fips":"12011","county_name":"Broward County","precinct_id":"T011","geometry_vintage":"2022"},"geometry":{"type":"MultiPolygon","coordinates":[[[[-80.2758659999153,26.0722710002074],[-80.274950999988,26.0735469996952],[-80.2750007127121,26.0741197599199],[-80.2751710002408,26.0743639995998],[-80.2756247127097,26.0743097596885],[-80.2759462716025,26.0747182506476],[-80.2760057131924,26.0747937613239],[-80.2764249996134,26.0749369999435],[-80.2776597130246,26.0744877598032],[-80.2780790003449,26.0744180002914],[-80.2790327142877,26.0745197612789],[-80.2796687139393,26.0744797612328],[-80.2801577140066,26.0743037612105],[-80.2808699995502,26.0741790000617],[-80.2809420001725,26.0755949997103],[-80.2810129998494,26.0775079997952],[-80.2813589996175,26.0813319998728],[-80.2827790003499,26.0838700000014],[-80.2835439996552,26.0853279997882],[-80.2841810002523,26.0878530002167],[-80.2841570000448,26.0898970000474],[-80.2838640000229,26.0915040004102],[-80.282932000211,26.0934559995956],[-80.281758000031,26.0961669996082],[-80.2813799996866,26.0961489996774],[-80.2810820003334,26.0902429998155],[-80.2781419996529,26.0901099999774],[-80.2748600002881,26.0901859998848],[-80.2726750002504,26.0902340002997],[-80.2715220001396,26.0902609997462],[-80.2655249996783,26.0903819999302],[-80.2653650003938,26.0864409998532],[-80.26525699991,26.0832460000038],[-80.2651779998641,26.0811830001962],[-80.2650159995881,26.0763840001224],[-80.2650120003029,26.0762549995695],[-80.2649290000726,26.0741949999002],[-80.2648789995655,26.0726549999292],[-80.2646640004426,26.071468000049],[-80.2637820002385,26.0703240003532],[-80.2612440001099,26.0683649999457],[-80.2610659999953,26.0681709999925],[-80.2610540003412,26.0681580002923],[-80.2608659997654,26.0678990000397],[-80.2606990001581,26.0676090001561],[-80.2606529998354,26.0675009996723],[-80.2605499995822,26.0672600002497],[-80.2604519995595,26.0668549995594],[-80.2604430000438,26.0668159995596],[-80.2604149996519,26.0662789999768],[-80.2604029999978,26.0656069995642],[-80.260395999675,26.0651910001654],[-80.2603989998133,26.0648509997747],[-80.2643199998674,26.0647579999826],[-80.2651999999794,26.0647519997059],[-80.2708020002115,26.0646379998447],[-80.270828999658,26.064954000028],[-80.2703170003286,26.064965999682],[-80.2705830000048,26.0722799997231],[-80.2758659999153,26.0722710002074]]]]}},{"type":"Feature","id":"FL-12011-T012-2022","properties":{"state_po":"FL","county_fips":"12011","county_name":"Broward County","precinct_id":"T012","geometry_vintage":"2022"},"geometry":{"type":"MultiPolygon","coordinates":[[[[-80.281758000031,26.0961669996082],[-80.281726000354,26.0999299995707],[-80.2820580003757,26.1064530000068],[-80.2820639997531,26.1067219998213],[-80.2820710000759,26.1070200000738],[-80.2820780003988,26.1073330001187],[-80.2820980004217,26.1076409999331],[-80.2819180002149,26.1075989997949],[-80.2685089996899,26.104256000315],[-80.2653770000479,26.1034950002949],[-80.2654669997016,26.1032030003191],[-80.26554000037,26.1029830000663],[-80.2656239997472,26.1027170003902],[-80.2656950003234,26.102473999976],[-80.2658340004381,26.1019009996323],[-80.2659110003917,26.1002530000767],[-80.265823999977,26.0979700000164],[-80.2658009998156,26.0974250000646],[-80.2656560003235,26.0934150004028],[-80.2655249996783,26.0903819999302],[-80.2715220001396,26.0902609997462],[-80.2726750002504,26.0902340002997],[-80.2748600002881,26.0901859998848],[-80.2781419996529,26.0901099999774],[-80.2810820003334,26.0902429998155],[-80.2813799996866,26.0961489996774],[-80.281758000031,26.0961669996082]]]]}},{"type":"Feature","id":"FL-12011-T013-2022","properties":{"state_po":"FL","county_fips":"12011","county_name":"Broward County","precinct_id":"T013","geometry_vintage":"2022"},"geometry":{"type":"MultiPolygon","coordinates":[[[[-80.2931887177844,26.1018547672846],[-80.2931100001258,26.1017360001172],[-80.2928877182929,26.1019037677456],[-80.2927957176476,26.1019427677454],[-80.2927037179016,26.1019627668691],[-80.2903369999519,26.101998999655],[-80.2898157178205,26.1020147683677],[-80.2897587178899,26.1020047670073],[-80.2897157168063,26.1019987676299],[-80.289670717429,26.1019637669152],[-80.2896469996087,26.1019199996091],[-80.2891700000948,26.1019890000932],[-80.2891019996569,26.093376000403],[-80.282932000211,26.0934559995956],[-80.2838640000229,26.0915040004102],[-80.2841570000448,26.0898970000474],[-80.2841810002523,26.0878530002167],[-80.2835439996552,26.0853279997882],[-80.2827790003499,26.0838700000014],[-80.2813589996175,26.0813319998728],[-80.2810129998494,26.0775079997952],[-80.2809420001725,26.0755949997103],[-80.2808699995502,26.0741790000617],[-80.2801577140066,26.0743037612105],[-80.2796687139393,26.0744797612328],[-80.2790327142877,26.0745197612789],[-80.2780790003449,26.0744180002914],[-80.2776597130246,26.0744877598032],[-80.2764249996134,26.0749369999435],[-80.2760057131924,26.0747937613239],[-80.2759462716025,26.0747182506476],[-80.2756247127097,26.0743097596885],[-80.2751710002408,26.0743639995998],[-80.2750007127121,26.0741197599199],[-80.274950999988,26.0735469996952],[-80.2758659999153,26.0722710002074],[-80.2705830000048,26.0722799997231],[-80.2703170003286,26.064965999682],[-80.270828999658,26.064954000028],[-80.2708020002115,26.0646379998447],[-80.2802709998061,26.0644639999146],[-80.2803580002209,26.0644639999146],[-80.28844399989,26.0643029996846],[-80.2964870002742,26.0641430004],[-80.2976489999008,26.0641170001003],[-80.2977170003387,26.0641160000542],[-80.297712000108,26.0644470000299],[-80.2979270001303,26.0735869997411],[-80.2979419999227,26.0757050002864],[-80.2979640000379,26.0783119999997],[-80.2979629999918,26.0812470004496],[-80.2979429999688,26.0833219999112],[-80.2979989998533,26.0853689998803],[-80.2979470001533,26.0872050000116],[-80.2979470001533,26.0876649996409],[-80.2979480001994,26.0877510000095],[-80.2979470001533,26.0883659995921],[-80.2979440000149,26.0912599999499],[-80.2979539995768,26.0939449996629],[-80.2979120003379,26.0989860001047],[-80.2979169996692,26.1010360002121],[-80.2973290004323,26.1011229997275],[-80.2976477192662,26.1016987672851],[-80.2976597198195,26.101786767746],[-80.2976277192432,26.1019177665925],[-80.2975637198891,26.1020147665691],[-80.2974597195897,26.1020897673297],[-80.2972890003864,26.1021139995623],[-80.2938279999616,26.1021700003461],[-80.2936317184284,26.1021307674218],[-80.293435031301,26.1020430628379],[-80.293285717761,26.1019447669383],[-80.2931887177844,26.1018547672846]]]]}},{"type":"Feature","id":"FL-12011-T014-2022","properties":{"state_po":"FL","county_fips":"12011","county_name":"Broward County","precinct_id":"T014","geometry_vintage":"2022"},"geometry":{"type":"MultiPolygon","coordinates":[[[[-80.2972890003864,26.1021139995623],[-80.2974597195897,26.1020897673297],[-80.2975637198891,26.1020147665691],[-80.2976277192432,26.1019177665925],[-80.2976597198195,26.101786767746],[-80.2976477192662,26.1016987672851],[-80.2973290004323,26.1011229997275],[-80.2979169996692,26.1010360002121],[-80.2979500002916,26.1020120002545],[-80.2979979998072,26.1026540001828],[-80.2980070002222,26.1066609997063],[-80.2980080002683,26.1067130003056],[-80.2980359997609,26.1084430000453],[-80.2978510002228,26.1102869996462],[-80.2976699999699,26.1102430003151],[-80.2975980002469,26.1105479999911],[-80.297519000201,26.1108159997594],[-80.2974499997171,26.1110370000584],[-80.2976570002697,26.1110869996661],[-80.2975750000855,26.1113750003569],[-80.2973739998096,26.1113259998958],[-80.2879030001227,26.1090170004351],[-80.2820980004217,26.1076409999331],[-80.2820780003988,26.1073330001187],[-80.2820710000759,26.1070200000738],[-80.2820639997531,26.1067219998213],[-80.2820580003757,26.1064530000068],[-80.281726000354,26.0999299995707],[-80.281758000031,26.0961669996082],[-80.282932000211,26.0934559995956],[-80.2891019996569,26.093376000403],[-80.2891700000948,26.1019890000932],[-80.2896469996087,26.1019199996091],[-80.2897157168063,26.1019987676299],[-80.2897587178899,26.1020047670073],[-80.2898157178205,26.1020147683677],[-80.2903397177032,26.1020037669612],[-80.2927037179016,26.1019627668691],[-80.2927957176476,26.1019427677454],[-80.2928877182929,26.1019037677456],[-80.2931127187763,26.1017407674233],[-80.2931100001258,26.1017360001172],[-80.2931887177844,26.1018547672846],[-80.293285717761,26.1019447669383],[-80.293435031301,26.1020430628379],[-80.2936317184284,26.1021307674218],[-80.2938279999616,26.1021700003461],[-80.2972890003864,26.1021139995623]]]]}},{"type":"Feature","id":"FL-12011-T015-2022","properties":{"state_po":"FL","county_fips":"12011","county_name":"Broward County","precinct_id":"T015","geometry_vintage":"2022"},"geometry":{"type":"MultiPolygon","coordinates":[[[[-80.3008239997271,26.0544640001144],[-80.3008120000731,26.0540109999086],[-80.3015410004162,26.0539990002545],[-80.3016979995624,26.0586129998909],[-80.297762999762,26.0584759998684],[-80.2976940001773,26.0593499997036],[-80.2976990004079,26.0595649997258],[-80.2976930001312,26.0599709995628],[-80.2976990004079,26.0601560000003],[-80.2976649997393,26.0601570000464],[-80.297661999601,26.0602760001382],[-80.2977999996696,26.0636890001481],[-80.2978059999463,26.0638660002166],[-80.297812000223,26.064113999962],[-80.2977170003387,26.0641160000542],[-80.2976489999008,26.0641170001003],[-80.2964900004125,26.0638820000551],[-80.2964900004125,26.0636979996638],[-80.2964700003895,26.062786999921],[-80.2963870001593,26.062786999921],[-80.2954609997247,26.0628550003589],[-80.294419000236,26.0627930001977],[-80.2943810002823,26.0627930001977],[-80.2942939998675,26.0627910001054],[-80.2942939998675,26.0627780004053],[-80.2942650003288,26.0604059998379],[-80.2942650003288,26.0603879999072],[-80.2942650003288,26.0603309999765],[-80.2942650003288,26.0602740000459],[-80.2943060004209,26.0602709999076],[-80.2943010001903,26.0602129999309],[-80.2942129997295,26.0582470000999],[-80.2932419999177,26.0582779997308],[-80.2933040000789,26.0602380001844],[-80.2933060001711,26.0603000003456],[-80.2923059999213,26.0603180002764],[-80.2916979997622,26.0603419995845],[-80.2912459996026,26.0603649997458],[-80.2906970003657,26.0603790003914],[-80.2903299996291,26.0603829996766],[-80.2900219998148,26.0603879999072],[-80.2899389995845,26.0603930001377],[-80.2887390000042,26.0604310000914],[-80.2884599997285,26.060438999561],[-80.2884470000284,26.060438999561],[-80.2883809996827,26.0604350002759],[-80.2883370003516,26.0604419996994],[-80.2882020004214,26.0604449998377],[-80.2881960001446,26.0599050001165],[-80.288190999914,26.0591860002346],[-80.2881570001448,26.0574209997802],[-80.2922399995757,26.057286999896],[-80.2921740001294,26.0552880003418],[-80.2881069996376,26.0554190000877],[-80.2880820002835,26.0543730004145],[-80.2880549999376,26.0533890000032],[-80.2921119999681,26.0532720000037],[-80.2919539998765,26.0482870003457],[-80.2911109996722,26.0483210001149],[-80.288778000004,26.048392999838],[-80.2879250002379,26.0483650003454],[-80.2878759997769,26.0468309997517],[-80.2878519995695,26.0457429999404],[-80.2896810002773,26.0457739995713],[-80.2896380000929,26.0447520001056],[-80.2878280002614,26.0447930001977],[-80.2878189998463,26.0444010001069],[-80.2905000002742,26.0443250001995],[-80.291380000386,26.0442939996692],[-80.2927980001269,26.0442549996694],[-80.2929520000341,26.044249000292],[-80.2932399998254,26.0442379997847],[-80.293255999664,26.0442369997387],[-80.2938409996618,26.0442179997618],[-80.2938180003998,26.045688000102],[-80.293832000146,26.0467290004439],[-80.2939360004454,26.0481840000924],[-80.2960210003682,26.0481349996314],[-80.2960540000914,26.0491279995584],[-80.2960639996532,26.0494629997185],[-80.2973529997405,26.0494340001798],[-80.2974499997171,26.0494259998109],[-80.2974850004318,26.0506470003597],[-80.2975630004315,26.0534900001642],[-80.297529999809,26.0540109999086],[-80.2993239998021,26.0540069997242],[-80.3001157188647,26.0540177547165],[-80.3001197523241,26.0542494389613],[-80.3001237264282,26.0544777039837],[-80.3008239997271,26.0544640001144]]],[[[-80.2923080000135,26.06039500023],[-80.2923789996904,26.0631749998273],[-80.2914330001322,26.0631919997119],[-80.2914560002935,26.0638189998479],[-80.2914619996709,26.0639759998933],[-80.2904430003435,26.0639860003545],[-80.2904390001591,26.0638359997325],[-80.2904060004359,26.0628730002896],[-80.2885670001663,26.0629100001972],[-80.2886019999817,26.0638450001475],[-80.2885050000051,26.0638500003781],[-80.288432000236,26.0632470004496],[-80.2883859999133,26.0607129996061],[-80.2883849998672,26.0606510003442],[-80.2883839998211,26.0606029999294],[-80.288382999775,26.0605740003907],[-80.288382999775,26.0605609997912],[-80.2884480000745,26.0605579996528],[-80.2885539995668,26.0605540003677],[-80.2916969997161,26.0604150002529],[-80.2923080000135,26.06039500023]]]]}},{"type":"Feature","id":"FL-12011-T016-2022","properties":{"state_po":"FL","county_fips":"12011","county_name":"Broward County","precinct_id":"T016","geometry_vintage":"2022"},"geometry":{"type":"MultiPolygon","coordinates":[[[[-80.2979169996692,26.1010360002121],[-80.2979120003379,26.0989860001047],[-80.2979539995768,26.0939449996629],[-80.2979440000149,26.0912599999499],[-80.2979470001533,26.0883659995921],[-80.2979480001994,26.0877510000095],[-80.2979470001533,26.0876649996409],[-80.2979470001533,26.0872050000116],[-80.2979989998533,26.0853689998803],[-80.2979429999688,26.0833219999112],[-80.2979629999918,26.0812470004496],[-80.2979640000379,26.0783119999997],[-80.2979419999227,26.0757050002864],[-80.2979270001303,26.0735869997411],[-80.297712000108,26.0644470000299],[-80.2977170003387,26.0641160000542],[-80.297812000223,26.064113999962],[-80.3096150004313,26.0638599999399],[-80.3105199998974,26.0638969998475],[-80.3133279998866,26.0638339996402],[-80.3136379997932,26.0638280002629],[-80.3136640000929,26.0643029996846],[-80.3137840002308,26.0684159995995],[-80.3142150003213,26.0719489997474],[-80.3142239998371,26.0748440001514],[-80.3139539999765,26.0767449996829],[-80.3138479995849,26.0876560001252],[-80.3138149998617,26.1002889999382],[-80.3138119997233,26.1021729995852],[-80.3136179997702,26.1021700003461],[-80.3112549996179,26.102149000277],[-80.3099729998534,26.1021280002079],[-80.3060190000762,26.1020900002542],[-80.2979500002916,26.1020120002545],[-80.2979169996692,26.1010360002121]]]]}},{"type":"Feature","id":"FL-12011-T017-2022","properties":{"state_po":"FL","county_fips":"12011","county_name":"Broward County","precinct_id":"T017","geometry_vintage":"2022"},"geometry":{"type":"MultiPolygon","coordinates":[[[[-80.2975750000855,26.1113750003569],[-80.2976570002697,26.1110869996661],[-80.2974499997171,26.1110370000584],[-80.297519000201,26.1108159997594],[-80.2975980002469,26.1105479999911],[-80.2976699999699,26.1102430003151],[-80.2978510002228,26.1102869996462],[-80.2980359997609,26.1084430000453],[-80.2980080002683,26.1067130003056],[-80.2980070002222,26.1066609997063],[-80.2979979998072,26.1026540001828],[-80.2979500002916,26.1020120002545],[-80.3060190000762,26.1020900002542],[-80.3099729998534,26.1021280002079],[-80.3112549996179,26.102149000277],[-80.3136179997702,26.1021700003461],[-80.3138119997233,26.1021729995852],[-80.3138000000693,26.1071909998656],[-80.3137880004152,26.1094269995573],[-80.3137840002308,26.1118099997326],[-80.3138349998847,26.1141240003232],[-80.3138299996541,26.1144419996994],[-80.313826000369,26.1147199999289],[-80.3138230002306,26.1149849995589],[-80.3138149998617,26.1153249999497],[-80.3134659999553,26.1152439998116],[-80.2978829998999,26.111479999803],[-80.2975750000855,26.1113750003569]]]]}},{"type":"Feature","id":"FL-12011-T018-2022","properties":{"state_po":"FL","county_fips":"12011","county_name":"Broward County","precinct_id":"T018","geometry_vintage":"2022"},"geometry":{"type":"MultiPolygon","coordinates":[[[[-80.3302129997295,26.1189160000742],[-80.3302070003521,26.1192199997041],[-80.3300280001914,26.1191779995659],[-80.3245979997972,26.1178979998937],[-80.3218899999229,26.1172479995964],[-80.3166629998969,26.1159999996012],[-80.3138149998617,26.1153249999497],[-80.3138230002306,26.1149849995589],[-80.313826000369,26.1147199999289],[-80.3138299996541,26.1144419996994],[-80.3138349998847,26.1141240003232],[-80.3137840002308,26.1118099997326],[-80.3137880004152,26.1094269995573],[-80.3138000000693,26.1071909998656],[-80.3138119997233,26.1021729995852],[-80.3221999998295,26.1021700003461],[-80.3221979997372,26.1037080002249],[-80.3221999998295,26.1050190004274],[-80.3221920003598,26.1054759999183],[-80.3221690001985,26.1076510003942],[-80.322175999622,26.1081249997698],[-80.3221779997143,26.108236000392],[-80.3221799998065,26.1094539999031],[-80.3229369996421,26.1094600001797],[-80.3261219999297,26.1094699997416],[-80.3261149996069,26.110071999624],[-80.3261179997452,26.1102689997154],[-80.326125000068,26.1108329996441],[-80.326115999653,26.1116949998253],[-80.3301040000989,26.1117089995715],[-80.3300910003987,26.1143279998382],[-80.3302010000754,26.1143289998843],[-80.330206000306,26.1176649999406],[-80.3302119996834,26.118163000423],[-80.3302139997756,26.1184779996609],[-80.3302129997295,26.1189160000742]]]]}},{"type":"Feature","id":"FL-12011-T019-2022","properties":{"state_po":"FL","county_fips":"12011","county_name":"Broward County","precinct_id":"T019","geometry_vintage":"2022"},"geometry":{"type":"MultiPolygon","coordinates":[[[[-80.3221999998295,26.1021700003461],[-80.3301880003752,26.1022060002076],[-80.3341899996681,26.1021569997466],[-80.3422499999369,26.1021640000694],[-80.346343999875,26.1023089995616],[-80.3463379995984,26.1046860003595],[-80.3463599997136,26.1061650002155],[-80.3463340003132,26.1079770001393],[-80.346352000244,26.1094780001105],[-80.3463470000134,26.1113839998725],[-80.3463649999441,26.1131440000964],[-80.3463579996213,26.1149119997899],[-80.3484040004436,26.1149099996976],[-80.3493140001403,26.1149170000204],[-80.3496379997932,26.1149200001587],[-80.3503159995831,26.1149190001127],[-80.3503169996292,26.114942000274],[-80.3503179996753,26.1154009998571],[-80.3503179996753,26.1167099999674],[-80.3493049997253,26.1167089999213],[-80.3489699995652,26.1167170002902],[-80.3468400002652,26.1167259998059],[-80.3464539995518,26.1167209995754],[-80.3463209997137,26.1167229996676],[-80.3463140002903,26.116826999967],[-80.3463090000596,26.1169310002663],[-80.3463049998752,26.1174340000799],[-80.3462910001289,26.1185629999833],[-80.3462859998983,26.1192520002805],[-80.3462740002443,26.1205719999987],[-80.3462730001981,26.1207500001133],[-80.3462530001752,26.1227669995982],[-80.3451919998103,26.1225110003832],[-80.3440609998146,26.1222370003381],[-80.3403100004056,26.1213420004339],[-80.3302129997295,26.1189160000742],[-80.3302139997756,26.1184779996609],[-80.3302119996834,26.118163000423],[-80.330206000306,26.1176649999406],[-80.3302010000754,26.1143289998843],[-80.3300910003987,26.1143279998382],[-80.3301040000989,26.1117089995715],[-80.326115999653,26.1116949998253],[-80.326125000068,26.1108329996441],[-80.3261179997452,26.1102689997154],[-80.3261149996069,26.110071999624],[-80.3261219999297,26.1094699997416],[-80.3229369996421,26.1094600001797],[-80.3221799998065,26.1094539999031],[-80.3221779997143,26.108236000392],[-80.322175999622,26.1081249997698],[-80.3221690001985,26.1076510003942],[-80.3221920003598,26.1054759999183],[-80.3221999998295,26.1050190004274],[-80.3221979997372,26.1037080002249],[-80.3221999998295,26.1021700003461]]]]}},{"type":"Feature","id":"FL-12011-T020-2022","properties":{"state_po":"FL","county_fips":"12011","county_name":"Broward County","precinct_id":"T020","geometry_vintage":"2022"},"geometry":{"type":"MultiPolygon","coordinates":[[[[-80.3138479995849,26.0876560001252],[-80.3141449997913,26.087513999872],[-80.3182520003289,26.0876289997794],[-80.3222660001751,26.087625999641],[-80.3302929998214,26.0876570001713],[-80.3322069999524,26.08763400001],[-80.3342200001522,26.0876289997794],[-80.3383360002056,26.087675000102],[-80.3394999999244,26.0877140001019],[-80.3422590003519,26.087715000148],[-80.3462869999444,26.0876820004249],[-80.3542890002365,26.0877140001019],[-80.3542870001443,26.0913389999957],[-80.3626960003195,26.0913759999033],[-80.3626900000428,26.095181000004],[-80.3626560002735,26.0978740000859],[-80.3626849998122,26.1023159998844],[-80.3625730000433,26.1023179999766],[-80.3605500002816,26.1023080004148],[-80.3597549995929,26.1022989999997],[-80.3554430003935,26.1022899995847],[-80.3542270000754,26.1022880003917],[-80.346343999875,26.1023089995616],[-80.3422499999369,26.1021640000694],[-80.3341899996681,26.1021569997466],[-80.3301880003752,26.1022060002076],[-80.3221999998295,26.1021700003461],[-80.3138119997233,26.1021729995852],[-80.3138149998617,26.1002889999382],[-80.3138479995849,26.0876560001252]]]]}},{"type":"Feature","id":"FL-12011-T021-2022","properties":{"state_po":"FL","county_fips":"12011","county_name":"Broward County","precinct_id":"T021","geometry_vintage":"2022"},"geometry":{"type":"MultiPolygon","coordinates":[[[[-80.362499000228,26.0662989999997],[-80.3626459998124,26.0749109996438],[-80.3627389996045,26.0765879996374],[-80.3627090000197,26.0835030001642],[-80.3627049998352,26.086135000131],[-80.362702999743,26.0876420003789],[-80.3627019996969,26.0878370003782],[-80.3626960003195,26.0913759999033],[-80.3542870001443,26.0913389999957],[-80.3542890002365,26.0877140001019],[-80.3462869999444,26.0876820004249],[-80.3422590003519,26.087715000148],[-80.3394999999244,26.0877140001019],[-80.3383360002056,26.087675000102],[-80.3342200001522,26.0876289997794],[-80.3322069999524,26.08763400001],[-80.3302929998214,26.0876570001713],[-80.3222660001751,26.087625999641],[-80.3182520003289,26.0876289997794],[-80.3141449997913,26.087513999872],[-80.3138479995849,26.0876560001252],[-80.3139539999765,26.0767449996829],[-80.3142239998371,26.0748440001514],[-80.3142150003213,26.0719489997474],[-80.3137840002308,26.0684159995995],[-80.3136640000929,26.0643029996846],[-80.3136379997932,26.0638280002629],[-80.315883999946,26.0637779997558],[-80.3173819997788,26.0637450000326],[-80.3293939997327,26.0635209995953],[-80.3381159999528,26.0633640004492],[-80.3460570001298,26.0632109996887],[-80.3465749997358,26.0631979999886],[-80.3475650004238,26.0632440003112],[-80.3476909999391,26.0632660004264],[-80.3484089997748,26.0629409998281],[-80.3489909996343,26.0629450000126],[-80.3500109999071,26.0629369996437],[-80.3521939998526,26.0628839998976],[-80.3527539995968,26.0628710001974],[-80.3528880003802,26.062868000059],[-80.3536030000777,26.0628480000361],[-80.3542860000982,26.0628659999668],[-80.3581229998759,26.0627730001747],[-80.3610940001873,26.0628950004048],[-80.3623339998136,26.0628760004279],[-80.3623479995599,26.063242000219],[-80.362499000228,26.0662989999997]]]]}},{"type":"Feature","id":"FL-12011-T022-2022","properties":{"state_po":"FL","county_fips":"12011","county_name":"Broward County","precinct_id":"T022","geometry_vintage":"2022"},"geometry":{"type":"MultiPolygon","coordinates":[[[[-80.3542860000982,26.0628659999668],[-80.3536030000777,26.0628480000361],[-80.3535939996627,26.0628189995981],[-80.3528240001269,26.0628330002436],[-80.3500499999069,26.0628859999898],[-80.3491849995874,26.0629009997822],[-80.3480840000759,26.0629219998513],[-80.3480910003987,26.0629359995976],[-80.3484010003053,26.062928000128],[-80.3484089997748,26.0629409998281],[-80.3476909999391,26.0632660004264],[-80.3475650004238,26.0632440003112],[-80.3465749997358,26.0631979999886],[-80.3460570001298,26.0632109996887],[-80.3460489997609,26.062939999782],[-80.3461229995761,26.062939999782],[-80.3461210003832,26.0627789995521],[-80.3460230003605,26.0586079996604],[-80.3459669995767,26.0572750002419],[-80.3526819998738,26.0572720001036],[-80.3528209999885,26.0553189999728],[-80.3526710002658,26.0504359996225],[-80.3497010000005,26.0504330003835],[-80.3497309995853,26.0513460002186],[-80.3457749997158,26.0513399999419],[-80.3456829999698,26.0483790000916],[-80.345563999878,26.0441389997159],[-80.3455579996013,26.043996000316],[-80.3454550002474,26.0404860003295],[-80.34543100004,26.0400599995702],[-80.3453239996023,26.0368809995593],[-80.3452800002711,26.0353770003492],[-80.3452119998333,26.033239999827],[-80.3451549999027,26.0316229999024],[-80.3451109996722,26.0300520003004],[-80.3450990000182,26.0296170000254],[-80.3465040000589,26.0296129998409],[-80.3514420002475,26.0295909997257],[-80.3521240002217,26.0295759999333],[-80.3527910004037,26.0334050002414],[-80.3528670003112,26.0356349996564],[-80.3531210003333,26.0439799995782],[-80.3531269997106,26.0441510002693],[-80.3536060002161,26.059393999934],[-80.3542140003752,26.0626190002675],[-80.3542740004441,26.0628229997825],[-80.3542860000982,26.0628659999668]]]]}},{"type":"Feature","id":"FL-12011-T023-2022","properties":{"state_po":"FL","county_fips":"12011","county_name":"Broward County","precinct_id":"T023","geometry_vintage":"2022"},"geometry":{"type":"MultiPolygon","coordinates":[[[[-80.3616810002773,26.0368299999054],[-80.3615430002087,26.0413099996576],[-80.3615620001855,26.042245999654],[-80.361609999701,26.0441419998543],[-80.3616509997931,26.0447910001054],[-80.3617750001155,26.0467410000979],[-80.3618089998848,26.0472740003957],[-80.3616919998852,26.0472769996347],[-80.361729999839,26.0482450002075],[-80.3617479997697,26.0485990003444],[-80.3576919997853,26.0486180003213],[-80.3579000003841,26.0550900002042],[-80.3581019998067,26.0619679999241],[-80.3581169995992,26.0625590001986],[-80.3581209997836,26.062735000221],[-80.3581229998759,26.0627730001747],[-80.3542860000982,26.0628659999668],[-80.3542740004441,26.0628229997825],[-80.3542140003752,26.0626190002675],[-80.3536060002161,26.059393999934],[-80.3531269997106,26.0441510002693],[-80.3531210003333,26.0439799995782],[-80.3528670003112,26.0356349996564],[-80.3527910004037,26.0334050002414],[-80.3521240002217,26.0295759999333],[-80.3571370002717,26.0295390000257],[-80.3571879999256,26.0316349995564],[-80.3573039998791,26.0354019997034],[-80.3573379996483,26.0367719999287],[-80.361303999979,26.0367869997211],[-80.3613050000251,26.0368289998593],[-80.3616810002773,26.0368299999054]]],[[[-80.3536030000777,26.0628480000361],[-80.3528880003802,26.062868000059],[-80.3527539995968,26.0628710001974],[-80.3521939998526,26.0628839998976],[-80.3500109999071,26.0629369996437],[-80.3489909996343,26.0629450000126],[-80.3484089997748,26.0629409998281],[-80.3484010003053,26.062928000128],[-80.3480910003987,26.0629359995976],[-80.3480840000759,26.0629219998513],[-80.3491849995874,26.0629009997822],[-80.3500499999069,26.0628859999898],[-80.3528240001269,26.0628330002436],[-80.3535939996627,26.0628189995981],[-80.3536030000777,26.0628480000361]]]]}},{"type":"Feature","id":"FL-12011-T024-2022","properties":{"state_po":"FL","county_fips":"12011","county_name":"Broward County","precinct_id":"T024","geometry_vintage":"2022"},"geometry":{"type":"MultiPolygon","coordinates":[[[[-80.3694159999478,26.0373470003647],[-80.3694729998784,26.039965999732],[-80.3695049995554,26.0413359999573],[-80.3655119997783,26.0413339998651],[-80.365589999778,26.0441219998313],[-80.3636260000392,26.0441239999236],[-80.3635760004314,26.0441239999236],[-80.363381999579,26.0368309999516],[-80.3616810002773,26.0368299999054],[-80.3613050000251,26.0368289998593],[-80.361303999979,26.0367869997211],[-80.3613029999328,26.0367649996059],[-80.3653840001708,26.0367689997903],[-80.3654099995712,26.0377100000173],[-80.3666967387628,26.0377147493371],[-80.3667009997507,26.0372640001344],[-80.3694159999478,26.0373470003647]]]]}},{"type":"Feature","id":"FL-12011-U001-2022","properties":{"state_po":"FL","county_fips":"12011","county_name":"Broward County","precinct_id":"U001","geometry_vintage":"2022"},"geometry":{"type":"MultiPolygon","coordinates":[[[[-80.2809309996653,26.0446079997603],[-80.2809250002879,26.0446679998292],[-80.2808989999882,26.0448179995519],[-80.2808280003113,26.0450959997814],[-80.2807720004269,26.0452719998038],[-80.280683999966,26.0454740001259],[-80.2805279999666,26.0457629999634],[-80.2803350000596,26.0460889997084],[-80.2801359998758,26.0464100001223],[-80.2800359997609,26.0466129995911],[-80.2799860001531,26.0467139997522],[-80.2799199998075,26.0468810002588],[-80.2797869999694,26.0473330004185],[-80.2797500000618,26.0475080003948],[-80.2797469999235,26.0475790000717],[-80.2797730002231,26.0476760000482],[-80.2798860000382,26.0508469996902],[-80.2800149996918,26.0526599996601],[-80.2800709995763,26.0542930003226],[-80.2801080003833,26.0555930000178],[-80.2801929998065,26.0582549995694],[-80.2802509997832,26.0600670003926],[-80.2802529998754,26.0601400001618],[-80.2803400002902,26.0624939998991],[-80.2803620004053,26.064062000262],[-80.2803230004055,26.0642299999154],[-80.2802709998061,26.0644639999146],[-80.2708020002115,26.0646379998447],[-80.2651999999794,26.0647519997059],[-80.2643199998674,26.0647579999826],[-80.2603989998133,26.0648509997747],[-80.2603969997211,26.064559999845],[-80.2603870001593,26.0643770003991],[-80.2602330002521,26.0615199999489],[-80.2601859998833,26.0606549996294],[-80.260080000391,26.0568949998052],[-80.25997900023,26.0532970002572],[-80.259929999769,26.0515240003332],[-80.2599240003917,26.0497830000863],[-80.2599220002994,26.0497460001786],[-80.2598010001154,26.0470510000045],[-80.2597840002308,26.0452210001499],[-80.2650169996342,26.0450910004501],[-80.2651670002562,26.0450870002657],[-80.2691290004024,26.0449429999204],[-80.2710879999106,26.0448979996439],[-80.2721149996069,26.0448540003127],[-80.2749999995497,26.0447780004052],[-80.279155999649,26.044645999714],[-80.2809309996653,26.0446079997603]]]]}},{"type":"Feature","id":"FL-12011-U002-2022","properties":{"state_po":"FL","county_fips":"12011","county_name":"Broward County","precinct_id":"U002","geometry_vintage":"2022"},"geometry":{"type":"MultiPolygon","coordinates":[[[[-80.2878189998463,26.0444010001069],[-80.2878280002614,26.0447930001977],[-80.2896380000929,26.0447520001056],[-80.2896810002773,26.0457739995713],[-80.2878519995695,26.0457429999404],[-80.2878759997769,26.0468309997517],[-80.2879250002379,26.0483650003454],[-80.288778000004,26.048392999838],[-80.2911109996722,26.0483210001149],[-80.2919539998765,26.0482870003457],[-80.2921119999681,26.0532720000037],[-80.2880549999376,26.0533890000032],[-80.2880820002835,26.0543730004145],[-80.2881069996376,26.0554190000877],[-80.2921740001294,26.0552880003418],[-80.2922399995757,26.057286999896],[-80.2881570001448,26.0574209997802],[-80.288190999914,26.0591860002346],[-80.2881960001446,26.0599050001165],[-80.2882020004214,26.0604449998377],[-80.2883370003516,26.0604419996994],[-80.2883809996827,26.0604350002759],[-80.2884470000284,26.060438999561],[-80.2884599997285,26.060438999561],[-80.2887390000042,26.0604310000914],[-80.2899389995845,26.0603930001377],[-80.2900219998148,26.0603879999072],[-80.2903299996291,26.0603829996766],[-80.2906970003657,26.0603790003914],[-80.2912459996026,26.0603649997458],[-80.2916979997622,26.0603419995845],[-80.2923059999213,26.0603180002764],[-80.2933060001711,26.0603000003456],[-80.2933040000789,26.0602380001844],[-80.2932419999177,26.0582779997308],[-80.2942129997295,26.0582470000999],[-80.2943010001903,26.0602129999309],[-80.2943060004209,26.0602709999076],[-80.2942650003288,26.0602740000459],[-80.2942650003288,26.0603309999765],[-80.2942650003288,26.0603879999072],[-80.2942650003288,26.0604059998379],[-80.2942939998675,26.0627780004053],[-80.2942939998675,26.0627910001054],[-80.2943810002823,26.0627930001977],[-80.294419000236,26.0627930001977],[-80.2954609997247,26.0628550003589],[-80.2963870001593,26.062786999921],[-80.2964700003895,26.062786999921],[-80.2964900004125,26.0636979996638],[-80.2964900004125,26.0638820000551],[-80.2976489999008,26.0641170001003],[-80.2964870002742,26.0641430004],[-80.28844399989,26.0643029996846],[-80.2803580002209,26.0644639999146],[-80.2802709998061,26.0644639999146],[-80.2803230004055,26.0642299999154],[-80.2803620004053,26.064062000262],[-80.2803400002902,26.0624939998991],[-80.2802529998754,26.0601400001618],[-80.2802509997832,26.0600670003926],[-80.2801929998065,26.0582549995694],[-80.2801080003833,26.0555930000178],[-80.2800709995763,26.0542930003226],[-80.2800149996918,26.0526599996601],[-80.2798860000382,26.0508469996902],[-80.2797730002231,26.0476760000482],[-80.2797469999235,26.0475790000717],[-80.2797500000618,26.0475080003948],[-80.2797869999694,26.0473330004185],[-80.2799199998075,26.0468810002588],[-80.2799860001531,26.0467139997522],[-80.2800359997609,26.0466129995911],[-80.2801359998758,26.0464100001223],[-80.2803350000596,26.0460889997084],[-80.2805279999666,26.0457629999634],[-80.280683999966,26.0454740001259],[-80.2807720004269,26.0452719998038],[-80.2808280003113,26.0450959997814],[-80.2808989999882,26.0448179995519],[-80.2809250002879,26.0446679998292],[-80.2809309996653,26.0446079997603],[-80.2810950000336,26.0446049996219],[-80.2878189998463,26.0444010001069]],[[-80.2923080000135,26.06039500023],[-80.2916969997161,26.0604150002529],[-80.2885539995668,26.0605540003677],[-80.2884480000745,26.0605579996528],[-80.288382999775,26.0605609997912],[-80.288382999775,26.0605740003907],[-80.2883839998211,26.0606029999294],[-80.2883849998672,26.0606510003442],[-80.2883859999133,26.0607129996061],[-80.288432000236,26.0632470004496],[-80.2885050000051,26.0638500003781],[-80.2886019999817,26.0638450001475],[-80.2885670001663,26.0629100001972],[-80.2904060004359,26.0628730002896],[-80.2904390001591,26.0638359997325],[-80.2904430003435,26.0639860003545],[-80.2914619996709,26.0639759998933],[-80.2914560002935,26.0638189998479],[-80.2914330001322,26.0631919997119],[-80.2923789996904,26.0631749998273],[-80.2923080000135,26.06039500023]]]]}},{"type":"Feature","id":"FL-12011-U003-2022","properties":{"state_po":"FL","county_fips":"12011","county_name":"Broward County","precinct_id":"U003","geometry_vintage":"2022"},"geometry":{"type":"MultiPolygon","coordinates":[[[[-80.2973240002018,26.044128000108],[-80.2959069996077,26.044179999808],[-80.2938409996618,26.0442179997618],[-80.293255999664,26.0442369997387],[-80.2932399998254,26.0442379997847],[-80.2929520000341,26.044249000292],[-80.2927980001269,26.0442549996694],[-80.291380000386,26.0442939996692],[-80.2905000002742,26.0443250001995],[-80.2878189998463,26.0444010001069],[-80.2810950000336,26.0446049996219],[-80.2809309996653,26.0446079997603],[-80.279155999649,26.044645999714],[-80.2749999995497,26.0447780004052],[-80.2721149996069,26.0448540003127],[-80.2710879999106,26.0448979996439],[-80.2691290004024,26.0449429999204],[-80.2651670002562,26.0450870002657],[-80.2650169996342,26.0450910004501],[-80.2597840002308,26.0452210001499],[-80.2597850002769,26.0450900004041],[-80.2596310003697,26.0450870002657],[-80.2595260000242,26.0450850001735],[-80.2594189995865,26.0415309999565],[-80.2574040001938,26.0415879998872],[-80.2575129998244,26.0451369998735],[-80.2537089997699,26.045252999827],[-80.2517100002157,26.0453089997114],[-80.2513980002169,26.043105999743],[-80.2508280000116,26.0417870000709],[-80.2496020001315,26.0397970000324],[-80.2496970000159,26.0397569999864],[-80.2498380002229,26.0396979999636],[-80.2499730001532,26.0396399999869],[-80.2499289999228,26.0395549996644],[-80.249910999992,26.0395189998028],[-80.2498530000153,26.0393960004259],[-80.2498309999001,26.0393490000572],[-80.2497960000847,26.0392730001497],[-80.2497549999926,26.0391790003115],[-80.2497420002924,26.0391489998274],[-80.2497230003156,26.039103000404],[-80.2496909997392,26.0390240003582],[-80.2496699996701,26.038972999805],[-80.2496410001314,26.0388989999897],[-80.2496129997395,26.0388230000823],[-80.2495939997626,26.0387720004283],[-80.2495500004315,26.0386449999676],[-80.2495290003624,26.0385809997142],[-80.2495080002933,26.0385170003602],[-80.2494690002934,26.0383889998533],[-80.2494330004319,26.0382650004303],[-80.2494290002475,26.0382489996924],[-80.2493969996711,26.0381250002694],[-80.2493559995791,26.0379579997627],[-80.2491249997183,26.0336849996639],[-80.2526680003273,26.0335679996643],[-80.252645000166,26.0326610001059],[-80.2491039996492,26.032762000267],[-80.2490699998799,26.0312099997426],[-80.2528440003497,26.0311030002042],[-80.2565440001049,26.0309860002046],[-80.2645860004429,26.0307399996522],[-80.2714300003936,26.0303519997458],[-80.2765449997513,26.0301929996081],[-80.2804590003819,26.0300930003925],[-80.280442999644,26.0299370003931],[-80.2805760003815,26.0299330002086],[-80.2851669998565,26.0299819997704],[-80.2805950003583,26.0300900002542],[-80.2806880001504,26.0326290004289],[-80.280755999689,26.0341890004229],[-80.2807939996427,26.0353679999341],[-80.2852170003636,26.0353570003262],[-80.2917929996466,26.0353330001187],[-80.2922940002672,26.0357630001632],[-80.2923979996673,26.035761000071],[-80.2923959995751,26.0353279998882],[-80.2970300001338,26.035315000188],[-80.2970389996494,26.0356520004403],[-80.2971429999488,26.0395969998026],[-80.2973189999712,26.0440079999701],[-80.2973240002018,26.044128000108]]]]}},{"type":"Feature","id":"FL-12011-U004-2022","properties":{"state_po":"FL","county_fips":"12011","county_name":"Broward County","precinct_id":"U004","geometry_vintage":"2022"},"geometry":{"type":"MultiPolygon","coordinates":[[[[-80.2851669998565,26.0299819997704],[-80.2886480003043,26.0298530001168],[-80.2968079997887,26.0296210002099],[-80.3087340002733,26.0296109997487],[-80.3124150000515,26.0295489995875],[-80.3125999995897,26.0295430002101],[-80.3127870001193,26.0351760000732],[-80.3128399998655,26.0368020004129],[-80.3129090003494,26.0390410002428],[-80.3127150003963,26.0391649996659],[-80.3127569996352,26.0402589997539],[-80.3128419999577,26.0440039997856],[-80.312845000096,26.0441369996237],[-80.3108249995734,26.0441239999236],[-80.3068469995887,26.0441120002695],[-80.3049189997114,26.0441229998774],[-80.3034009998556,26.0441219998313],[-80.2999330000073,26.044128000108],[-80.2990549999876,26.0441270000618],[-80.2973240002018,26.044128000108],[-80.2973189999712,26.0440079999701],[-80.2971429999488,26.0395969998026],[-80.2970389996494,26.0356520004403],[-80.2970300001338,26.035315000188],[-80.2923959995751,26.0353279998882],[-80.2923979996673,26.035761000071],[-80.2922940002672,26.0357630001632],[-80.2917929996466,26.0353330001187],[-80.2852170003636,26.0353570003262],[-80.2807939996427,26.0353679999341],[-80.280755999689,26.0341890004229],[-80.2806880001504,26.0326290004289],[-80.2805950003583,26.0300900002542],[-80.2851669998565,26.0299819997704]]]]}},{"type":"Feature","id":"FL-12011-U005-2022","properties":{"state_po":"FL","county_fips":"12011","county_name":"Broward County","precinct_id":"U005","geometry_vintage":"2022"},"geometry":{"type":"MultiPolygon","coordinates":[[[[-80.2993239998021,26.0540069997242],[-80.297529999809,26.0540109999086],[-80.2975630004315,26.0534900001642],[-80.2974850004318,26.0506470003597],[-80.2974499997171,26.0494259998109],[-80.2973529997405,26.0494340001798],[-80.2960639996532,26.0494629997185],[-80.2960540000914,26.0491279995584],[-80.2960210003682,26.0481349996314],[-80.2939360004454,26.0481840000924],[-80.293832000146,26.0467290004439],[-80.2938180003998,26.045688000102],[-80.2938409996618,26.0442179997618],[-80.2959069996077,26.044179999808],[-80.2973240002018,26.044128000108],[-80.2990549999876,26.0441270000618],[-80.2999330000073,26.044128000108],[-80.3034009998556,26.0441219998313],[-80.3049189997114,26.0441229998774],[-80.3068469995887,26.0441120002695],[-80.3108249995734,26.0441239999236],[-80.3108309998501,26.0445370000834],[-80.3104317224454,26.044552751709],[-80.3102777216389,26.0445207520319],[-80.3100722643229,26.0445207520319],[-80.3097657223096,26.0445247531158],[-80.309498721688,26.0445857532308],[-80.3093037216888,26.0447087517084],[-80.3091119997184,26.044979999828],[-80.3092020002715,26.049415000203],[-80.3094710000859,26.058572999845],[-80.3102390004289,26.0585780000755],[-80.3112819999637,26.0585899997296],[-80.311233000402,26.0578360000322],[-80.3109059997115,26.0560019999932],[-80.3117459997774,26.0559149995784],[-80.3121300003986,26.0559110002933],[-80.3132200003021,26.0559169996707],[-80.3132810004172,26.058643000375],[-80.3133120000481,26.0633089997115],[-80.313613000439,26.0633059995731],[-80.3138709997462,26.0633040003802],[-80.3149730002032,26.0632929998729],[-80.3158819998537,26.0632830003111],[-80.3158849999921,26.063435000126],[-80.315883999946,26.0637779997558],[-80.3136379997932,26.0638280002629],[-80.3133279998866,26.0638339996402],[-80.3105199998974,26.0638969998475],[-80.3096150004313,26.0638599999399],[-80.297812000223,26.064113999962],[-80.2978059999463,26.0638660002166],[-80.2977999996696,26.0636890001481],[-80.297661999601,26.0602760001382],[-80.2976649997393,26.0601570000464],[-80.2976990004079,26.0601560000003],[-80.2976930001312,26.0599709995628],[-80.2976990004079,26.0595649997258],[-80.2976940001773,26.0593499997036],[-80.297762999762,26.0584759998684],[-80.3016979995624,26.0586129998909],[-80.3015410004162,26.0539990002545],[-80.3008120000731,26.0540109999086],[-80.3008239997271,26.0544640001144],[-80.3001237264282,26.0544777039837],[-80.3001197532234,26.0542494389613],[-80.3001157188647,26.0540177547165],[-80.2993239998021,26.0540069997242]]]]}},{"type":"Feature","id":"FL-12011-U006-2022","properties":{"state_po":"FL","county_fips":"12011","county_name":"Broward County","precinct_id":"U006","geometry_vintage":"2022"},"geometry":{"type":"MultiPolygon","coordinates":[[[[-80.3092020002715,26.049415000203],[-80.3091119997184,26.044979999828],[-80.3093327212275,26.0446847532996],[-80.3095707223104,26.0445627530695],[-80.3098437223093,26.0445207520319],[-80.3102777216389,26.0445207520319],[-80.3104317224454,26.044552751709],[-80.3108309998501,26.0445370000834],[-80.3108249995734,26.0441239999236],[-80.312845000096,26.0441369996237],[-80.3130679995879,26.0441350004308],[-80.313078000049,26.0445259995761],[-80.3128589998423,26.0445259995761],[-80.3130190000262,26.0487599996751],[-80.3131000001642,26.0513860002646],[-80.3131519998643,26.0533829997265],[-80.3132200003021,26.0559169996707],[-80.3121300003986,26.0559110002933],[-80.3117459997774,26.0559149995784],[-80.3109059997115,26.0560019999932],[-80.311233000402,26.0578360000322],[-80.3112819999637,26.0585899997296],[-80.3102390004289,26.0585780000755],[-80.3094710000859,26.058572999845],[-80.3092020002715,26.049415000203]]]]}},{"type":"Feature","id":"FL-12011-U007-2022","properties":{"state_po":"FL","county_fips":"12011","county_name":"Broward County","precinct_id":"U007","geometry_vintage":"2022"},"geometry":{"type":"MultiPolygon","coordinates":[[[[-80.3176719996624,26.0558750004318],[-80.3176490004004,26.0549669999279],[-80.321516999809,26.0549679999741],[-80.3214749996708,26.0513310004262],[-80.3296410003313,26.0513310004262],[-80.3298649998692,26.0576199999639],[-80.3298659999153,26.0586040003752],[-80.3218800003611,26.0586010002368],[-80.3157479999696,26.0586000001907],[-80.3158340003382,26.0616089995565],[-80.3149279999266,26.0616309996718],[-80.3149730002032,26.0632929998729],[-80.3138709997462,26.0633040003802],[-80.313613000439,26.0633059995731],[-80.3133120000481,26.0633089997115],[-80.3132810004172,26.058643000375],[-80.3132200003021,26.0559169996707],[-80.313402999748,26.0559169996707],[-80.3134779996093,26.0586519998907],[-80.3137210000235,26.0586509998446],[-80.3136460001621,26.0558759995786],[-80.3176719996624,26.0558750004318]]],[[[-80.3133320000711,26.0533809996343],[-80.3131519998643,26.0533829997265],[-80.3131000001642,26.0513860002646],[-80.3130190000262,26.0487599996751],[-80.3128589998423,26.0445259995761],[-80.313078000049,26.0445259995761],[-80.3130679995879,26.0441350004308],[-80.312845000096,26.0441369996237],[-80.3128419999577,26.0440039997856],[-80.3127569996352,26.0402589997539],[-80.3127150003963,26.0391649996659],[-80.3129090003494,26.0390410002428],[-80.3128399998655,26.0368020004129],[-80.3131689997489,26.0368010003667],[-80.3170079996188,26.0368390003205],[-80.3170939999874,26.0368390003205],[-80.3171459996875,26.0386179996219],[-80.3151640000179,26.0386179996219],[-80.3152209999485,26.0404339997302],[-80.317200000379,26.0404339997302],[-80.3172760002865,26.0426149995835],[-80.3162939999675,26.0426140004366],[-80.3163600003131,26.0440890001082],[-80.3153359998558,26.0440969995777],[-80.3153850003168,26.0458830001012],[-80.3145040001588,26.0458830001012],[-80.3145309996053,26.0468450003973],[-80.3136100003006,26.0470269997971],[-80.3137600000233,26.0486649997908],[-80.3131980001869,26.0487110001134],[-80.3132000002791,26.0487619997673],[-80.3132720000021,26.0513870003107],[-80.3133320000711,26.0533809996343]]],[[[-80.3176490004004,26.0549669999279],[-80.3136199998625,26.0549679999741],[-80.3135847230559,26.0535347549259],[-80.3138400001152,26.0535270000719],[-80.3138420002075,26.0540570002312],[-80.3176290003774,26.0540610004157],[-80.3176490004004,26.0549669999279]]]]}},{"type":"Feature","id":"FL-12011-V001-2022","properties":{"state_po":"FL","county_fips":"12011","county_name":"Broward County","precinct_id":"V001","geometry_vintage":"2022"},"geometry":{"type":"MultiPolygon","coordinates":[[[[-80.1216259998394,25.9895820001101],[-80.121338000048,25.99033000043],[-80.1204480003743,25.9926040000754],[-80.1200520000991,25.997158999689],[-80.1195490002855,25.9971609997812],[-80.1188420000576,26.0047299998905],[-80.1188240001268,26.005353999888],[-80.1189149998267,26.0059949997703],[-80.1182529998754,26.012221],[-80.1180759998069,26.0122230000923],[-80.1176489999008,26.012241000023],[-80.1175139999705,26.0122480003458],[-80.1176609995549,26.0109990003045],[-80.1160380002528,26.0110239996587],[-80.1157450002309,26.0109560001202],[-80.1151109997722,26.0107879995674],[-80.1123160003825,26.0104690001451],[-80.1145370002817,25.9924769996147],[-80.1152109998871,25.9869989997049],[-80.1172470002482,25.9869920002815],[-80.1176356638542,25.9869957423605],[-80.1176146197183,25.9871693043208],[-80.1180216636682,25.9872057421521],[-80.1180509995533,25.9868239997287],[-80.1180810000375,25.98647299973],[-80.1182149999216,25.9864670003527],[-80.1192649997793,25.9864270003067],[-80.1192700000099,25.9863660001916],[-80.1193989996635,25.986401000007],[-80.1212959999098,25.986532999799],[-80.1217660000003,25.9865119997299],[-80.1221980001369,25.986492999753],[-80.1220496659587,25.9878037418501],[-80.1218681629847,25.9889868746454],[-80.1216259998394,25.9895820001101]]]]}},{"type":"Feature","id":"FL-12011-V002-2022","properties":{"state_po":"FL","county_fips":"12011","county_name":"Broward County","precinct_id":"V002","geometry_vintage":"2022"},"geometry":{"type":"MultiPolygon","coordinates":[[[[-80.1188240001268,26.005353999888],[-80.1188420000576,26.0047299998905],[-80.1195490002855,25.9971609997812],[-80.1200520000991,25.997158999689],[-80.120020000422,25.9974719997339],[-80.1216930002311,25.9974129997111],[-80.1236959999698,25.9973460002186],[-80.1243959998748,25.9972710003573],[-80.1253740000095,25.9972179997118],[-80.1269210003033,25.9971730003345],[-80.1286459998124,25.9971769996197],[-80.129542999809,25.997148000081],[-80.1303910002438,25.9971209997352],[-80.1340859997684,25.9970019996434],[-80.1345909996742,25.9969970003122],[-80.1366019997818,25.996925999736],[-80.1386089997049,25.9968560001052],[-80.1406389997894,25.9967810002439],[-80.1426089998048,25.9967800001977],[-80.142610999897,25.9976760001481],[-80.1427799995966,25.9976689998253],[-80.1427879999655,25.9985910000755],[-80.1427970003806,25.9995389997259],[-80.1428140002652,26.0004599999299],[-80.1428330002421,26.0013830002262],[-80.142711000012,26.0013870004106],[-80.1427259998044,26.0023089997614],[-80.1427500000119,26.0032279998731],[-80.1428760004264,26.0032239996887],[-80.1428930003111,26.0041560004],[-80.1427770003576,26.0041599996851],[-80.1408139997656,26.0042229998924],[-80.1388069998425,26.0042860000997],[-80.1368060001961,26.0043529995921],[-80.1348029995581,26.0044179998916],[-80.132378000144,26.0044709996378],[-80.132176999868,26.00447299973],[-80.1309299999189,26.004502000168],[-80.1300190001761,26.0045240002832],[-80.127689999793,26.0045879996374],[-80.1259790000302,26.0046220003059],[-80.1252460004019,26.0046479997063],[-80.1228159998578,26.0047079997752],[-80.1197820002384,26.0047760002131],[-80.1198010002153,26.0056209996103],[-80.1192990004479,26.0055109999336],[-80.1188240001268,26.005353999888]]]]}},{"type":"Feature","id":"FL-12011-V003-2022","properties":{"state_po":"FL","county_fips":"12011","county_name":"Broward County","precinct_id":"V003","geometry_vintage":"2022"},"geometry":{"type":"MultiPolygon","coordinates":[[[[-80.1432566717573,26.0126987477499],[-80.1432539998715,26.0126940002288],[-80.1431786717577,26.0127777477957],[-80.1431326732337,26.0129087484408],[-80.1430789998953,26.013415000203],[-80.1430989999183,26.0143330002686],[-80.1431060002411,26.0152609998961],[-80.1431490004254,26.0161890004229],[-80.1431729997335,26.0171299997506],[-80.1432030002176,26.018045999724],[-80.1432270004251,26.0189429997205],[-80.1421720003369,26.018978999582],[-80.1415979999471,26.0189970004121],[-80.1411689999487,26.0190100001123],[-80.14017900016,26.0190269999969],[-80.1392480003943,26.0190459999738],[-80.1372950002634,26.0190870000659],[-80.1360409999915,26.0191169996507],[-80.1353109996023,26.0191340004346],[-80.1342979996523,26.0191589997889],[-80.1339479996998,26.0191660001117],[-80.1334969995862,26.0191789998118],[-80.1328729995886,26.0191870001808],[-80.1305379998282,26.0192460002036],[-80.1293499999019,26.0192640001344],[-80.1282149997218,26.0192880003418],[-80.1257470001233,26.0193260002956],[-80.1233090001096,26.0193670003876],[-80.1211500003716,26.0194250003643],[-80.1210090001646,26.0186339998601],[-80.1180460002221,26.018763000413],[-80.1176869998545,26.0187839995828],[-80.1182529998754,26.012221],[-80.1189149998267,26.0059949997703],[-80.1188240001268,26.005353999888],[-80.1192990004479,26.0055109999336],[-80.1198010002153,26.0056209996103],[-80.1197820002384,26.0047760002131],[-80.1228159998578,26.0047079997752],[-80.1252460004019,26.0046479997063],[-80.1259790000302,26.0046220003059],[-80.127689999793,26.0045879996374],[-80.1300190001761,26.0045240002832],[-80.1309299999189,26.004502000168],[-80.132176999868,26.00447299973],[-80.132378000144,26.0044709996378],[-80.1348029995581,26.0044179998916],[-80.1368060001961,26.0043529995921],[-80.1388069998425,26.0042860000997],[-80.1408139997656,26.0042229998924],[-80.1427770003576,26.0041599996851],[-80.1428930003111,26.0041560004],[-80.1429100001957,26.0050349995665],[-80.1429340004032,26.0059700004161],[-80.1429589997574,26.006902000228],[-80.1429840000109,26.0078249996249],[-80.1430149996419,26.0087500000134],[-80.1430409999415,26.009678999687],[-80.143042344428,26.0096837939728],[-80.1430437959338,26.0096889758664],[-80.1430506721502,26.0099787473222],[-80.1430556723807,26.0101457478289],[-80.1430536722885,26.0102147474136],[-80.1430636718503,26.0102537474134],[-80.1430966715735,26.0102917473671],[-80.1432316148465,26.0103664999149],[-80.1432356716882,26.0103687473207],[-80.1432612717896,26.0103749814211],[-80.1434286715952,26.0104157476895],[-80.1435746720329,26.0104687474356],[-80.1436626715944,26.0105067473893],[-80.1437466718708,26.010543747297],[-80.1438106640302,26.0105883743549],[-80.1438226717782,26.0105967479424],[-80.1438231718013,26.0105972317777],[-80.1441026729993,26.0108767473649],[-80.1441866723763,26.0110247478947],[-80.1442416731141,26.0111557476405],[-80.1442926718686,26.0113077483548],[-80.144321673206,26.0114197472244],[-80.1443366729984,26.0115717479387],[-80.1442836723529,26.0118467471306],[-80.1441886715693,26.0120687483749],[-80.144045861027,26.0122660065718],[-80.1439846729536,26.0123417483738],[-80.1439386717316,26.0123977482584],[-80.1438366724238,26.0124977483733],[-80.1436773107586,26.0125672767593],[-80.1435856716408,26.0126137483267],[-80.1434156718951,26.0126757475886],[-80.1432566717573,26.0126987477499]]]]}},{"type":"Feature","id":"FL-12011-V004-2022","properties":{"state_po":"FL","county_fips":"12011","county_name":"Broward County","precinct_id":"V004","geometry_vintage":"2022"},"geometry":{"type":"MultiPolygon","coordinates":[[[[-80.1123160003825,26.0104690001451],[-80.1151109997722,26.0107879995674],[-80.1157450002309,26.0109560001202],[-80.1160380002528,26.0110239996587],[-80.1176609995549,26.0109990003045],[-80.1175139999705,26.0122480003458],[-80.1176489999008,26.012241000023],[-80.1180759998069,26.0122230000923],[-80.1182529998754,26.012221],[-80.1176869998545,26.0187839995828],[-80.1180460002221,26.018763000413],[-80.1210090001646,26.0186339998601],[-80.1211500003716,26.0194250003643],[-80.1233090001096,26.0193670003876],[-80.1257470001233,26.0193260002956],[-80.1282149997218,26.0192880003418],[-80.1293499999019,26.0192640001344],[-80.1305379998282,26.0192460002036],[-80.1328729995886,26.0191870001808],[-80.1334969995862,26.0191789998118],[-80.1339479996998,26.0191660001117],[-80.1342979996523,26.0191589997889],[-80.1353109996023,26.0191340004346],[-80.1360409999915,26.0191169996507],[-80.1372950002634,26.0190870000659],[-80.1392480003943,26.0190459999738],[-80.14017900016,26.0190269999969],[-80.1411689999487,26.0190100001123],[-80.1415979999471,26.0189970004121],[-80.1421720003369,26.018978999582],[-80.1432270004251,26.0189429997205],[-80.1432299996641,26.0208349997363],[-80.1432369999869,26.0212390003804],[-80.1432369999869,26.0217299996406],[-80.143238000033,26.0226089997065],[-80.1432339998486,26.0235239996338],[-80.1432460004019,26.0244599996301],[-80.1432430002636,26.0253540003877],[-80.1432479995948,26.0262749996924],[-80.1432570000099,26.0271870003807],[-80.1432650003788,26.028102000308],[-80.1432679996178,26.0290849997738],[-80.1432749999406,26.0299370003931],[-80.1432770000329,26.0304230003221],[-80.1432770000329,26.0308429999054],[-80.1432820002635,26.0313020003879],[-80.1432850004018,26.0317640001094],[-80.1432939999175,26.0326719997139],[-80.1432850004018,26.0335370000334],[-80.1432850004018,26.0336420003789],[-80.1410829995801,26.0336990003095],[-80.1349110000419,26.0338320001476],[-80.1348610004342,26.0338340002398],[-80.1301029995531,26.033938999686],[-80.1303300001288,26.034789000213],[-80.1301530000603,26.0355389997259],[-80.1306280003812,26.0488029998595],[-80.1306790000352,26.052668000029],[-80.127365000094,26.052748000121],[-80.1154469999784,26.0530800001428],[-80.1146350003044,26.053102000258],[-80.1143349999596,26.0531089996814],[-80.1143519998443,26.0528779998207],[-80.1128570001498,26.0530380000046],[-80.1122479999446,26.0532760001881],[-80.1120740000145,26.0548730000897],[-80.1115039998091,26.0548540001129],[-80.1068550003573,26.0547170000904],[-80.110509999836,26.0250479997662],[-80.1123160003825,26.0104690001451]]]]}},{"type":"Feature","id":"FL-12011-V005-2022","properties":{"state_po":"FL","county_fips":"12011","county_name":"Broward County","precinct_id":"V005","geometry_vintage":"2022"},"geometry":{"type":"MultiPolygon","coordinates":[[[[-80.1024749998207,26.0930620003119],[-80.1039890003914,26.0903789997919],[-80.1043930001362,26.0880579997777],[-80.1069290001726,26.0588659998669],[-80.1064630002666,26.0580360002621],[-80.1068550003573,26.0547170000904],[-80.1115039998091,26.0548540001129],[-80.1120740000145,26.0548730000897],[-80.1122479999446,26.0532760001881],[-80.1128570001498,26.0530380000046],[-80.1143519998443,26.0528779998207],[-80.1143349999596,26.0531089996814],[-80.1146350003044,26.053102000258],[-80.1154469999784,26.0530800001428],[-80.127365000094,26.052748000121],[-80.1273670001863,26.052869000305],[-80.1275030001627,26.0604089999762],[-80.1295219997399,26.0598979997937],[-80.12959200027,26.0632000000808],[-80.1298509996233,26.070696000421],[-80.1299169999689,26.0725650002754],[-80.1278900000228,26.0726149998832],[-80.1281310003448,26.0797729999249],[-80.1280609998146,26.0820309997317],[-80.1280579996763,26.0821360000772],[-80.128063999953,26.0824639999145],[-80.1281429999988,26.0854039996957],[-80.1282450002059,26.0891760000732],[-80.1293629996021,26.0891450004423],[-80.1350039998341,26.0890270003966],[-80.1363289997829,26.0891319998428],[-80.1363770001977,26.0897820001401],[-80.1363800003361,26.0899800002776],[-80.1359339995538,26.0917350002709],[-80.1356390003389,26.0928440001514],[-80.1323349999596,26.0929600001048],[-80.1294689999937,26.0929559999203],[-80.128439000159,26.0929850003583],[-80.1263100000058,26.093042000289],[-80.1245400002202,26.0930889997584],[-80.1242959997599,26.0930960000812],[-80.1238220003843,26.0931109998736],[-80.1177009996008,26.0932190003575],[-80.1139140003302,26.0932510000345],[-80.1081580001909,26.0932980004033],[-80.1067479999196,26.0933079999651],[-80.1051059997414,26.0933189995731],[-80.1051249997183,26.0930279996434],[-80.1024749998207,26.0930620003119]]]]}},{"type":"Feature","id":"FL-12011-V006-2022","properties":{"state_po":"FL","county_fips":"12011","county_name":"Broward County","precinct_id":"V006","geometry_vintage":"2022"},"geometry":{"type":"MultiPolygon","coordinates":[[[[-80.1434156718951,26.0126757475886],[-80.1435856716408,26.0126137483267],[-80.1436773107586,26.0125672767593],[-80.1438366724238,26.0124977483733],[-80.1439386717316,26.0123977482584],[-80.144028673184,26.0122897477745],[-80.1441886715693,26.0120687483749],[-80.1442836723529,26.0118467471306],[-80.1443366729984,26.0115717479387],[-80.144321673206,26.0114197472244],[-80.1442926718686,26.0113077483548],[-80.1442416731141,26.0111557476405],[-80.1441866723763,26.0110247478947],[-80.1441026729993,26.0108767473649],[-80.143823196083,26.0105972713479],[-80.1438226717782,26.0105967479424],[-80.1438106658289,26.0105883752542],[-80.1437466718708,26.010543747297],[-80.1434286715952,26.0104157476895],[-80.1432535502105,26.0103719821821],[-80.1432316148465,26.0103664999149],[-80.1430966715735,26.0102917473671],[-80.1430636718503,26.0102537474134],[-80.1430536722885,26.0102147474136],[-80.1430437959338,26.0096889758664],[-80.1430409999415,26.009678999687],[-80.1430149996419,26.0087500000134],[-80.1429840000109,26.0078249996249],[-80.1429589997574,26.006902000228],[-80.1429340004032,26.0059700004161],[-80.1429100001957,26.0050349995665],[-80.1428930003111,26.0041560004],[-80.1428760004264,26.0032239996887],[-80.1427500000119,26.0032279998731],[-80.1427259998044,26.0023089997614],[-80.142711000012,26.0013870004106],[-80.1428330002421,26.0013830002262],[-80.1428140002652,26.0004599999299],[-80.1427970003806,25.9995389997259],[-80.1427879999655,25.9985910000755],[-80.1427799995966,25.9976689998253],[-80.142610999897,25.9976760001481],[-80.1426089998048,25.9967800001977],[-80.1427609996198,25.9967749999672],[-80.1436409997317,25.9967430002901],[-80.1446919996354,25.9967119997598],[-80.1466849998122,25.9966549998293],[-80.1477430000388,25.9966389999907],[-80.1483510001979,25.9966349998063],[-80.1485979998971,25.9966319996679],[-80.1487859995736,25.9966290004289],[-80.14881800015,25.9975240003332],[-80.1488509998731,25.9983689997304],[-80.14886999985,25.9991040003502],[-80.1488919999652,25.9997909996558],[-80.1489059997115,26.0004779998607],[-80.1489459997574,26.0011749996274],[-80.1489669998265,26.001858999694],[-80.1489950002184,26.0025380004292],[-80.1490209996188,26.0032289999193],[-80.1490279999416,26.0039400003316],[-80.1490960003795,26.0051830000962],[-80.1491300001487,26.006416000299],[-80.149163999918,26.0076580000176],[-80.1492229999408,26.0088809997592],[-80.1492379997332,26.0094380002644],[-80.1492569997101,26.0101050004463],[-80.1492710003557,26.0104900002142],[-80.1492860001482,26.0112619998423],[-80.1492910003787,26.0114240001184],[-80.1493129995946,26.0123270003916],[-80.1493300003785,26.0126479999062],[-80.14936600024,26.0134599995802],[-80.1493850002169,26.0138779999706],[-80.1494139997556,26.0150869999659],[-80.1494739998246,26.0163200001687],[-80.149507000447,26.0175629999334],[-80.1495269995707,26.0188020004128],[-80.1496040004236,26.0206910002903],[-80.1496220003544,26.0216339997102],[-80.1496709999161,26.0224650002604],[-80.1496879998007,26.0233640003492],[-80.1497210004232,26.0243079998152],[-80.1497629996621,26.025218999558],[-80.1497790003999,26.026138999716],[-80.1497960002845,26.0270510004042],[-80.1498370003766,26.0279630001932],[-80.149862999777,26.0288810002588],[-80.1498979995923,26.0297930000478],[-80.1499310002148,26.0307100000673],[-80.1499550004223,26.0316209998102],[-80.1500120003529,26.0325549997144],[-80.1500209998686,26.033392999688],[-80.150024000007,26.0335230002871],[-80.1498069998925,26.0335260004255],[-80.1495600001932,26.0335299997106],[-80.1476140003851,26.033573999941],[-80.1453219999097,26.0336160000792],[-80.1432850004018,26.0336420003789],[-80.1432850004018,26.0335370000334],[-80.1432939999175,26.0326719997139],[-80.1432850004018,26.0317640001094],[-80.1432820002635,26.0313020003879],[-80.1432770000329,26.0308429999054],[-80.1432770000329,26.0304230003221],[-80.1432749999406,26.0299370003931],[-80.1432679996178,26.0290849997738],[-80.1432650003788,26.028102000308],[-80.1432570000099,26.0271870003807],[-80.1432479995948,26.0262749996924],[-80.1432430002636,26.0253540003877],[-80.1432460004019,26.0244599996301],[-80.1432339998486,26.0235239996338],[-80.143238000033,26.0226089997065],[-80.1432369999869,26.0217299996406],[-80.1432369999869,26.0212390003804],[-80.1432299996641,26.0208349997363],[-80.1432270004251,26.0189429997205],[-80.1432030002176,26.018045999724],[-80.1431729997335,26.0171299997506],[-80.1431490004254,26.0161890004229],[-80.1431060002411,26.0152609998961],[-80.1430989999183,26.0143330002686],[-80.1430789998953,26.013415000203],[-80.1431326732337,26.0129087484408],[-80.1431786717577,26.0127777477957],[-80.1432516013796,26.0127038837781],[-80.1432566717573,26.0126987477499],[-80.1434156718951,26.0126757475886]]]]}},{"type":"Feature","id":"FL-12011-V007-2022","properties":{"state_po":"FL","county_fips":"12011","county_name":"Broward County","precinct_id":"V007","geometry_vintage":"2022"},"geometry":{"type":"MultiPolygon","coordinates":[[[[-80.1495269995707,26.0188020004128],[-80.149507000447,26.0175629999334],[-80.1494739998246,26.0163200001687],[-80.1494139997556,26.0150869999659],[-80.1493850002169,26.0138779999706],[-80.14936600024,26.0134599995802],[-80.1493300003785,26.0126479999062],[-80.1493129995946,26.0123270003916],[-80.1492910003787,26.0114240001184],[-80.1492860001482,26.0112619998423],[-80.1509630001417,26.0112300001652],[-80.1544639997132,26.0111619997274],[-80.1544689999437,26.0112989997499],[-80.1544960002895,26.012493999999],[-80.1545360003355,26.0137300003401],[-80.1545969995512,26.0149429996206],[-80.154632000266,26.0161800000079],[-80.1546670000814,26.017418999588],[-80.1547050000351,26.0186669995832],[-80.1511600002332,26.0187610003208],[-80.1495269995707,26.0188020004128]]]]}},{"type":"Feature","id":"FL-12011-V008-2022","properties":{"state_po":"FL","county_fips":"12011","county_name":"Broward County","precinct_id":"V008","geometry_vintage":"2022"},"geometry":{"type":"MultiPolygon","coordinates":[[[[-80.1668689998039,26.0107569999365],[-80.1665810000124,26.0107650003054],[-80.1632750004402,26.0109220003509],[-80.1613716770606,26.011001746834],[-80.1606246776861,26.0110117472952],[-80.1605016774099,26.0109927473183],[-80.1603119995984,26.0108719998438],[-80.160333676857,26.0109367474338],[-80.1603446773643,26.0110967467183],[-80.1603376770415,26.0112677474095],[-80.1602806771109,26.0115027465554],[-80.1601416769961,26.0117227477075],[-80.1599816777116,26.0118897473148],[-80.1598036766977,26.0120197479139],[-80.1595886766754,26.0121207471756],[-80.1593846771605,26.0121737478211],[-80.1592166766077,26.0121947478902],[-80.1592140002253,26.0121900003691],[-80.159034677208,26.0121817472907],[-80.1589016773698,26.0121487475675],[-80.1587596771167,26.0121137477522],[-80.1585246761722,26.0119987478448],[-80.1583266760346,26.0118467471306],[-80.1582166772572,26.011720746716],[-80.1581466767271,26.011605747708],[-80.1581286767964,26.0115757472238],[-80.1580506767966,26.0113947478702],[-80.1580436773731,26.0113087466023],[-80.158043397684,26.0113058112151],[-80.1580410000914,26.0113039999805],[-80.1580250002529,26.0110249997048],[-80.1544639997132,26.0111619997274],[-80.1509630001417,26.0112300001652],[-80.1492860001482,26.0112619998423],[-80.1492710003557,26.0104900002142],[-80.1492569997101,26.0101050004463],[-80.1492379997332,26.0094380002644],[-80.1492229999408,26.0088809997592],[-80.149163999918,26.0076580000176],[-80.1491300001487,26.006416000299],[-80.1490960003795,26.0051830000962],[-80.1490279999416,26.0039400003316],[-80.1490209996188,26.0032289999193],[-80.1489950002184,26.0025380004292],[-80.1489669998265,26.001858999694],[-80.1489459997574,26.0011749996274],[-80.1489059997115,26.0004779998607],[-80.1488919999652,25.9997909996558],[-80.14886999985,25.9991040003502],[-80.1488509998731,25.9983689997304],[-80.14881800015,25.9975240003332],[-80.1487859995736,25.9966290004289],[-80.1507819998887,25.9965470002447],[-80.1518149998617,25.9965070001988],[-80.1528200003421,25.9964819999452],[-80.153852000269,25.9964569996916],[-80.154876999873,25.9964290001991],[-80.1559020003764,25.9963979996688],[-80.1569219997498,25.9963750004068],[-80.1588519997193,25.9963239998536],[-80.1607409995968,25.9962679999691],[-80.1628030002576,25.9962340001998],[-80.1655069999474,25.9962330001537],[-80.1658620001306,25.9962279999231],[-80.1661360001756,25.9962170003152],[-80.1661398303882,25.996244553744],[-80.1661946791404,25.9973307441194],[-80.1662466779412,25.9978877437252],[-80.1663406777794,25.9984437441843],[-80.1666053212779,25.9995931002422],[-80.1667866785617,26.0003807435773],[-80.1670046787223,26.0019477447935],[-80.1671330002871,26.0033890001031],[-80.167151679206,26.0038347445787],[-80.1671398018597,26.0044380556726],[-80.167055610927,26.0055488470026],[-80.1669896789299,26.0064187459292],[-80.1669756791836,26.0071107463647],[-80.166889678815,26.0080937458306],[-80.1668576791379,26.0091457466797],[-80.1668689998039,26.0107569999365]]]]}},{"type":"Feature","id":"FL-12011-V009-2022","properties":{"state_po":"FL","county_fips":"12011","county_name":"Broward County","precinct_id":"V009","geometry_vintage":"2022"},"geometry":{"type":"MultiPolygon","coordinates":[[[[-80.1574889998169,26.0332619999422],[-80.1554650000091,26.0332969997576],[-80.1554736766682,26.0332317530438],[-80.1555026762069,26.0331707529287],[-80.1555224792783,26.0331589511256],[-80.1556016762757,26.0331117529059],[-80.1557266766442,26.0330647516378],[-80.1557866767131,26.03301975316],[-80.1558196764362,26.0329767529756],[-80.1558186763902,26.032458751571],[-80.1558046766439,26.0323147530243],[-80.1557516759984,26.0321767529556],[-80.1556699051413,26.0321041291032],[-80.1555466764373,26.0320357518493],[-80.1554896756074,26.0319957518034],[-80.1554386759534,26.0319117533256],[-80.1554310002398,26.0315320002025],[-80.1554059999863,26.0306190003674],[-80.1553900001477,26.0296990002096],[-80.1553779995944,26.0287769999595],[-80.1553469999634,26.0278660002166],[-80.1553330002171,26.0269429999204],[-80.1553180004247,26.0260239998086],[-80.1532909995793,26.0260629998085],[-80.1512940001173,26.0261049999467],[-80.1497790003999,26.026138999716],[-80.1497629996621,26.025218999558],[-80.1497210004232,26.0243079998152],[-80.1496879998007,26.0233640003492],[-80.1496709999161,26.0224650002604],[-80.1496220003544,26.0216339997102],[-80.1496040004236,26.0206910002903],[-80.1495269995707,26.0188020004128],[-80.1511600002332,26.0187610003208],[-80.1547050000351,26.0186669995832],[-80.1546670000814,26.017418999588],[-80.154632000266,26.0161800000079],[-80.1545969995512,26.0149429996206],[-80.1545360003355,26.0137300003401],[-80.1544960002895,26.012493999999],[-80.1544689999437,26.0112989997499],[-80.1544639997132,26.0111619997274],[-80.1580250002529,26.0110249997048],[-80.1580410000914,26.0113039999805],[-80.158043397684,26.0113058112151],[-80.1580506767966,26.0113947478702],[-80.1581286767964,26.0115757472238],[-80.1582166772572,26.011720746716],[-80.1583266760346,26.0118467471306],[-80.1585246761722,26.0119987478448],[-80.1587596771167,26.0121137477522],[-80.159034677208,26.0121817472907],[-80.1592166766077,26.0121947478902],[-80.1593846771605,26.0121737478211],[-80.1595886766754,26.0121207471756],[-80.1598036766977,26.0120197479139],[-80.1599816777116,26.0118897473148],[-80.1601416769961,26.0117227477075],[-80.1602806771109,26.0115027465554],[-80.1603349997598,26.0112629998884],[-80.1603119995984,26.0108719998438],[-80.1605016774099,26.0109927473183],[-80.1606246776861,26.0110117472952],[-80.1613716770606,26.011001746834],[-80.1632750004402,26.0109220003509],[-80.1665810000124,26.0107650003054],[-80.1668689998039,26.0107569999365],[-80.1676679997777,26.0107359998674],[-80.1676730000083,26.0109679997743],[-80.167802999708,26.0184139996073],[-80.1679249999381,26.0238809999091],[-80.1679740003992,26.0257950000401],[-80.1681280003063,26.033422000126],[-80.1681310004446,26.0335669996182],[-80.1656490002005,26.0334169998955],[-80.1656569996701,26.0331999997811],[-80.1644889997669,26.0331900002192],[-80.1642270002752,26.0331900002192],[-80.1633349996099,26.0331920003114],[-80.1615950003084,26.0332440000115],[-80.159505000155,26.0332440000115],[-80.1574889998169,26.0332619999422]]]]}},{"type":"Feature","id":"FL-12011-V010-2022","properties":{"state_po":"FL","county_fips":"12011","county_name":"Broward County","precinct_id":"V010","geometry_vintage":"2022"},"geometry":{"type":"MultiPolygon","coordinates":[[[[-80.1556699051413,26.0321041291032],[-80.1557516759984,26.0321767529556],[-80.1558046766439,26.0323147530243],[-80.1558186763902,26.032458751571],[-80.1558196764362,26.0329767529756],[-80.1557866767131,26.03301975316],[-80.1557266766442,26.0330647516378],[-80.1556016762757,26.0331117529059],[-80.1555224792783,26.0331589511256],[-80.1555026762069,26.0331707529287],[-80.1554736766682,26.0332317530438],[-80.1554650000091,26.0332969997576],[-80.155453000355,26.0334519997109],[-80.1534240003167,26.03347299978],[-80.1514039997941,26.0334959999413],[-80.150024000007,26.0335230002871],[-80.1500209998686,26.033392999688],[-80.1500120003529,26.0325549997144],[-80.1499550004223,26.0316209998102],[-80.1499310002148,26.0307100000673],[-80.1498979995923,26.0297930000478],[-80.149862999777,26.0288810002588],[-80.1498370003766,26.0279630001932],[-80.1497960002845,26.0270510004042],[-80.1497790003999,26.026138999716],[-80.1512940001173,26.0261049999467],[-80.1532909995793,26.0260629998085],[-80.1553180004247,26.0260239998086],[-80.1553330002171,26.0269429999204],[-80.1553469999634,26.0278660002166],[-80.1553779995944,26.0287769999595],[-80.1553900001477,26.0296990002096],[-80.1554059999863,26.0306190003674],[-80.1554310002398,26.0315320002025],[-80.1554386759534,26.0319117533256],[-80.1554896756074,26.0319957518034],[-80.1555466764373,26.0320357518493],[-80.1556699051413,26.0321041291032]]]]}},{"type":"Feature","id":"FL-12011-V011-2022","properties":{"state_po":"FL","county_fips":"12011","county_name":"Broward County","precinct_id":"V011","geometry_vintage":"2022"},"geometry":{"type":"MultiPolygon","coordinates":[[[[-80.1656490002005,26.0334169998955],[-80.164438000113,26.0334450002874],[-80.1641860001831,26.0334379999646],[-80.1615570003546,26.033432999734],[-80.1608569995502,26.036379999838],[-80.1598220003843,26.040653999983],[-80.1558450004458,26.0468679996594],[-80.1558269996157,26.0463380003993],[-80.151736999862,26.0464700001912],[-80.1517280003463,26.0459939998241],[-80.1517119996084,26.045302000288],[-80.1516979998622,26.0446200003136],[-80.1516719995625,26.043682000225],[-80.1516589998623,26.0429929999279],[-80.1516209999086,26.0422639995848],[-80.1516260001391,26.0419310004162],[-80.1516080002084,26.041545999749],[-80.1515939995627,26.0408239997287],[-80.1515769996781,26.0400920001466],[-80.1515559996091,26.0393609997112],[-80.1515379996783,26.0386340003597],[-80.1515150004163,26.0378959996016],[-80.1514940003471,26.0371510003193],[-80.1514730002781,26.0363949996304],[-80.1514579995863,26.0356470002098],[-80.1514360003704,26.0349220000512],[-80.1514249998632,26.0342090004459],[-80.1514039997941,26.0334959999413],[-80.1534240003167,26.03347299978],[-80.155453000355,26.0334519997109],[-80.1554650000091,26.0332969997576],[-80.1574889998169,26.0332619999422],[-80.159505000155,26.0332440000115],[-80.1615950003084,26.0332440000115],[-80.1633349996099,26.0331920003114],[-80.1642270002752,26.0331900002192],[-80.1644889997669,26.0331900002192],[-80.1656569996701,26.0331999997811],[-80.1656490002005,26.0334169998955]]]]}},{"type":"Feature","id":"FL-12011-V012-2022","properties":{"state_po":"FL","county_fips":"12011","county_name":"Broward County","precinct_id":"V012","geometry_vintage":"2022"},"geometry":{"type":"MultiPolygon","coordinates":[[[[-80.1558450004458,26.0468679996594],[-80.1598220003843,26.040653999983],[-80.1608569995502,26.036379999838],[-80.1615570003546,26.033432999734],[-80.1641860001831,26.0334379999646],[-80.164438000113,26.0334450002874],[-80.1656490002005,26.0334169998955],[-80.1681310004446,26.0335669996182],[-80.1705919997203,26.0332579997578],[-80.1705880004352,26.0330979995739],[-80.1753139998406,26.0329649997358],[-80.1753200001173,26.0330999996661],[-80.1753749999556,26.034465999707],[-80.1754780002089,26.0351849995889],[-80.1756479999546,26.0358689996555],[-80.1757860000232,26.0366440003212],[-80.1759949997688,26.0381400000619],[-80.1760800000913,26.0403559997305],[-80.1760919997453,26.0409379995899],[-80.1773080000635,26.0409170004201],[-80.1777760000617,26.0417029997945],[-80.1783290003824,26.0435690004099],[-80.1785010002203,26.044361000061],[-80.1800559999838,26.0440320001775],[-80.1802069997526,26.0448350003359],[-80.1804470000284,26.0469469997051],[-80.180463999913,26.0474199999339],[-80.1804700001897,26.0475709997028],[-80.1792650003788,26.0475980000485],[-80.178305000175,26.0476260004405],[-80.1763659997904,26.0476650004403],[-80.1751579998412,26.0477249996099],[-80.1751549997028,26.0475919997718],[-80.1741330002371,26.0476170000254],[-80.1715829995551,26.0477099998175],[-80.1711769997181,26.0477119999097],[-80.1701879999756,26.0477279997482],[-80.169169999795,26.0477679997942],[-80.1676269996856,26.0478360002321],[-80.1659800001762,26.0478649997708],[-80.1634539997017,26.0479809997242],[-80.1624710002358,26.0480330003236],[-80.1622160001676,26.0480379996548],[-80.1600399996456,26.0480730003695],[-80.1558739999845,26.0482080002998],[-80.1558450004458,26.0468679996594]]]]}},{"type":"Feature","id":"FL-12011-V013-2022","properties":{"state_po":"FL","county_fips":"12011","county_name":"Broward County","precinct_id":"V013","geometry_vintage":"2022"},"geometry":{"type":"MultiPolygon","coordinates":[[[[-80.1904760002665,26.0472500001882],[-80.1869709996113,26.0473579997728],[-80.1823810001824,26.0474969998875],[-80.1814610000245,26.0475260003255],[-80.1804700001897,26.0475709997028],[-80.180463999913,26.0474199999339],[-80.1804470000284,26.0469469997051],[-80.1802069997526,26.0448350003359],[-80.1800559999838,26.0440320001775],[-80.1785010002203,26.044361000061],[-80.1783290003824,26.0435690004099],[-80.1777760000617,26.0417029997945],[-80.1773080000635,26.0409170004201],[-80.1760919997453,26.0409379995899],[-80.1760800000913,26.0403559997305],[-80.1759949997688,26.0381400000619],[-80.1757860000232,26.0366440003212],[-80.1756479999546,26.0358689996555],[-80.1754780002089,26.0351849995889],[-80.1753749999556,26.034465999707],[-80.1753200001173,26.0330999996661],[-80.1778960001996,26.0330449998278],[-80.1790959997799,26.0330049997818],[-80.1820009997457,26.0329299999204],[-80.1840560000837,26.0328780002204],[-80.1866819997738,26.0328289997594],[-80.1872689998638,26.0328170001054],[-80.1872689998638,26.0326650002904],[-80.1901119996684,26.0326319996679],[-80.1901159998529,26.0327650004053],[-80.190188999622,26.0341860002845],[-80.190238000083,26.0369399995822],[-80.190248999691,26.0375740000409],[-80.1903079997138,26.0394639999645],[-80.1903469997136,26.0413810002339],[-80.1904239996672,26.0445839995528],[-80.1904730001282,26.0471009996123],[-80.1904760002665,26.0472500001882]]]]}},{"type":"Feature","id":"FL-12011-V014-2022","properties":{"state_po":"FL","county_fips":"12011","county_name":"Broward County","precinct_id":"V014","geometry_vintage":"2022"},"geometry":{"type":"MultiPolygon","coordinates":[[[[-80.1904760002665,26.0472500001882],[-80.1904730001282,26.0471009996123],[-80.1904239996672,26.0445839995528],[-80.1903469997136,26.0413810002339],[-80.1903079997138,26.0394639999645],[-80.190248999691,26.0375740000409],[-80.190238000083,26.0369399995822],[-80.190188999622,26.0341860002845],[-80.1901159998529,26.0327650004053],[-80.1901119996684,26.0326319996679],[-80.1962209998986,26.032540999968],[-80.1962240000369,26.032652999737],[-80.1970520004488,26.0326379999446],[-80.1981649996144,26.0326709996678],[-80.198806000396,26.0325789999218],[-80.1992500001867,26.0325070001988],[-80.1995240002317,26.0324559996455],[-80.1996549999776,26.0324320003374],[-80.200033000322,26.0323839999226],[-80.2003479995599,26.0323809997842],[-80.2003569999749,26.0330730002196],[-80.2003800001362,26.033766999848],[-80.2003990001131,26.0344699998914],[-80.2004269996057,26.035194000004],[-80.2004479996748,26.0358830003011],[-80.2004729999284,26.0365640002293],[-80.2004909998591,26.0372529996271],[-80.2005360001356,26.039529000264],[-80.2007130002041,26.0435729996951],[-80.200712000158,26.0439029996246],[-80.2007310001349,26.0447229996675],[-80.2007960004344,26.0467810001439],[-80.2008019998118,26.0469249995899],[-80.1995159998629,26.046963000443],[-80.199080000441,26.0469489997974],[-80.1990489999108,26.0469499998435],[-80.1989000002342,26.0469540000279],[-80.1987539997966,26.0469580002124],[-80.1985389997744,26.0469639995898],[-80.1967970003806,26.0470289998893],[-80.1961979997373,26.0470699999814],[-80.1956769999929,26.0470740001658],[-80.1954619999707,26.0470770003042],[-80.194653000435,26.0471120001196],[-80.194138000068,26.0471249998197],[-80.1926149999816,26.0471720001885],[-80.1904760002665,26.0472500001882]]]]}},{"type":"Feature","id":"FL-12011-V015-2022","properties":{"state_po":"FL","county_fips":"12011","county_name":"Broward County","precinct_id":"V015","geometry_vintage":"2022"},"geometry":{"type":"MultiPolygon","coordinates":[[[[-80.1792100518018,26.0251222334052],[-80.179502684001,26.0250877498007],[-80.1798266827545,26.0250577502159],[-80.1798846827313,26.0250577502159],[-80.1801426838371,26.0250607503542],[-80.1803846833058,26.0250797503311],[-80.1807976825663,26.0251257506537],[-80.1812746838789,26.0252097500308],[-80.1813966832097,26.0252547503073],[-80.1815366842699,26.025320750653],[-80.1815772077213,26.0253420007336],[-80.1817006837389,26.0254067501223],[-80.1818376837614,26.0254467501683],[-80.1819246841762,26.0254507503527],[-80.1820286835762,26.0254567506294],[-80.1826246840813,26.0254437500299],[-80.1826242982721,26.0254389494488],[-80.1839660004299,26.025409000226],[-80.1849550001725,26.0253940004337],[-80.1859399997305,26.0253660000417],[-80.1869159997729,26.0253530003416],[-80.1879000001842,26.025328000088],[-80.1888879998806,26.0253150003878],[-80.1898670000613,26.0252859999498],[-80.1909970000109,26.0252690000652],[-80.192011000007,26.0252479999961],[-80.1930209998186,26.0252310001114],[-80.1940349998147,26.0252110000884],[-80.1950350000645,26.0251910000655],[-80.1960490000607,26.0251699999964],[-80.1970549996879,26.0251489999273],[-80.1980570000299,26.025125999766],[-80.1990720000721,26.0251079998352],[-80.2000819998837,26.0250760001581],[-80.2001500003216,26.0267920001515],[-80.2001569997451,26.0269979997588],[-80.2001949996988,26.028012999801],[-80.2002149997218,26.0285229999374],[-80.2002209999985,26.028681000029],[-80.2002779999291,26.0304990002295],[-80.2003430002286,26.0322469999],[-80.2003479995599,26.0323809997842],[-80.200033000322,26.0323839999226],[-80.1996549999776,26.0324320003374],[-80.1995240002317,26.0324559996455],[-80.1992500001867,26.0325070001988],[-80.198806000396,26.0325789999218],[-80.1981649996144,26.0326709996678],[-80.1970520004488,26.0326379999446],[-80.1962240000369,26.032652999737],[-80.1962209998986,26.032540999968],[-80.1901119996684,26.0326319996679],[-80.1872689998638,26.0326650002904],[-80.1872689998638,26.0328170001054],[-80.1866819997738,26.0328289997594],[-80.1840560000837,26.0328780002204],[-80.1820009997457,26.0329299999204],[-80.1790959997799,26.0330049997818],[-80.1778960001996,26.0330449998278],[-80.1753200001173,26.0330999996661],[-80.1753139998406,26.0329649997358],[-80.1705880004352,26.0330979995739],[-80.1705919997203,26.0332579997578],[-80.1681310004446,26.0335669996182],[-80.1681280003063,26.033422000126],[-80.1679740003992,26.0257950000401],[-80.1682670004211,26.0257879997173],[-80.1720779998991,26.0257109997637],[-80.1742850000521,26.0256569999714],[-80.1751280002563,26.0256299996257],[-80.1753240003017,26.025622000156],[-80.1772439998101,26.025550000433],[-80.1772474630993,26.0255492342106],[-80.1772466815884,26.0255547506521],[-80.1776506822325,26.0255547506521],[-80.1777586827164,26.0255547506521],[-80.1779846823466,26.0255447501909],[-80.1781956830836,26.0254927513902],[-80.1783236826911,26.0254297502836],[-80.1784806827367,26.0253397506299],[-80.1787966829199,26.0252247498232],[-80.1791886830106,26.0251247506076],[-80.1791874257584,26.0251201316896],[-80.1792100518018,26.0251222334052]]]]}},{"type":"Feature","id":"FL-12011-V016-2022","properties":{"state_po":"FL","county_fips":"12011","county_name":"Broward County","precinct_id":"V016","geometry_vintage":"2022"},"geometry":{"type":"MultiPolygon","coordinates":[[[[-80.1839660004299,26.025409000226],[-80.183958000061,26.0252649998807],[-80.183938000038,26.0244609996762],[-80.183918000015,26.0235669998181],[-80.1838990000381,26.0226649995909],[-80.1838739997846,26.0217830002861],[-80.1838549998077,26.0208280003128],[-80.1838290004074,26.0199320003624],[-80.1838090003844,26.0190369995587],[-80.1837830000847,26.0181239997237],[-80.185002999688,26.0181209995853],[-80.187685000162,26.0180730000698],[-80.1876739996547,26.0171319998428],[-80.1876399998854,26.0161880003768],[-80.1876209999086,26.0152589998038],[-80.187593000416,26.0143150003379],[-80.1875749995859,26.0133790003414],[-80.1875490001855,26.0124349999762],[-80.1875350004393,26.0114949997953],[-80.187503999909,26.0105520003754],[-80.1895200002472,26.0105140004216],[-80.1916420000776,26.0104609997762],[-80.1937179995854,26.0104229998225],[-80.1957859996235,26.0103730002146],[-80.1994539997017,26.0103180003763],[-80.1994959998399,26.0111839998426],[-80.1994989999782,26.0112569996117],[-80.1995390000242,26.012179999908],[-80.1995699996551,26.0131230002271],[-80.1996269995857,26.0140729999699],[-80.1996659995855,26.0150089999662],[-80.1997010003003,26.0159550004238],[-80.1997550000925,26.0168959997515],[-80.1997760001617,26.0175169996107],[-80.1997849996773,26.0178390000707],[-80.1998320000461,26.0187269996522],[-80.1998699999999,26.0196360002021],[-80.1998970003456,26.0205219996914],[-80.1999459999073,26.0214559995956],[-80.1999680000225,26.0220750002619],[-80.1999680000225,26.0224070002837],[-80.2000019997918,26.0226889997984],[-80.2000160004374,26.023292999773],[-80.2000490001606,26.0241960000462],[-80.2000819998837,26.0250760001581],[-80.1990720000721,26.0251079998352],[-80.1980570000299,26.025125999766],[-80.1970549996879,26.0251489999273],[-80.1960490000607,26.0251699999964],[-80.1950350000645,26.0251910000655],[-80.1940349998147,26.0252110000884],[-80.1930209998186,26.0252310001114],[-80.192011000007,26.0252479999961],[-80.1909970000109,26.0252690000652],[-80.1898670000613,26.0252859999498],[-80.1888879998806,26.0253150003878],[-80.1879000001842,26.025328000088],[-80.1869159997729,26.0253530003416],[-80.1859399997305,26.0253660000417],[-80.1849550001725,26.0253940004337],[-80.1839660004299,26.025409000226]]]]}},{"type":"Feature","id":"FL-12011-V017-2022","properties":{"state_po":"FL","county_fips":"12011","county_name":"Broward County","precinct_id":"V017","geometry_vintage":"2022"},"geometry":{"type":"MultiPolygon","coordinates":[[[[-80.1823349998597,26.0107569999365],[-80.1823479995599,26.0103599996151],[-80.1823519331945,26.0103568286056],[-80.1823536832752,26.01034574626],[-80.1823816836671,26.0102207467909],[-80.18249268339,26.0099747462384],[-80.182642684012,26.009778746193],[-80.1828246843111,26.0096197469546],[-80.1830246836416,26.0095157457559],[-80.1831516832029,26.0094737456178],[-80.1832806837559,26.0094317463789],[-80.1835481951924,26.0093922931207],[-80.1835560004084,26.009385999665],[-80.1837599999234,26.0093940000339],[-80.1837618273458,26.0093955351767],[-80.1837666782889,26.0093996100049],[-80.1839476839378,26.0094387458024],[-80.1839816837071,26.0094487462635],[-80.1841396837987,26.009495745733],[-80.1843336837518,26.0095867463322],[-80.1844716838205,26.0096847463548],[-80.1846016844195,26.0098057456395],[-80.1847546842806,26.0100177464227],[-80.1848376836115,26.0102337455917],[-80.1848436847876,26.0103067462602],[-80.1848576836346,26.0104667464441],[-80.1848635705966,26.0107315958873],[-80.1848713056656,26.0107303809032],[-80.1849486842337,26.0106657466278],[-80.1849654134224,26.0106572282494],[-80.1850566847176,26.0106107467894],[-80.1850736846022,26.0106037455673],[-80.1852666836099,26.0105807463053],[-80.185750684346,26.0105667456597],[-80.1859443533486,26.0105617589189],[-80.1859809998226,26.0105559996605],[-80.187503999909,26.0105520003754],[-80.1875350004393,26.0114949997953],[-80.1875490001855,26.0124349999762],[-80.1875749995859,26.0133790003414],[-80.187593000416,26.0143150003379],[-80.1876209999086,26.0152589998038],[-80.1876399998854,26.0161880003768],[-80.1876739996547,26.0171319998428],[-80.187685000162,26.0180730000698],[-80.185002999688,26.0181209995853],[-80.1837830000847,26.0181239997237],[-80.1838090003844,26.0190369995587],[-80.1838290004074,26.0199320003624],[-80.1838549998077,26.0208280003128],[-80.1838739997846,26.0217830002861],[-80.1838990000381,26.0226649995909],[-80.183918000015,26.0235669998181],[-80.183938000038,26.0244609996762],[-80.183958000061,26.0252649998807],[-80.1839660004299,26.025409000226],[-80.183261714356,26.0254247212747],[-80.1826242982721,26.0254389494488],[-80.1826246840813,26.0254437500299],[-80.1820286835762,26.0254567506294],[-80.1819246841762,26.0254507503527],[-80.1818376837614,26.0254467501683],[-80.1817006837389,26.0254067501223],[-80.1815772077213,26.0253420007336],[-80.1815366842699,26.025320750653],[-80.1813966832097,26.0252547503073],[-80.1812746838789,26.0252097500308],[-80.1807976825663,26.0251257506537],[-80.1803846833058,26.0250797503311],[-80.1801426838371,26.0250607503542],[-80.1798846827313,26.0250577502159],[-80.1798266827545,26.0250577502159],[-80.179502684001,26.0250877498007],[-80.1792100518018,26.0251222334052],[-80.1791874257584,26.0251201316896],[-80.1791886830106,26.0251247506076],[-80.1787966829199,26.0252247498232],[-80.1784806827367,26.0253397506299],[-80.1783236826911,26.0254297502836],[-80.1781956830836,26.0254927513902],[-80.1779846823466,26.0255447501909],[-80.1777586827164,26.0255547506521],[-80.1776506822325,26.0255547506521],[-80.1772466815884,26.0255547506521],[-80.1772474630993,26.0255492342106],[-80.1772439998101,26.025550000433],[-80.1753240003017,26.025622000156],[-80.1751280002563,26.0256299996257],[-80.1742850000521,26.0256569999714],[-80.1720779998991,26.0257109997637],[-80.1682670004211,26.0257879997173],[-80.1679740003992,26.0257950000401],[-80.1679249999381,26.0238809999091],[-80.167802999708,26.0184139996073],[-80.1676730000083,26.0109679997743],[-80.1676679997777,26.0107359998674],[-80.168479000305,26.0107450002824],[-80.1692750001405,26.0107489995676],[-80.1714489996709,26.0107060002825],[-80.1734520003089,26.0107159998444],[-80.1747770002577,26.0106420000292],[-80.1747780003038,26.0108000001208],[-80.175479000255,26.0107899996596],[-80.1756560003235,26.0107870004206],[-80.1763639996982,26.0107769999594],[-80.1786000002891,26.0107280003978],[-80.1812130002791,26.010670000421],[-80.1819666834151,26.0106457466048],[-80.1821096837143,26.0106577462588],[-80.1822386833679,26.01070174559],[-80.1823290949111,26.0107565421815],[-80.1823349998597,26.0107569999365]]]]}},{"type":"Feature","id":"FL-12011-V018-2022","properties":{"state_po":"FL","county_fips":"12011","county_name":"Broward County","precinct_id":"V018","geometry_vintage":"2022"},"geometry":{"type":"MultiPolygon","coordinates":[[[[-80.1676679997777,26.0107359998674],[-80.1668689998039,26.0107569999365],[-80.1668666786537,26.010109747068],[-80.1668576791379,26.0091457466797],[-80.166889678815,26.0080937458306],[-80.1669756791836,26.0071107463647],[-80.1669896789299,26.0064187459292],[-80.1670447381235,26.0058523124351],[-80.167062678699,26.0056677445716],[-80.1671436788371,26.0043787453837],[-80.1671330002871,26.0033890001031],[-80.1670046787223,26.0019477447935],[-80.1667866785617,26.0003807435773],[-80.1666053221772,25.9995931029402],[-80.1663406777794,25.9984437441843],[-80.1662466779412,25.9978877437252],[-80.1661946791404,25.9973307441194],[-80.1661360001756,25.9962170003152],[-80.1665480002893,25.9962110000385],[-80.1672650000791,25.9962199995542],[-80.1711939996027,25.9959980001085],[-80.1732560002636,25.9959319997628],[-80.175216999864,25.9958660003165],[-80.1761400001602,25.9958460002936],[-80.1768539998116,25.9958199999939],[-80.1772189995565,25.9979660000317],[-80.1773870001093,25.9994039997956],[-80.1775339996937,26.0010409997432],[-80.1774579997862,26.0013260002955],[-80.1773130002941,26.0017890000632],[-80.1771780003638,26.0021169999005],[-80.1769600002032,26.0024790004064],[-80.1768630002266,26.0026120002445],[-80.176633000412,26.0028769998745],[-80.1767729996735,26.0029519997359],[-80.1769256820739,26.0030407448354],[-80.1771066823269,26.0031137446045],[-80.1773216823491,26.0031277452501],[-80.1777309997852,26.0031220003809],[-80.179491000009,26.0030810002888],[-80.1805520003738,26.0030459995741],[-80.1846379999431,26.0029430002202],[-80.1873160002326,26.0028789999668],[-80.1893400000403,26.002831999598],[-80.1914280001015,26.0027769997596],[-80.1914650000091,26.0027759997135],[-80.1935299999089,26.0027500003131],[-80.1935410004162,26.002749000267],[-80.1935730000932,26.002749000267],[-80.1935849997473,26.002749000267],[-80.1956099996011,26.0027050000366],[-80.1974229995711,26.0026700002212],[-80.1991100000258,26.002628000083],[-80.1991970004406,26.0044779999606],[-80.1992510002328,26.0054259996111],[-80.1992550004173,26.0054930000028],[-80.1992989997484,26.0063590003684],[-80.1993379997483,26.0073120002495],[-80.1993840000709,26.0082660001767],[-80.1994199999324,26.0092169999655],[-80.1994490003704,26.0101839995927],[-80.1994539997017,26.0103180003763],[-80.1957859996235,26.0103730002146],[-80.1937179995854,26.0104229998225],[-80.1916420000776,26.0104609997762],[-80.1895200002472,26.0105140004216],[-80.187503999909,26.0105520003754],[-80.1859809998226,26.0105559996605],[-80.1859443533486,26.0105617580196],[-80.185750684346,26.0105667456597],[-80.1852666836099,26.0105807463053],[-80.1850736846022,26.0106037455673],[-80.1850566847176,26.0106107467894],[-80.1849654134224,26.0106572282494],[-80.1849486842337,26.0106657466278],[-80.1848713056656,26.0107303809032],[-80.1848635705966,26.0107315958873],[-80.1848576836346,26.0104667464441],[-80.1848436847876,26.0103067462602],[-80.1848376836115,26.0102337455917],[-80.1847546842806,26.0100177464227],[-80.1846016844195,26.0098057456395],[-80.1844716838205,26.0096847463548],[-80.1843336837518,26.0095867463322],[-80.1841396837987,26.009495745733],[-80.1839816837071,26.0094487462635],[-80.1839476839378,26.0094387458024],[-80.1837666782889,26.0093996091056],[-80.1837618273458,26.0093955351767],[-80.1837599999234,26.0093940000339],[-80.1835560004084,26.009385999665],[-80.1835481951924,26.0093922931207],[-80.1832806837559,26.0094317463789],[-80.1831516832029,26.0094737456178],[-80.1830246836416,26.0095157457559],[-80.1828246843111,26.0096197469546],[-80.182642684012,26.009778746193],[-80.18249268339,26.0099747462384],[-80.1823816836671,26.0102207467909],[-80.1823536832752,26.01034574626],[-80.1823519331945,26.0103568286056],[-80.1823479995599,26.0103599996151],[-80.1823349998597,26.0107569999365],[-80.1823376834367,26.0107617465582],[-80.1823290958105,26.0107565421815],[-80.1822386833679,26.01070174559],[-80.1821096837143,26.0106577462588],[-80.1819666834151,26.0106457466048],[-80.1812130002791,26.010670000421],[-80.1786000002891,26.0107280003978],[-80.1763639996982,26.0107769999594],[-80.1756560003235,26.0107870004206],[-80.175479000255,26.0107899996596],[-80.1747780003038,26.0108000001208],[-80.1747770002577,26.0106420000292],[-80.1734520003089,26.0107159998444],[-80.1714489996709,26.0107060002825],[-80.1692750001405,26.0107489995676],[-80.168479000305,26.0107450002824],[-80.1676679997777,26.0107359998674]]]]}},{"type":"Feature","id":"FL-12011-V019-2022","properties":{"state_po":"FL","county_fips":"12011","county_name":"Broward County","precinct_id":"V019","geometry_vintage":"2022"},"geometry":{"type":"MultiPolygon","coordinates":[[[[-80.179491000009,26.0030810002888],[-80.1777309997852,26.0031220003809],[-80.1774556822333,26.003126745204],[-80.1773216823491,26.0031277452501],[-80.1772336818883,26.0031217449734],[-80.1771066823269,26.0031137446045],[-80.1769256820739,26.0030407448354],[-80.1767729996735,26.0029519997359],[-80.176633000412,26.0028769998745],[-80.1768630002266,26.0026120002445],[-80.1769600002032,26.0024790004064],[-80.1771780003638,26.0021169999005],[-80.1773130002941,26.0017890000632],[-80.1774579997862,26.0013260002955],[-80.1775339996937,26.0010409997432],[-80.1773870001093,25.9994039997956],[-80.1772189995565,25.9979660000317],[-80.1768539998116,25.9958199999939],[-80.1770610003642,25.995812999671],[-80.1834249997632,25.9956310002713],[-80.1853900004475,25.9955819998103],[-80.1874510001629,25.9955340002947],[-80.1894620002704,25.9954970003871],[-80.1914460000322,25.9954649998108],[-80.1933359999558,25.9954120000646],[-80.1951289999027,25.9953649996959],[-80.1969850000571,25.9952719999038],[-80.1988410002113,25.99523399995],[-80.1988679996578,25.9959539998781],[-80.1989160000727,25.9966879995524],[-80.1989439995652,25.9974400000568],[-80.1989679997727,25.9981739997312],[-80.1989869997496,25.99891199959],[-80.1990120000032,25.9996320004174],[-80.1990160001876,26.0003429999303],[-80.199062999657,26.0010649999506],[-80.1990819996339,26.0017690000402],[-80.1991100000258,26.002628000083],[-80.1974229995711,26.0026700002212],[-80.1956099996011,26.0027050000366],[-80.1935849997473,26.002749000267],[-80.1935730000932,26.002749000267],[-80.1935410004162,26.002749000267],[-80.1935299999089,26.0027500003131],[-80.1914650000091,26.0027759997135],[-80.1914280001015,26.0027769997596],[-80.1893400000403,26.002831999598],[-80.1873160002326,26.0028789999668],[-80.1846379999431,26.0029430002202],[-80.1805520003738,26.0030459995741],[-80.179491000009,26.0030810002888]]]]}},{"type":"Feature","id":"FL-12011-V020-2022","properties":{"state_po":"FL","county_fips":"12011","county_name":"Broward County","precinct_id":"V020","geometry_vintage":"2022"},"geometry":{"type":"MultiPolygon","coordinates":[[[[-80.1988410002113,25.99523399995],[-80.2008819999037,25.9952669996732],[-80.2029170002187,25.9952360000423],[-80.2037449997313,25.9952190001576],[-80.2046910001889,25.9952010002269],[-80.2053340001633,25.9951889996735],[-80.2056799999314,25.9951909997657],[-80.2059139999305,25.995193999904],[-80.2062310001598,25.9952220002959],[-80.2064019999517,25.9952380001345],[-80.2069690000187,25.995314000042],[-80.2070999997645,25.9953319999727],[-80.2071199997875,25.996094000039],[-80.2071460000872,25.9968099997826],[-80.2071739995798,25.9975230002871],[-80.2071920004098,25.9982569999614],[-80.2072290003175,25.9989840002123],[-80.2072670002712,25.9997199999789],[-80.2072939997176,26.0004339996303],[-80.2073319996714,26.0011589997888],[-80.2073640002478,26.0018839999475],[-80.2074030002476,26.0026550004288],[-80.2073040001788,26.0026559995756],[-80.2031809998027,26.0026340003597],[-80.1991100000258,26.002628000083],[-80.1990819996339,26.0017690000402],[-80.199062999657,26.0010649999506],[-80.1990160001876,26.0003429999303],[-80.1990120000032,25.9996320004174],[-80.1989869997496,25.99891199959],[-80.1989679997727,25.9981739997312],[-80.1989439995652,25.9974400000568],[-80.1989160000727,25.9966879995524],[-80.1988679996578,25.9959539998781],[-80.1988410002113,25.99523399995]]]]}},{"type":"Feature","id":"FL-12011-V021-2022","properties":{"state_po":"FL","county_fips":"12011","county_name":"Broward County","precinct_id":"V021","geometry_vintage":"2022"},"geometry":{"type":"MultiPolygon","coordinates":[[[[-80.2162239996372,26.0060060002776],[-80.2162236507003,26.0060083520047],[-80.2162240257176,26.0060094635668],[-80.2162250392535,26.0060099123285],[-80.2162250914142,26.0060100661125],[-80.2162266931068,26.0060107451007],[-80.216510693613,26.0068537444057],[-80.2165104139238,26.0068541733823],[-80.2162271877339,26.0060134421675],[-80.216226059984,26.0060129430437],[-80.2165089453309,26.0068526076626],[-80.2164413019239,26.0069563219776],[-80.2159818068143,26.0076608310833],[-80.2145079753621,26.0079546198107],[-80.2143196932985,26.0084447449299],[-80.2135870003391,26.0087930001977],[-80.2132979996023,26.009869000355],[-80.2132540002713,26.0100509997547],[-80.2130760001566,26.010052999847],[-80.2127110004117,26.0121159996545],[-80.2126700003196,26.0160310003313],[-80.2127359997659,26.0175399997721],[-80.2119300003686,26.0175559996106],[-80.2100130000992,26.0176149996334],[-80.2079880002453,26.0176820000252],[-80.207873000338,26.0176830000713],[-80.2058620002305,26.0176989999098],[-80.2038350002844,26.0177490004169],[-80.2018179999001,26.0177939997941],[-80.1997849996773,26.0178390000707],[-80.1997760001617,26.0175169996107],[-80.1997550000925,26.0168959997515],[-80.1997010003003,26.0159550004238],[-80.1996659995855,26.0150089999662],[-80.1996269995857,26.0140729999699],[-80.1995699996551,26.0131230002271],[-80.1995390000242,26.012179999908],[-80.1994989999782,26.0112569996117],[-80.1994959998399,26.0111839998426],[-80.1994539997017,26.0103180003763],[-80.1994490003704,26.0101839995927],[-80.1994199999324,26.0092169999655],[-80.1993840000709,26.0082660001767],[-80.1993379997483,26.0073120002495],[-80.1992989997484,26.0063590003684],[-80.1992550004173,26.0054930000028],[-80.1992510002328,26.0054259996111],[-80.1991970004406,26.0044779999606],[-80.1991100000258,26.002628000083],[-80.2031809998027,26.0026340003597],[-80.2073040001788,26.0026559995756],[-80.2074030002476,26.0026550004288],[-80.2073640002478,26.0018839999475],[-80.2073319996714,26.0011589997888],[-80.2072939997176,26.0004339996303],[-80.2072670002712,25.9997199999789],[-80.2072290003175,25.9989840002123],[-80.2071920004098,25.9982569999614],[-80.2071739995798,25.9975230002871],[-80.2071460000872,25.9968099997826],[-80.2071199997875,25.996094000039],[-80.2070999997645,25.9953319999727],[-80.2090469996187,25.9953970002722],[-80.2110880002104,25.9954180003413],[-80.2131259997644,25.9954320000876],[-80.2151830001947,25.9954489999723],[-80.217759000277,25.9953709999725],[-80.2193289998328,25.9953279997882],[-80.2203219997599,25.9952889997884],[-80.2203259999443,25.9959640003392],[-80.2203609997597,25.9966959999213],[-80.2203870000594,25.9974169998955],[-80.220383999921,25.9979130002856],[-80.2204209998286,25.9989179998667],[-80.2204280001515,25.9991580001425],[-80.2200679997378,25.9995159995646],[-80.2170180002798,26.0026270000369],[-80.2150529995956,26.0054980002334],[-80.2162239996372,26.0060060002776]]]]}},{"type":"Feature","id":"FL-12011-V022-2022","properties":{"state_po":"FL","county_fips":"12011","county_name":"Broward County","precinct_id":"V022","geometry_vintage":"2022"},"geometry":{"type":"MultiPolygon","coordinates":[[[[-80.2000819998837,26.0250760001581],[-80.2000490001606,26.0241960000462],[-80.2000160004374,26.023292999773],[-80.2000019997918,26.0226889997984],[-80.1999680000225,26.0224070002837],[-80.1999680000225,26.0220750002619],[-80.1999459999073,26.0214559995956],[-80.1998970003456,26.0205219996914],[-80.1998699999999,26.0196360002021],[-80.1998320000461,26.0187269996522],[-80.1997849996773,26.0178390000707],[-80.2018179999001,26.0177939997941],[-80.2038350002844,26.0177490004169],[-80.2058620002305,26.0176989999098],[-80.207873000338,26.0176830000713],[-80.2079880002453,26.0176820000252],[-80.2100130000992,26.0176149996334],[-80.2119300003686,26.0175559996106],[-80.2127359997659,26.0175399997721],[-80.2130230004105,26.0248179999516],[-80.213323999902,26.0321479998312],[-80.2133280000865,26.0322360002921],[-80.2108059997964,26.0323290000841],[-80.208390999944,26.0322059998079],[-80.2072999999944,26.0322399995772],[-80.2039209997537,26.0323120001995],[-80.2003479995599,26.0323809997842],[-80.2003430002286,26.0322469999],[-80.2002779999291,26.0304990002295],[-80.2002209999985,26.028681000029],[-80.2002149997218,26.0285229999374],[-80.2001949996988,26.028012999801],[-80.2001569997451,26.0269979997588],[-80.2001500003216,26.0267920001515],[-80.2000819998837,26.0250760001581]]]]}},{"type":"Feature","id":"FL-12011-V023-2022","properties":{"state_po":"FL","county_fips":"12011","county_name":"Broward County","precinct_id":"V023","geometry_vintage":"2022"},"geometry":{"type":"MultiPolygon","coordinates":[[[[-80.2164959995901,26.0318919997169],[-80.2164989997284,26.0320200002237],[-80.2165419999127,26.0336240004481],[-80.2165890002815,26.0355779997258],[-80.2136359999008,26.035629000279],[-80.2134979998322,26.0356399998869],[-80.2125540003661,26.0356500003481],[-80.2085160003125,26.0357899996097],[-80.2077289999927,26.0357969999325],[-80.2073929997864,26.0357280003478],[-80.2044730000283,26.0357939997941],[-80.204582999705,26.0394239999185],[-80.2046989996584,26.0430879998122],[-80.208765000104,26.0429630003431],[-80.2090230003106,26.0465110002833],[-80.2090319998263,26.0466620000522],[-80.2089240002418,26.0466630000982],[-80.2087900003576,26.0466650001905],[-80.2084010004052,26.046671999614],[-80.2078130002691,26.0467050002364],[-80.2069589995575,26.0468050003514],[-80.2069289999727,26.0468089996365],[-80.2067360000657,26.0468279996134],[-80.2063680001824,26.0468640003742],[-80.2061689999987,26.0468840003972],[-80.2060940001373,26.0468909998207],[-80.2060519999991,26.046893999959],[-80.2051400002102,26.0469590002585],[-80.2049040001189,26.046965999682],[-80.2047850000271,26.0469699998665],[-80.204562999682,26.0469810003738],[-80.2044930000512,26.0469800003276],[-80.2042830002596,26.0469780002354],[-80.2042139997756,26.0469780002354],[-80.2041420000526,26.0469770001893],[-80.2039270000304,26.046975000097],[-80.2038560003535,26.046975000097],[-80.2032900003326,26.0469570001663],[-80.2025009999206,26.046934000005],[-80.2008019998118,26.0469249995899],[-80.2007960004344,26.0467810001439],[-80.2007310001349,26.0447229996675],[-80.200712000158,26.0439029996246],[-80.2007130002041,26.0435729996951],[-80.2005360001356,26.039529000264],[-80.2004909998591,26.0372529996271],[-80.2004729999284,26.0365640002293],[-80.2004479996748,26.0358830003011],[-80.2004269996057,26.035194000004],[-80.2003990001131,26.0344699998914],[-80.2003800001362,26.033766999848],[-80.2003569999749,26.0330730002196],[-80.2003479995599,26.0323809997842],[-80.2039209997537,26.0323120001995],[-80.2072999999944,26.0322399995772],[-80.208390999944,26.0322059998079],[-80.2108059997964,26.0323290000841],[-80.2133280000865,26.0322360002921],[-80.2134900003626,26.0322300000154],[-80.2134870002242,26.0321429996006],[-80.2164959995901,26.0318919997169]]]]}},{"type":"Feature","id":"FL-12011-V024-2022","properties":{"state_po":"FL","county_fips":"12011","county_name":"Broward County","precinct_id":"V024","geometry_vintage":"2022"},"geometry":{"type":"MultiPolygon","coordinates":[[[[-80.1808230002806,26.0834709995879],[-80.1807810001424,26.0798380002244],[-80.1809056848488,26.0798427639333],[-80.1808706850334,26.0790707643052],[-80.1806952156111,26.0790744344385],[-80.1805664920493,26.0790743795798],[-80.1805663256748,26.0790707643052],[-80.1805656853575,26.0790707643052],[-80.1805654281513,26.0790650581068],[-80.1805616608913,26.0790650563082],[-80.1805161174242,26.0780697927876],[-80.1804893257212,26.0774691994449],[-80.1804762396861,26.0771985017104],[-80.1804806220824,26.0771985143008],[-80.1804923807181,26.0774417611292],[-80.180481849657,26.0771752677253],[-80.1804785347559,26.0771457627676],[-80.1804779996593,26.077140999958],[-80.1778400003151,26.0771569997965],[-80.1777960000847,26.0751390002655],[-80.1778350000845,26.074892999713],[-80.1770150000415,26.0748759998284],[-80.1765710002508,26.0750780001505],[-80.1747859997734,26.0751129999658],[-80.1747720000271,26.0772139997272],[-80.1746020002814,26.0772179999116],[-80.1746489997509,26.0735449996029],[-80.174780000396,26.0735449996029],[-80.1747370002117,26.0715650000256],[-80.1760680004372,26.0715650000256],[-80.1784679995979,26.0715650000256],[-80.1786970002657,26.0715650000256],[-80.1786659997355,26.0698730002396],[-80.1787839997811,26.0679650003854],[-80.1825129999743,26.0679210001549],[-80.1842289999677,26.0678450002474],[-80.1906029998279,26.0678620001321],[-80.1936289999777,26.0677110003633],[-80.1934950000935,26.0626889998983],[-80.1926420003274,26.0626560001751],[-80.1916919996854,26.0626069997141],[-80.1905829998049,26.0625570001063],[-80.1905900001278,26.0624169999455],[-80.1906150003813,26.0618489998324],[-80.1874490000706,26.0617269996022],[-80.1875320003009,26.0595489998873],[-80.1863420002824,26.0585850003983],[-80.186419000236,26.055219999904],[-80.1864059996365,26.0547790002515],[-80.1874199996326,26.0547420003439],[-80.1874300000938,26.0510199995742],[-80.18630899966,26.0510500000583],[-80.1863139998905,26.0495320002025],[-80.1863266857273,26.0491937561878],[-80.1844809998976,26.0492459996041],[-80.1844939995977,26.0496819999252],[-80.1844929995516,26.0511150003579],[-80.1844956849273,26.0511197568721],[-80.1844636852502,26.0511637562032],[-80.1843676853198,26.0512037571485],[-80.1828476853717,26.0512327566872],[-80.1828449999961,26.0512280001729],[-80.1823939998825,26.0511809998042],[-80.1823810001824,26.0474969998875],[-80.1869709996113,26.0473579997728],[-80.1904760002665,26.0472500001882],[-80.1926149999816,26.0471720001885],[-80.194138000068,26.0471249998197],[-80.194653000435,26.0471120001196],[-80.1946229999508,26.0507390001056],[-80.1951449997413,26.0507190000827],[-80.1967330001272,26.0506790000367],[-80.1967809996428,26.054268000069],[-80.1982560002136,26.0542520002305],[-80.1985969997511,26.0542379995849],[-80.1989760001416,26.054218999608],[-80.1989309998651,26.0546869996062],[-80.2011070003871,26.0546349999062],[-80.2009749996958,26.0554430002951],[-80.2009490002954,26.0556330000638],[-80.2009440000649,26.055666999833],[-80.1997279997468,26.0556740001559],[-80.198806000396,26.0557059998329],[-80.1984900002127,26.0583749997073],[-80.1984049998902,26.0590930004425],[-80.1982039996142,26.0607280002978],[-80.2001959997449,26.060771999629],[-80.1999459999073,26.0612720002035],[-80.1996840004156,26.0627829997365],[-80.1996820003234,26.0629579997128],[-80.1982639996832,26.0629049999666],[-80.1982780003288,26.0627530001517],[-80.1982520000291,26.0627520001056],[-80.1983679999826,26.0618400003166],[-80.1982340000984,26.0618279997632],[-80.1980739999145,26.0618119999247],[-80.1979620001455,26.0627409995983],[-80.1979450002609,26.0628900001743],[-80.1963329996676,26.0628130002207],[-80.1950439995803,26.0627639997597],[-80.1951720000871,26.0677019999482],[-80.1951760002715,26.0680709998776],[-80.1952389995795,26.0700019998932],[-80.1925499996821,26.0699360004469],[-80.1911459996875,26.0699690001701],[-80.1911469997336,26.0702319997079],[-80.1911719999871,26.0711750000271],[-80.1892589999023,26.0712770002343],[-80.1892620000406,26.0713910000954],[-80.1869549997728,26.0718289996095],[-80.1853139996407,26.0727099997675],[-80.1852579997562,26.0749790000817],[-80.1848040004036,26.0753209996653],[-80.1847040002887,26.0771070001888],[-80.1826520954172,26.0770910318265],[-80.1826506852802,26.0770957640591],[-80.1825966863873,26.077134764059],[-80.1825146853038,26.0771407634364],[-80.182383685558,26.0771517639436],[-80.1823086856966,26.0771507638975],[-80.1815216853768,26.0771437626754],[-80.1812436851473,26.0771467628138],[-80.1810556845715,26.0771497638514],[-80.1810530018939,26.0771498124148],[-80.1810550001874,26.0828180000515],[-80.1812890001866,26.0828119997748],[-80.1813120003479,26.0833870002108],[-80.1813100002557,26.0835260003256],[-80.1813050000251,26.083835000186],[-80.1827259999043,26.0840029998395],[-80.1826249997433,26.0841029999544],[-80.1826099999509,26.0841179997468],[-80.1824739999745,26.0841100002772],[-80.1823739998596,26.0841029999544],[-80.1822040001139,26.0840860000697],[-80.182165000114,26.0841240000235],[-80.1821369997221,26.0841500003231],[-80.1820969996762,26.084191999562],[-80.1819799996766,26.0843319997229],[-80.1819189995615,26.0844200001837],[-80.1818619996309,26.0845190002525],[-80.1818330000923,26.0845829996066],[-80.1818130000693,26.0846289999293],[-80.1817879998157,26.0846970003672],[-80.1817649996544,26.0847710001824],[-80.1817459996775,26.0848429999054],[-80.181729999839,26.0849250000896],[-80.1817220003693,26.084991999582],[-80.1817160000926,26.0850470003197],[-80.1817140000005,26.0851060003425],[-80.1817140000005,26.0851689996505],[-80.1816040003237,26.0851810002039],[-80.1804759995671,26.0853190002725],[-80.1803380003977,26.0853390002955],[-80.1802239996372,26.0853540000879],[-80.180129999799,26.0854520001106],[-80.1800780000989,26.085506999949],[-80.1800230002606,26.0855469999949],[-80.1799870003991,26.0855649999257],[-80.179977999984,26.0851810002039],[-80.1800570000299,26.0850969999275],[-80.1803120000981,26.0848350004358],[-80.1804340003282,26.0847100000673],[-80.1808119997733,26.0837689998403],[-80.1808519998193,26.0834739997262],[-80.1808230002806,26.0834709995879]]],[[[-80.2069589995575,26.0468050003514],[-80.2069930002261,26.0471310000964],[-80.2069960003645,26.0471649998657],[-80.2069979995574,26.0471799996581],[-80.2070059999263,26.0472599997501],[-80.2060960002296,26.0473359996575],[-80.2060869998145,26.047238999681],[-80.2060519999991,26.046893999959],[-80.2060940001373,26.0468909998207],[-80.2061689999987,26.0468840003972],[-80.2063680001824,26.0468640003742],[-80.2067360000657,26.0468279996134],[-80.2069289999727,26.0468089996365],[-80.2069589995575,26.0468050003514]]],[[[-80.1956769999929,26.0470740001658],[-80.1956790000851,26.0474670003027],[-80.1954589998323,26.0474739997262],[-80.1954619999707,26.0470770003042],[-80.1956769999929,26.0470740001658]]],[[[-80.1727179997353,26.0477899999095],[-80.1732289999177,26.0486849998138],[-80.1722109997372,26.0487170003901],[-80.1721899996681,26.0478089998863],[-80.1727179997353,26.0477899999095]]],[[[-80.178305000175,26.0476260004405],[-80.1782609999445,26.0489419999742],[-80.1763689999287,26.0490030000893],[-80.1741500001218,26.0490699995817],[-80.1741419997528,26.0481369997236],[-80.1741300000988,26.0477560001402],[-80.1741330002371,26.0476170000254],[-80.1751549997028,26.0475919997718],[-80.1751579998412,26.0477249996099],[-80.1763659997904,26.0476650004403],[-80.178305000175,26.0476260004405]]],[[[-80.1809020003264,26.0486780003903],[-80.1792840003557,26.048727999998],[-80.1792650003788,26.0475980000485],[-80.1804700001897,26.0475709997028],[-80.1814610000245,26.0475260003255],[-80.1814729996785,26.0496100002022],[-80.1809134316089,26.0496358341273],[-80.1809020003264,26.0486780003903]]],[[[-80.2070750004103,26.0662420000691],[-80.2070090000647,26.0646599999599],[-80.2070136918277,26.064499759657],[-80.2070066924043,26.064458759565],[-80.206984692289,26.0644137601877],[-80.2069616921277,26.0643997604415],[-80.2069216929811,26.0643867589426],[-80.2068296923358,26.0643627596345],[-80.2067686922207,26.0643597603955],[-80.2064186922682,26.0643777603262],[-80.2059479996998,26.0643390004454],[-80.2059236919242,26.0633127588776],[-80.2053940002323,26.063322000311],[-80.2053950002784,26.0633469996652],[-80.2053960003245,26.0633919999417],[-80.2053970003706,26.063425999711],[-80.2049159997729,26.0634360001721],[-80.2049009999805,26.0628750003818],[-80.2049129996346,26.0628750003818],[-80.2050270003951,26.0628769995748],[-80.2050430002336,26.0628769995748],[-80.2050919997953,26.0628769995748],[-80.2051089996799,26.0628779996209],[-80.2051689997489,26.0628839998976],[-80.2053489999557,26.0629009997822],[-80.2054090000247,26.062908000105],[-80.2058699997001,26.0629450000126],[-80.2066400001352,26.0629470001048],[-80.2066349999047,26.062776000313],[-80.2065680004122,26.0602269996772],[-80.2066159999278,26.0602249995849],[-80.2066200001123,26.0596500000483],[-80.2069360002955,26.0585190000527],[-80.2068990003879,26.0571970002422],[-80.2070150003414,26.0560939997392],[-80.2055789997704,26.0561539998081],[-80.2055229998859,26.0544999999759],[-80.2069690000187,26.0544510004142],[-80.2067020002964,26.0534469999799],[-80.2061209995838,26.0534579995879],[-80.206060000368,26.0521759998234],[-80.2036040004236,26.0522440002613],[-80.2033850002169,26.0502409996233],[-80.2033179998252,26.047876000278],[-80.2047569996351,26.0478770003242],[-80.2047850000271,26.0469699998665],[-80.2049040001189,26.046965999682],[-80.2051400002102,26.0469590002585],[-80.2051394920932,26.046963824222],[-80.2051426909817,26.0469637558735],[-80.205143174817,26.0469684503346],[-80.2052276913042,26.0477877552016],[-80.2050776906822,26.0478007558011],[-80.2050500734015,26.0478133103369],[-80.2050336913511,26.0478207558241],[-80.2050156914204,26.0478387557549],[-80.2049966914435,26.0478817559391],[-80.2049956913974,26.0478977557777],[-80.2050006907286,26.047923755178],[-80.2050106920891,26.0479447552472],[-80.2050339998186,26.0479659999318],[-80.2070409997417,26.0489500003431],[-80.2075576917334,26.0481897557535],[-80.2074916922871,26.0481577551771],[-80.2076806920096,26.0478757556625],[-80.2078636923549,26.0471797559418],[-80.2078130002691,26.0467050002364],[-80.2084010004052,26.046671999614],[-80.2084496923987,26.0482397553613],[-80.208693000381,26.0482650002305],[-80.2086759995971,26.0483460003685],[-80.2085570004046,26.0488619998823],[-80.2084799995517,26.0490779999506],[-80.2084970003356,26.0497300003401],[-80.2082820003134,26.0502940002688],[-80.2080240001069,26.0503069999689],[-80.207356999925,26.0503269999919],[-80.2074800002012,26.0526979996139],[-80.2074499997171,26.0534259999108],[-80.2074659995556,26.0539610003008],[-80.2074820002934,26.0544349996763],[-80.2075329999473,26.0560729996701],[-80.2075689998088,26.0571800003576],[-80.207610999947,26.0585000000758],[-80.2076679998776,26.0602370001383],[-80.2077500000618,26.0627570003361],[-80.2077560003384,26.0629460000587],[-80.2078209997387,26.0646799999829],[-80.2078880001304,26.0662309995619],[-80.2070750004103,26.0662420000691]]]]}},{"type":"Feature","id":"FL-12011-V025-2022","properties":{"state_po":"FL","county_fips":"12011","county_name":"Broward County","precinct_id":"V025","geometry_vintage":"2022"},"geometry":{"type":"MultiPolygon","coordinates":[[[[-80.2214798022504,26.0452704943387],[-80.2212520003789,26.0452860004494],[-80.2208666948414,26.0453247549344],[-80.2208717490313,26.0453661039634],[-80.220877696248,26.0454147536888],[-80.220464000013,26.0454520000106],[-80.2168830003495,26.0455639997796],[-80.2168640003727,26.0448579995979],[-80.2204389997594,26.0447710000824],[-80.2212409998716,26.0448009996673],[-80.2228599998884,26.0447799995982],[-80.223615999678,26.0447980004283],[-80.2236211249143,26.0448074064375],[-80.2236971248218,26.0448284056073],[-80.2238641253285,26.0448854064372],[-80.2239761250975,26.0449244064371],[-80.2240931259963,26.0449564061141],[-80.2242131261342,26.0449794062755],[-80.2243961255801,26.0449984062523],[-80.224519124957,26.0450014063907],[-80.2246191250719,26.0449974062062],[-80.2246411260864,26.0449974062062],[-80.2248692813916,26.0449680298516],[-80.224880000411,26.0453509998496],[-80.2247150602512,26.0453862811528],[-80.2245246971564,26.0453877551416],[-80.2243526973185,26.0453847550033],[-80.2241314092365,26.0453627800691],[-80.2238915537516,26.0453070823568],[-80.2237316776742,26.0452511211432],[-80.2235236959611,26.0451907550502],[-80.2234166973221,26.0451757543584],[-80.2233256958236,26.0451707550272],[-80.2228680002573,26.0451759998734],[-80.2220006958748,26.0452087549809],[-80.2217146961756,26.0452507551191],[-80.2214798022504,26.0452704943387]]]]}},{"type":"Feature","id":"FL-12011-V026-2022","properties":{"state_po":"FL","county_fips":"12011","county_name":"Broward County","precinct_id":"V026","geometry_vintage":"2022"},"geometry":{"type":"MultiPolygon","coordinates":[[[[-80.2236186104099,26.0447983331774],[-80.223615999678,26.0447980004283],[-80.2228599998884,26.0447799995982],[-80.2212409998716,26.0448009996673],[-80.2204389997594,26.0447710000824],[-80.2168640003727,26.0448579995979],[-80.2168610002343,26.0445390001756],[-80.2168539999115,26.0441809998541],[-80.2168460004419,26.043845999694],[-80.2168370000269,26.0434900003641],[-80.2168269995657,26.0431600004346],[-80.2168139998656,26.0427899995597],[-80.2168000001192,26.0424110000684],[-80.2167909997042,26.0420800000928],[-80.21676600035,26.0415809995644],[-80.2167480004192,26.0413529998419],[-80.2167270003501,26.0407879998672],[-80.2167149997967,26.0399899999394],[-80.2166820000736,26.0391920000117],[-80.2180300001837,26.0391560001502],[-80.220312000198,26.0390980001734],[-80.220676999943,26.039083000381],[-80.2205260001741,26.0318919997169],[-80.2207770000579,26.0318600000398],[-80.2207719998273,26.0317470002247],[-80.2209499999419,26.0317240000634],[-80.2217259997544,26.031689000248],[-80.2225520000741,26.0316490002021],[-80.2225570003047,26.0317890003629],[-80.2225740001893,26.0325120004293],[-80.2225900000278,26.0332209998501],[-80.2226019996819,26.0339530003316],[-80.2226189995665,26.0346680000291],[-80.2226399996356,26.0353910000954],[-80.2226570004196,26.0361180003463],[-80.2226760003965,26.0368499999284],[-80.2226930002811,26.0375669997181],[-80.2227110002118,26.0382909998307],[-80.2227160004424,26.0390170000354],[-80.2247420003424,26.0389580000126],[-80.2247539999964,26.0396660002866],[-80.224769999835,26.0403969998226],[-80.2247820003884,26.0411329995891],[-80.2247849996274,26.0418520003704],[-80.2248059996965,26.0425799997681],[-80.2248319999961,26.0432579995579],[-80.2248689999038,26.0449579997128],[-80.2248691419966,26.044963082681],[-80.2248716969706,26.0449627544285],[-80.2248718120838,26.044967704297],[-80.224869279593,26.0449680298516],[-80.2246411260864,26.0449974062062],[-80.2246191250719,26.0449974062062],[-80.224519124957,26.0450014063907],[-80.2243961255801,26.0449984062523],[-80.2242131261342,26.0449794062755],[-80.2240931259963,26.0449564061141],[-80.2239761250975,26.0449244064371],[-80.2238641253285,26.0448854064372],[-80.2236971248218,26.0448284056073],[-80.2236211249143,26.0448074064375],[-80.2236185843295,26.0448027425534],[-80.2236186958455,26.0448027551439],[-80.2236186104099,26.0447983331774]]]]}},{"type":"Feature","id":"FL-12011-V027-2022","properties":{"state_po":"FL","county_fips":"12011","county_name":"Broward County","precinct_id":"V027","geometry_vintage":"2022"},"geometry":{"type":"MultiPolygon","coordinates":[[[[-80.2485207029674,26.0326377499331],[-80.2485199996976,26.03304699992],[-80.2483907032676,26.0330557512228],[-80.2480653231555,26.0331027560882],[-80.2476985391556,26.0332149923789],[-80.2473040002787,26.0334240002183],[-80.2473067027415,26.0334287513366],[-80.2472037033875,26.0334987509674],[-80.2470407030654,26.0336307507594],[-80.2468827029737,26.0337817514276],[-80.2466647028131,26.0339437508043],[-80.2463427032525,26.0341617509649],[-80.2458427026779,26.0344507508024],[-80.245146702058,26.0347537512855],[-80.2447490002655,26.034921000005],[-80.244683999966,26.034950000443],[-80.2427020002964,26.0358089995865],[-80.2393959998249,26.0371999998809],[-80.2387469995737,26.0374669996032],[-80.2367599996736,26.03865999976],[-80.2348669996117,26.0404569998915],[-80.2338799999613,26.0413590001186],[-80.2329169996192,26.0423119999997],[-80.2308990000881,26.0423330000688],[-80.2309149999267,26.0451400000119],[-80.2287810004422,26.0452040002653],[-80.2269309996652,26.0452600001498],[-80.224880000411,26.0453509998496],[-80.2248689999038,26.0449579997128],[-80.2248319999961,26.0432579995579],[-80.2248059996965,26.0425799997681],[-80.2247849996274,26.0418520003704],[-80.2247820003884,26.0411329995891],[-80.224769999835,26.0403969998226],[-80.2247539999964,26.0396660002866],[-80.2247420003424,26.0389580000126],[-80.2227160004424,26.0390170000354],[-80.2227110002118,26.0382909998307],[-80.2226930002811,26.0375669997181],[-80.2226760003965,26.0368499999284],[-80.2226570004196,26.0361180003463],[-80.2226399996356,26.0353910000954],[-80.2226189995665,26.0346680000291],[-80.2226019996819,26.0339530003316],[-80.2225900000278,26.0332209998501],[-80.2225740001893,26.0325120004293],[-80.2225570003047,26.0317890003629],[-80.2245759998818,26.0317270002018],[-80.2265819997588,26.0316650000406],[-80.2288550002574,26.0315930003176],[-80.2296350002544,26.031568000064],[-80.232629999874,26.0314710000874],[-80.2366239996971,26.0313590003185],[-80.238616999874,26.0312980002034],[-80.240612000143,26.0312349999961],[-80.2426050003198,26.0311869995812],[-80.2445300000588,26.0311169999505],[-80.2446009997357,26.0311139998121],[-80.2486629999968,26.0311970000424],[-80.2485861403375,26.0317583991317],[-80.2485207029674,26.0326377499331]]]]}},{"type":"Feature","id":"FL-12011-V028-2022","properties":{"state_po":"FL","county_fips":"12011","county_name":"Broward County","precinct_id":"V028","geometry_vintage":"2022"},"geometry":{"type":"MultiPolygon","coordinates":[[[[-80.2232289998178,26.0098379998247],[-80.2277129997545,26.0097330003786],[-80.227829999754,26.009728000148],[-80.2292640002328,26.0096910002404],[-80.2316790000851,26.0096429998255],[-80.2317190001311,26.0101020003079],[-80.231749999762,26.0107860003745],[-80.2317970001308,26.0114050001415],[-80.2326180002199,26.0113880002569],[-80.2333940000324,26.0113650000956],[-80.2341540000064,26.0113520003954],[-80.2350069997726,26.0113280001879],[-80.2357780002538,26.0113130003955],[-80.2378139997157,26.0112510002343],[-80.2398019996619,26.0112019997733],[-80.2398039997541,26.0112290001192],[-80.239822999731,26.0116010001869],[-80.2398389995695,26.0119130001857],[-80.2398540002612,26.0123220001611],[-80.2398839998461,26.0130450002275],[-80.2399140003302,26.0137690003399],[-80.2399480000994,26.0144979997837],[-80.239973000353,26.0152219998962],[-80.2399999997995,26.0159520002854],[-80.240035999661,26.01669899966],[-80.2410400000953,26.016658999614],[-80.2424949997438,26.0166100000523],[-80.2425250002279,26.01749899968],[-80.2410770000029,26.0175450000026],[-80.2411139999105,26.0182340002997],[-80.2411319998413,26.0189190004124],[-80.2411620003254,26.0196049996718],[-80.2411940000025,26.0202909998306],[-80.240176999868,26.0203180001764],[-80.2402159998679,26.0211590002885],[-80.2402410001214,26.0218529999169],[-80.240268999614,26.0225430002601],[-80.2402970000059,26.0232309996118],[-80.2403329998674,26.0240290004389],[-80.2402769999829,26.0240299995857],[-80.2367189995815,26.0241159999543],[-80.2359540002763,26.024122000231],[-80.2351950003483,26.0241410002079],[-80.2344259999593,26.024162000277],[-80.2323220000596,26.0242190002076],[-80.23236600029,26.0249519998358],[-80.2323990000132,26.0256610001559],[-80.232428999598,26.0263889995535],[-80.2324549998977,26.0270999999659],[-80.2324770000129,26.0278339996402],[-80.2325139999205,26.028549000237],[-80.2325339999435,26.0292710002573],[-80.2326229995512,26.0313289998343],[-80.232629999874,26.0314710000874],[-80.2296350002544,26.031568000064],[-80.2288550002574,26.0315930003176],[-80.2265819997588,26.0316650000406],[-80.2245759998818,26.0317270002018],[-80.2225570003047,26.0317890003629],[-80.2225520000741,26.0316490002021],[-80.2225039996592,26.0303030001842],[-80.2224719999821,26.0295889996335],[-80.2224489998208,26.0288669996132],[-80.2224180001899,26.028145999639],[-80.2223909998441,26.0274279998032],[-80.2223719998672,26.0267130001058],[-80.2243840000209,26.0266390002905],[-80.2243029998829,26.0244809996993],[-80.2239040003687,26.0244839998376],[-80.2238889996769,26.0237330002786],[-80.2238519997693,26.0230179996818],[-80.2238440002997,26.0225800001677],[-80.223828999608,26.0223029999843],[-80.2238020001615,26.0215860001946],[-80.2237790000002,26.0208599999899],[-80.2245719996974,26.0208240001284],[-80.2253329997175,26.020800999967],[-80.2260959998299,26.0207720004283],[-80.2268549997578,26.0207529995521],[-80.2276080003083,26.0207240000134],[-80.2283719995675,26.0206860000598],[-80.2291329995876,26.0206629998984],[-80.2298929995616,26.0206510002444],[-80.2306579997662,26.020618999668],[-80.231435999671,26.0205890000831],[-80.2322229999908,26.020578999622],[-80.2321880001754,26.0198320002475],[-80.2321629999219,26.0191169996507],[-80.2321599997835,26.018855000159],[-80.2320829998299,26.0169559998204],[-80.2312859999483,26.016972999705],[-80.2305290001126,26.0169949998203],[-80.2297599997236,26.017022000166],[-80.229003999934,26.0170390000507],[-80.2282429999138,26.0170600001198],[-80.2274690001935,26.0170959999813],[-80.2267389998044,26.0171170000504],[-80.2259710003607,26.0171420003039],[-80.2252070002023,26.0171679997043],[-80.2244409999515,26.0171950000501],[-80.2236470002082,26.0172190002575],[-80.2235429999089,26.0153599999649],[-80.2234950003933,26.0134839997876],[-80.2232570002097,26.0102930001227],[-80.2232289998178,26.0098379998247]]]]}},{"type":"Feature","id":"FL-12011-V029-2022","properties":{"state_po":"FL","county_fips":"12011","county_name":"Broward County","precinct_id":"V029","geometry_vintage":"2022"},"geometry":{"type":"MultiPolygon","coordinates":[[[[-80.2225520000741,26.0316490002021],[-80.2217259997544,26.031689000248],[-80.2209499999419,26.0317240000634],[-80.2207719998273,26.0317470002247],[-80.2164959995901,26.0318919997169],[-80.2134870002242,26.0321429996006],[-80.2134900003626,26.0322300000154],[-80.2133280000865,26.0322360002921],[-80.213323999902,26.0321479998312],[-80.2130230004105,26.0248179999516],[-80.2127359997659,26.0175399997721],[-80.2126700003196,26.0160310003313],[-80.2127110004117,26.0121159996545],[-80.2130760001566,26.010052999847],[-80.2132540002713,26.0100509997547],[-80.2136529997854,26.010042000239],[-80.2156760004464,26.0100089996165],[-80.2170340001184,26.0099759998933],[-80.2213209999635,26.0098769998245],[-80.2232289998178,26.0098379998247],[-80.2232570002097,26.0102930001227],[-80.2234950003933,26.0134839997876],[-80.2235429999089,26.0153599999649],[-80.2236470002082,26.0172190002575],[-80.2244409999515,26.0171950000501],[-80.2252070002023,26.0171679997043],[-80.2259710003607,26.0171420003039],[-80.2267389998044,26.0171170000504],[-80.2274690001935,26.0170959999813],[-80.2282429999138,26.0170600001198],[-80.229003999934,26.0170390000507],[-80.2297599997236,26.017022000166],[-80.2305290001126,26.0169949998203],[-80.2312859999483,26.016972999705],[-80.2320829998299,26.0169559998204],[-80.2321599997835,26.018855000159],[-80.2321629999219,26.0191169996507],[-80.2321880001754,26.0198320002475],[-80.2322229999908,26.020578999622],[-80.231435999671,26.0205890000831],[-80.2306579997662,26.020618999668],[-80.2298929995616,26.0206510002444],[-80.2291329995876,26.0206629998984],[-80.2283719995675,26.0206860000598],[-80.2276080003083,26.0207240000134],[-80.2268549997578,26.0207529995521],[-80.2260959998299,26.0207720004283],[-80.2253329997175,26.020800999967],[-80.2245719996974,26.0208240001284],[-80.2237790000002,26.0208599999899],[-80.2238020001615,26.0215860001946],[-80.223828999608,26.0223029999843],[-80.2238440002997,26.0225800001677],[-80.2238519997693,26.0230179996818],[-80.2238889996769,26.0237330002786],[-80.2239040003687,26.0244839998376],[-80.2243029998829,26.0244809996993],[-80.2243840000209,26.0266390002905],[-80.2223719998672,26.0267130001058],[-80.2223909998441,26.0274279998032],[-80.2224180001899,26.028145999639],[-80.2224489998208,26.0288669996132],[-80.2224719999821,26.0295889996335],[-80.2225039996592,26.0303030001842],[-80.2225520000741,26.0316490002021]]]]}},{"type":"Feature","id":"FL-12011-W001-2022","properties":{"state_po":"FL","county_fips":"12011","county_name":"Broward County","precinct_id":"W001","geometry_vintage":"2022"},"geometry":{"type":"MultiPolygon","coordinates":[[[[-80.2299640001378,25.9818939999091],[-80.2298510003228,25.9818960000012],[-80.2297989997234,25.9818960000012],[-80.2297379996083,25.9818970000474],[-80.2294400002551,25.9819000001858],[-80.229306000371,25.9819010002318],[-80.2291420000026,25.9819040003702],[-80.2286800002811,25.9818929998629],[-80.2285729998434,25.9818909997707],[-80.2281459999373,25.9818960000012],[-80.2278010002153,25.9819170000704],[-80.2272980004017,25.9819560000702],[-80.2268389999193,25.9819919999317],[-80.22419200016,25.9820780003004],[-80.2233930001862,25.9820899999544],[-80.2233890000017,25.9819790002315],[-80.2233570003247,25.9806740003057],[-80.2225770003276,25.9806890000982],[-80.2218120001231,25.9807070000289],[-80.2210550002874,25.9807249999596],[-80.2200509998531,25.9807460000288],[-80.2192620003404,25.9808369997286],[-80.2184970001358,25.9808500003281],[-80.2177360001157,25.9808779998207],[-80.2169839996112,25.980891999567],[-80.2162229995911,25.980910000397],[-80.2154580002858,25.9809309995669],[-80.2146129999893,25.9809159997744],[-80.2123550001825,25.9809640001893],[-80.2105400001203,25.9810210001199],[-80.2083529999903,25.9810879996124],[-80.2065400000203,25.9811450004423],[-80.206516999859,25.9803329998689],[-80.2064779998591,25.9795040003102],[-80.2064399999054,25.9786389999907],[-80.2063450000211,25.9764980001834],[-80.2063369996522,25.9762579999077],[-80.2063060000212,25.9755699996566],[-80.2062799997216,25.974905999613],[-80.2062569995603,25.9742079998002],[-80.2062540003212,25.9735380003793],[-80.2062310001598,25.972766999898],[-80.2062189996065,25.9726469997601],[-80.2101579995913,25.9724519997608],[-80.2142559997139,25.9723959998764],[-80.2148459999423,25.9723349997613],[-80.2172019997718,25.9722840001074],[-80.2195360003855,25.9722409999231],[-80.2231220002794,25.9723260002456],[-80.2249999996496,25.9723040001303],[-80.2295859997934,25.9722320004074],[-80.2295930001162,25.9723789999917],[-80.2299630000917,25.9817589999787],[-80.2299640001378,25.9818939999091]]]]}},{"type":"Feature","id":"FL-12011-W002-2022","properties":{"state_po":"FL","county_fips":"12011","county_name":"Broward County","precinct_id":"W002","geometry_vintage":"2022"},"geometry":{"type":"MultiPolygon","coordinates":[[[[-80.2203540003362,25.9921319998928],[-80.2203511971494,25.9921327049613],[-80.220356694705,25.9921367411186],[-80.2202336944288,25.9922577413026],[-80.2201816947288,25.9923027406798],[-80.22013469436,25.9923437416712],[-80.2200516941297,25.9923867409562],[-80.2199586943376,25.9924147413481],[-80.2198306938308,25.9924297411405],[-80.2194876942011,25.9924297411405],[-80.2194346935556,25.9924307411866],[-80.219247693026,25.9924157413942],[-80.2192475167589,25.9924103670457],[-80.2192449995565,25.9924110001684],[-80.2192451416493,25.9924152188881],[-80.2192689997639,25.9931199995892],[-80.2151199999873,25.9932599997501],[-80.2150979998721,25.9925140004216],[-80.2111409999565,25.9924720002834],[-80.2093290000327,25.9924470000299],[-80.2093189995715,25.9931890000732],[-80.2092990004479,25.9938879999321],[-80.207913000384,25.9938649997708],[-80.2070340003182,25.993866999863],[-80.2069669999265,25.9916730003096],[-80.206902999673,25.9898279997632],[-80.206841999558,25.9879739997012],[-80.2067620003654,25.9868439997517],[-80.2067210002733,25.9857020001481],[-80.2066749999506,25.9846019997834],[-80.206658000066,25.9843820004298],[-80.2066349999047,25.9836390003405],[-80.2065719996974,25.9819740000009],[-80.2065400000203,25.9811450004423],[-80.2083529999903,25.9810879996124],[-80.2105400001203,25.9810210001199],[-80.2123550001825,25.9809640001893],[-80.2146129999893,25.9809159997744],[-80.2154580002858,25.9809309995669],[-80.2162229995911,25.980910000397],[-80.2169839996112,25.980891999567],[-80.2177360001157,25.9808779998207],[-80.2184970001358,25.9808500003281],[-80.2192620003404,25.9808369997286],[-80.2200509998531,25.9807460000288],[-80.2210550002874,25.9807249999596],[-80.2218120001231,25.9807070000289],[-80.2225770003276,25.9806890000982],[-80.2233570003247,25.9806740003057],[-80.2233890000017,25.9819790002315],[-80.2233930001862,25.9820899999544],[-80.22419200016,25.9820780003004],[-80.2268389999193,25.9819919999317],[-80.2272980004017,25.9819560000702],[-80.2278010002153,25.9819170000704],[-80.2281459999373,25.9818960000012],[-80.2285729998434,25.9818909997707],[-80.2286800002811,25.9818929998629],[-80.2291420000026,25.9819040003702],[-80.229306000371,25.9819010002318],[-80.2294400002551,25.9819000001858],[-80.2297379996083,25.9818970000474],[-80.2297989997234,25.9818960000012],[-80.2298510003228,25.9818960000012],[-80.2299640001378,25.9818939999091],[-80.2296330001622,25.9849509996898],[-80.2289280000265,25.9875920000716],[-80.226978000034,25.991638999641],[-80.2243910003438,25.9950109995589],[-80.2232049996104,25.9950490004119],[-80.2231859996335,25.9943879996074],[-80.2212419999177,25.9944640004142],[-80.2212090001946,25.9937590002785],[-80.2211890001716,25.9930580003273],[-80.2211829998949,25.9928289996595],[-80.2203540003362,25.9921319998928]]],[[[-80.2151830001947,25.9954489999723],[-80.2131259997644,25.9954320000876],[-80.2110880002104,25.9954180003413],[-80.2090469996187,25.9953970002722],[-80.2070999997645,25.9953319999727],[-80.2070910002488,25.9951650003654],[-80.2078819998538,25.9952190001576],[-80.2110880002104,25.9952839995578],[-80.2151800000563,25.9953180002264],[-80.2151830001947,25.9954489999723]]]]}},{"type":"Feature","id":"FL-12011-W003-2022","properties":{"state_po":"FL","county_fips":"12011","county_name":"Broward County","precinct_id":"W003","geometry_vintage":"2022"},"geometry":{"type":"MultiPolygon","coordinates":[[[[-80.2203540003362,25.9921319998928],[-80.2211829998949,25.9928289996595],[-80.2211890001716,25.9930580003273],[-80.2212090001946,25.9937590002785],[-80.2212419999177,25.9944640004142],[-80.2193010003402,25.9945200002986],[-80.2193229995561,25.9951660004115],[-80.2193289998328,25.9953279997882],[-80.217759000277,25.9953709999725],[-80.2151830001947,25.9954489999723],[-80.2151800000563,25.9953180002264],[-80.2110880002104,25.9952839995578],[-80.2078819998538,25.9952190001576],[-80.2070910002488,25.9951650003654],[-80.2070340003182,25.993866999863],[-80.207913000384,25.9938649997708],[-80.2092990004479,25.9938879999321],[-80.2093189995715,25.9931890000732],[-80.2093290000327,25.9924470000299],[-80.2111409999565,25.9924720002834],[-80.2150979998721,25.9925140004216],[-80.2151199999873,25.9932599997501],[-80.2192689997639,25.9931199995892],[-80.2192451434479,25.9924152188881],[-80.219247693026,25.9924157413942],[-80.2194346935556,25.9924307411866],[-80.2194876942011,25.9924297411405],[-80.2198306938308,25.9924297411405],[-80.2199586943376,25.9924147413481],[-80.22013469436,25.9923437416712],[-80.2201816947288,25.9923027406798],[-80.2202336944288,25.9922577413026],[-80.220356694705,25.9921367411186],[-80.2203511971494,25.9921327049613],[-80.2203540003362,25.9921319998928]]],[[[-80.2243910003438,25.9950109995589],[-80.2242350003443,25.9951679996044],[-80.2232099998409,25.9951889996735],[-80.2232049996104,25.9950490004119],[-80.2243910003438,25.9950109995589]]]]}},{"type":"Feature","id":"FL-12011-W004-2022","properties":{"state_po":"FL","county_fips":"12011","county_name":"Broward County","precinct_id":"W004","geometry_vintage":"2022"},"geometry":{"type":"MultiPolygon","coordinates":[[[[-80.2473469995637,25.9874370001183],[-80.2473879996558,25.98903400002],[-80.2475750001855,25.9945819995605],[-80.247582999655,25.9948039999056],[-80.2431389997644,25.9948159995596],[-80.2384090001746,25.9948730003895],[-80.2345999998894,25.9949270001818],[-80.2312750003403,25.9949650001355],[-80.2300600000683,25.9949759997435],[-80.2295459997474,25.9949910004352],[-80.2291470002332,25.9950030000892],[-80.2287439996352,25.995010000412],[-80.2282409998217,25.9950359998124],[-80.227190999964,25.9950630001582],[-80.2271879998257,25.9949219999512],[-80.2271719999871,25.9940740004156],[-80.2271420004024,25.9930459997739],[-80.2271459996875,25.9923740002608],[-80.225093000341,25.994989000343],[-80.2249770003876,25.9951369999734],[-80.2244710004356,25.9951610001809],[-80.2242350003443,25.9951679996044],[-80.2243910003438,25.9950109995589],[-80.226978000034,25.991638999641],[-80.2289280000265,25.9875920000716],[-80.2296330001622,25.9849509996898],[-80.2299640001378,25.9818939999091],[-80.2301570000449,25.9818879996323],[-80.2308939998575,25.9818679996094],[-80.2324359999208,25.9818830003011],[-80.2332200001023,25.9818600001398],[-80.2351290000027,25.9818050003014],[-80.2381809995528,25.9817450002324],[-80.2381940001523,25.9824559997455],[-80.2382130001292,25.9831359996276],[-80.2382269998755,25.9838310002013],[-80.2382550002674,25.9845209996453],[-80.2382999996446,25.9875099998874],[-80.2392149995719,25.9874930000028],[-80.2399740003991,25.9874810003487],[-80.2407409997966,25.9874740000259],[-80.2414989996784,25.9874689997954],[-80.2422659999752,25.9874499998185],[-80.2430209997187,25.9874469996802],[-80.2437839998311,25.9874380001644],[-80.2445530002202,25.9874279997033],[-80.2453069999174,25.9874210002798],[-80.2460710000759,25.9874010002568],[-80.2469249998882,25.9873980001185],[-80.2473469995637,25.9874370001183]]]]}},{"type":"Feature","id":"FL-12011-W005-2022","properties":{"state_po":"FL","county_fips":"12011","county_name":"Broward County","precinct_id":"W005","geometry_vintage":"2022"},"geometry":{"type":"MultiPolygon","coordinates":[[[[-80.2299640001378,25.9818939999091],[-80.2299630000917,25.9817589999787],[-80.2295930001162,25.9723789999917],[-80.2295859997934,25.9722320004074],[-80.2297589996774,25.9722349996464],[-80.2314029999478,25.9721749995774],[-80.232103999899,25.9721359995776],[-80.2334489998708,25.9721120002695],[-80.2342099998909,25.9720979996239],[-80.2380570001298,25.9720279999931],[-80.2467150000965,25.971875000132],[-80.2469239998421,25.9718699999015],[-80.2469419997728,25.9722470001998],[-80.2469540003262,25.972482000245],[-80.2469589996575,25.9725919999218],[-80.2472590000022,25.9814100000724],[-80.2472640002327,25.9815670001178],[-80.2470880002104,25.9815720003484],[-80.2473469995637,25.9874370001183],[-80.2469249998882,25.9873980001185],[-80.2460710000759,25.9874010002568],[-80.2453069999174,25.9874210002798],[-80.2445530002202,25.9874279997033],[-80.2437839998311,25.9874380001644],[-80.2430209997187,25.9874469996802],[-80.2422659999752,25.9874499998185],[-80.2414989996784,25.9874689997954],[-80.2407409997966,25.9874740000259],[-80.2399740003991,25.9874810003487],[-80.2392149995719,25.9874930000028],[-80.2382999996446,25.9875099998874],[-80.2382550002674,25.9845209996453],[-80.2382269998755,25.9838310002013],[-80.2382130001292,25.9831359996276],[-80.2381940001523,25.9824559997455],[-80.2381809995528,25.9817450002324],[-80.2351290000027,25.9818050003014],[-80.2332200001023,25.9818600001398],[-80.2324359999208,25.9818830003011],[-80.2308939998575,25.9818679996094],[-80.2301570000449,25.9818879996323],[-80.2299640001378,25.9818939999091]]]]}},{"type":"Feature","id":"FL-12011-W006-2022","properties":{"state_po":"FL","county_fips":"12011","county_name":"Broward County","precinct_id":"W006","geometry_vintage":"2022"},"geometry":{"type":"MultiPolygon","coordinates":[[[[-80.257013625178,25.9927484572764],[-80.2570120774448,25.9927668520095],[-80.256935705218,25.9930657398929],[-80.2569057047338,25.9932127412758],[-80.2568797053335,25.9933817400761],[-80.256875705149,25.9939687410654],[-80.2568837046186,25.9942397409721],[-80.2568848827305,25.9942786177648],[-80.2568829995502,25.994301000092],[-80.256883174918,25.9943057161368],[-80.2568855095579,25.9943687586122],[-80.2568856840264,25.9943734647645],[-80.2568859996885,25.99438200023],[-80.2541290002525,25.9944950000451],[-80.2493490001556,25.9947510001594],[-80.247743999885,25.994798999675],[-80.247582999655,25.9948039999056],[-80.2475750001855,25.9945819995605],[-80.2473879996558,25.98903400002],[-80.2473469995637,25.9874370001183],[-80.2470880002104,25.9815720003484],[-80.2472640002327,25.9815670001178],[-80.2472590000022,25.9814100000724],[-80.2513469996637,25.9813320000726],[-80.2521309998451,25.9813110000035],[-80.2571409997567,25.981163000373],[-80.2590470004181,25.9811259995661],[-80.2601419996529,25.9810980000735],[-80.2627880002653,25.9809870003506],[-80.2627939996427,25.9811250004193],[-80.2629080004032,25.9833169998805],[-80.2629800001263,25.9869740003507],[-80.2630709998261,25.9890239995588],[-80.2631170001488,25.9907120000596],[-80.2617045087554,25.9907519290592],[-80.2617047057069,25.9907567404321],[-80.2617247057299,25.9912617403379],[-80.2617527061219,25.9919137407274],[-80.2617347061911,25.9920777401964],[-80.2617017073673,25.9922157402651],[-80.2616467057302,25.9923847399647],[-80.2615697057767,25.9925307404022],[-80.2614427062153,25.992727741393],[-80.2612667061929,25.9928967401933],[-80.2610717061936,25.9930417405847],[-80.260881706425,25.9931527403076],[-80.2607277056185,25.9932087401921],[-80.260507706265,25.993268740261],[-80.2603287061042,25.9932937414139],[-80.2602727062198,25.9933027400303],[-80.2599489997459,25.9932839999575],[-80.2599498082364,25.9932836959866],[-80.2570140001953,25.9927440002363],[-80.257013625178,25.9927484572764]]]]}},{"type":"Feature","id":"FL-12011-W007-2022","properties":{"state_po":"FL","county_fips":"12011","county_name":"Broward County","precinct_id":"W007","geometry_vintage":"2022"},"geometry":{"type":"MultiPolygon","coordinates":[[[[-80.257013625178,25.9927484572764],[-80.2570140001953,25.9927440002363],[-80.2571619998258,25.992772999775],[-80.2599489997459,25.9932839999575],[-80.2602727062198,25.9933027400303],[-80.2603287061042,25.9932937414139],[-80.260507706265,25.993268740261],[-80.2607277056185,25.9932087401921],[-80.260881706425,25.9931527403076],[-80.2608997063557,25.9931407406535],[-80.2610717061936,25.9930417405847],[-80.2612667061929,25.9928967401933],[-80.2614427062153,25.992727741393],[-80.2615697057767,25.9925307404022],[-80.2616467057302,25.9923847399647],[-80.2617017073673,25.9922157402651],[-80.2617347061911,25.9920777401964],[-80.2617527061219,25.9919137407274],[-80.2617247057299,25.9912617403379],[-80.2617047057069,25.9907567404321],[-80.2617013584303,25.9907568303643],[-80.2617019996469,25.9907520001056],[-80.2631170001488,25.9907120000596],[-80.2630709998261,25.9890239995588],[-80.2629800001263,25.9869740003507],[-80.2629080004032,25.9833169998805],[-80.2627939996427,25.9811250004193],[-80.2627880002653,25.9809870003506],[-80.2629329997575,25.9809840002123],[-80.2659749997458,25.9809149997283],[-80.2679299999689,25.9808630000283],[-80.2698120004228,25.9808139995673],[-80.2698260001691,25.9809169998206],[-80.2733030004325,25.9808240000285],[-80.2768520004188,25.980728000098],[-80.2787190001811,25.9806880000521],[-80.2788520000191,25.9806849999137],[-80.2791080001334,25.9806779995909],[-80.2793129996945,25.9864440001913],[-80.2790569995802,25.9864470003297],[-80.2790819998337,25.9874279997033],[-80.2791680002024,25.990038999601],[-80.2792870002942,25.9936279996334],[-80.2791520003639,25.9936319998178],[-80.2791609998796,25.9937770002093],[-80.2783880002054,25.9937980002784],[-80.2770440002797,25.9938289999093],[-80.2757210004232,25.9938659998169],[-80.273673000408,25.9939350003009],[-80.271689999793,25.9939849999087],[-80.2700099996611,25.9940470000699],[-80.2672479999945,25.9941260001157],[-80.2658100002307,25.9941670002078],[-80.2633979996173,25.9942830001612],[-80.2632279998716,25.9942919996769],[-80.2610059999263,25.9942860002995],[-80.2569930001262,25.9943790000917],[-80.2569320000111,25.9943810001839],[-80.2568859996885,25.99438200023],[-80.2568856840264,25.9943734647645],[-80.2568855095579,25.9943687586122],[-80.256883174918,25.9943057161368],[-80.2568857047108,25.9943057413178],[-80.2568848827305,25.9942786177648],[-80.2568837046186,25.9942397409721],[-80.256875705149,25.9939687410654],[-80.2568797053335,25.9933817400761],[-80.2569057047338,25.9932127412758],[-80.256935705218,25.9930657398929],[-80.2570120783441,25.9927668520095],[-80.257013625178,25.9927484572764]]]]}},{"type":"Feature","id":"FL-12011-W008-2022","properties":{"state_po":"FL","county_fips":"12011","county_name":"Broward County","precinct_id":"W008","geometry_vintage":"2022"},"geometry":{"type":"MultiPolygon","coordinates":[[[[-80.2627880002653,25.9809870003506],[-80.2601419996529,25.9810980000735],[-80.2590470004181,25.9811259995661],[-80.2571409997567,25.981163000373],[-80.2521309998451,25.9813110000035],[-80.2513469996637,25.9813320000726],[-80.2472590000022,25.9814100000724],[-80.2469589996575,25.9725919999218],[-80.2469540003262,25.972482000245],[-80.2469419997728,25.9722470001998],[-80.2469239998421,25.9718699999015],[-80.262198000037,25.9713059999728],[-80.2624819996439,25.97129899965],[-80.2625680000125,25.971296000411],[-80.278445000136,25.9709749999971],[-80.2787639995583,25.9709679996743],[-80.2787649996044,25.971266999973],[-80.2787849996274,25.9715169998105],[-80.2789799996266,25.9766200004136],[-80.2789799996266,25.976738999606],[-80.2791019998568,25.9805360002371],[-80.2791080001334,25.9806779995909],[-80.2788520000191,25.9806849999137],[-80.2787190001811,25.9806880000521],[-80.2768520004188,25.980728000098],[-80.2733030004325,25.9808240000285],[-80.2698260001691,25.9809169998206],[-80.2698120004228,25.9808139995673],[-80.2679299999689,25.9808630000283],[-80.2659749997458,25.9809149997283],[-80.2629329997575,25.9809840002123],[-80.2627880002653,25.9809870003506]]]]}},{"type":"Feature","id":"FL-12011-W009-2022","properties":{"state_po":"FL","county_fips":"12011","county_name":"Broward County","precinct_id":"W009","geometry_vintage":"2022"},"geometry":{"type":"MultiPolygon","coordinates":[[[[-80.2958810002073,25.993299999796],[-80.2918329996925,25.993389000303],[-80.2823599999134,25.993673999956],[-80.2795740000394,25.9937699998865],[-80.2792919996254,25.9937740000709],[-80.2791609998796,25.9937770002093],[-80.2791520003639,25.9936319998178],[-80.2792870002942,25.9936279996334],[-80.2791680002024,25.990038999601],[-80.2790819998337,25.9874279997033],[-80.2790569995802,25.9864470003297],[-80.2793129996945,25.9864440001913],[-80.2791080001334,25.9806779995909],[-80.2791019998568,25.9805360002371],[-80.2789799996266,25.976738999606],[-80.2789799996266,25.9766200004136],[-80.2787849996274,25.9715169998105],[-80.2787649996044,25.971266999973],[-80.2948749996808,25.9708000000209],[-80.2948809999575,25.9710289997894],[-80.2949929997265,25.9757170001403],[-80.2950610001644,25.978662000152],[-80.295066000395,25.9788639995748],[-80.2951010002103,25.9799350004008],[-80.2952249996334,25.9807369996137],[-80.2956100003006,25.9816419999792],[-80.2962090000447,25.9825119996299],[-80.2969099999959,25.9831680002039],[-80.2977599996236,25.9836960002711],[-80.29901800008,25.9842610002459],[-80.3003789998903,25.9848309995519],[-80.3014350000246,25.9852720001036],[-80.303606000316,25.9861720002385],[-80.3075250002779,25.9878539995633],[-80.308398000067,25.9881590001386],[-80.3086809996278,25.988305999723],[-80.309259000202,25.9885900002292],[-80.3096110002468,25.9888280004127],[-80.3100750000605,25.989236000342],[-80.310403999944,25.9895979999486],[-80.3107440003347,25.9900629998085],[-80.3108800003111,25.9903119995999],[-80.3109649997343,25.9904770000144],[-80.3110130001491,25.9905709998526],[-80.3111150003563,25.9907980004282],[-80.3112250000331,25.9911800000579],[-80.3113810000325,25.9918929996631],[-80.3113989999632,25.9920699997316],[-80.3114000000093,25.9921839995928],[-80.3114099995711,25.9932090000962],[-80.3114109996173,25.9933029999344],[-80.3079330002071,25.9932870000958],[-80.304975999642,25.9932819998653],[-80.3019329996076,25.9932819998653],[-80.3001609997297,25.9932839999575],[-80.2958810002073,25.993299999796]]]]}},{"type":"Feature","id":"FL-12011-W010-2022","properties":{"state_po":"FL","county_fips":"12011","county_name":"Broward County","precinct_id":"W010","geometry_vintage":"2022"},"geometry":{"type":"MultiPolygon","coordinates":[[[[-80.3110069998725,25.9708660003665],[-80.3110540002412,25.9787430002901],[-80.3110479999646,25.9789689999203],[-80.3112510003327,25.9789669998281],[-80.3114139997556,25.9839419999242],[-80.3114529997555,25.9859889998933],[-80.3115620002854,25.9896030001792],[-80.3115770000778,25.992073999916],[-80.3115840004006,25.9923199995692],[-80.3116049995704,25.9930570002812],[-80.3116089997549,25.9932019997734],[-80.3116129999393,25.9933039999805],[-80.3114109996173,25.9933029999344],[-80.3114099995711,25.9932090000962],[-80.3114000000093,25.9921839995928],[-80.3113989999632,25.9920699997316],[-80.3113810000325,25.9918929996631],[-80.3112250000331,25.9911800000579],[-80.3111150003563,25.9907980004282],[-80.3110130001491,25.9905709998526],[-80.3109649997343,25.9904770000144],[-80.3108800003111,25.9903119995999],[-80.3107440003347,25.9900629998085],[-80.310403999944,25.9895979999486],[-80.3100750000605,25.989236000342],[-80.3096110002468,25.9888280004127],[-80.309259000202,25.9885900002292],[-80.3086809996278,25.988305999723],[-80.308398000067,25.9881590001386],[-80.3075250002779,25.9878539995633],[-80.303606000316,25.9861720002385],[-80.3014350000246,25.9852720001036],[-80.3003789998903,25.9848309995519],[-80.29901800008,25.9842610002459],[-80.2977599996236,25.9836960002711],[-80.2969099999959,25.9831680002039],[-80.2962090000447,25.9825119996299],[-80.2956100003006,25.9816419999792],[-80.2952249996334,25.9807369996137],[-80.2951010002103,25.9799350004008],[-80.295066000395,25.9788639995748],[-80.2950610001644,25.978662000152],[-80.2949929997265,25.9757170001403],[-80.2948809999575,25.9710289997894],[-80.2948749996808,25.9708000000209],[-80.2787649996044,25.971266999973],[-80.2787639995583,25.9709679996743],[-80.294875999727,25.9705779996758],[-80.2951040003487,25.9705720002984],[-80.2951030003026,25.9707919996519],[-80.2951030003026,25.971023000412],[-80.3009039998191,25.9708810001589],[-80.3110069998725,25.9708660003665]]],[[[-80.3110069998725,25.9708660003665],[-80.3109940001723,25.9706080001599],[-80.3114000000093,25.9706100002522],[-80.3114040001938,25.9708630002282],[-80.3110069998725,25.9708660003665]]]]}},{"type":"Feature","id":"FL-12011-W011-2022","properties":{"state_po":"FL","county_fips":"12011","county_name":"Broward County","precinct_id":"W011","geometry_vintage":"2022"},"geometry":{"type":"MultiPolygon","coordinates":[[[[-80.3110069998725,25.9708660003665],[-80.3009039998191,25.9708810001589],[-80.2951030003026,25.971023000412],[-80.2951030003026,25.9707919996519],[-80.2951040003487,25.9705720002984],[-80.2951149999566,25.9666819998753],[-80.2950749999106,25.964236000392],[-80.2950719997723,25.9635549995645],[-80.2949759998419,25.9569289997744],[-80.2950549998877,25.9569390002355],[-80.2965299995592,25.9569360000972],[-80.2986670000813,25.9568869996362],[-80.2989790000801,25.9568950000051],[-80.310616999874,25.9571649998657],[-80.3106850003119,25.9598600000398],[-80.3107719998273,25.9623560000302],[-80.3108160000577,25.964198999585],[-80.3108410003112,25.9652359997424],[-80.3109940001723,25.9706080001599],[-80.3110069998725,25.9708660003665]]]]}},{"type":"Feature","id":"FL-12011-W012-2022","properties":{"state_po":"FL","county_fips":"12011","county_name":"Broward County","precinct_id":"W012","geometry_vintage":"2022"},"geometry":{"type":"MultiPolygon","coordinates":[[[[-80.3431089999797,25.9571619997274],[-80.3430200003721,25.9576909998406],[-80.3432209997487,25.9634320001875],[-80.3431459998873,25.9641320000926],[-80.3430099999109,25.9643070000689],[-80.3348110004267,25.9643260000457],[-80.3327800002961,25.964176000323],[-80.332516999859,25.9643720003684],[-80.3321350002294,25.9643609998611],[-80.3323840000209,25.964146999885],[-80.3236740003542,25.9641560003],[-80.311052000149,25.9642310001614],[-80.3108160000577,25.964198999585],[-80.3107719998273,25.9623560000302],[-80.3106850003119,25.9598600000398],[-80.310616999874,25.9571649998657],[-80.3108400002652,25.9571700000963],[-80.3129709996113,25.9571659999119],[-80.317372000217,25.9571500000733],[-80.3244379996133,25.9571259998659],[-80.326712000158,25.9571180003963],[-80.3317850002769,25.9571019996585],[-80.3332480002943,25.9570970003272],[-80.340042999784,25.9571170003501],[-80.3408769995732,25.9571530002117],[-80.3412529998254,25.9571690000502],[-80.3429249995884,25.9571710001424],[-80.3431089999797,25.9571619997274]]]]}},{"type":"Feature","id":"FL-12011-W013-2022","properties":{"state_po":"FL","county_fips":"12011","county_name":"Broward County","precinct_id":"W013","geometry_vintage":"2022"},"geometry":{"type":"MultiPolygon","coordinates":[[[[-80.332516999859,25.9643720003684],[-80.3339480001994,25.9644280002529],[-80.3342040003137,25.9644270002067],[-80.3366810003272,25.9644179997917],[-80.3369350003494,25.9644149996534],[-80.3419729997535,25.9644060001377],[-80.3426919996354,25.9644199998839],[-80.343172000187,25.9644199998839],[-80.3434650002089,25.9751049997968],[-80.3435650003238,25.9785820000601],[-80.3353809997327,25.9785589998988],[-80.3318139998156,25.9788849996439],[-80.3246519995894,25.978935000151],[-80.3216800001313,25.9789400003816],[-80.3213720003169,25.9789410004277],[-80.3181180004447,25.9789429996206],[-80.3148429996041,25.9788729999898],[-80.3116600003081,25.9787499997136],[-80.3110540002412,25.9787430002901],[-80.3110069998725,25.9708660003665],[-80.3114040001938,25.9708630002282],[-80.3114000000093,25.9706100002522],[-80.3109940001723,25.9706080001599],[-80.3108410003112,25.9652359997424],[-80.3108160000577,25.964198999585],[-80.311052000149,25.9642310001614],[-80.3236740003542,25.9641560003],[-80.3323840000209,25.964146999885],[-80.3321350002294,25.9643609998611],[-80.332516999859,25.9643720003684]]],[[[-80.2986670000813,25.9568869996362],[-80.2965299995592,25.9569360000972],[-80.2950549998877,25.9569390002355],[-80.2949759998419,25.9569289997744],[-80.2949719996574,25.9567699996367],[-80.2986670000813,25.9568869996362]]]]}},{"type":"Feature","id":"FL-12011-W014-2022","properties":{"state_po":"FL","county_fips":"12011","county_name":"Broward County","precinct_id":"W014","geometry_vintage":"2022"},"geometry":{"type":"MultiPolygon","coordinates":[[[[-80.3520300003835,25.9787250003593],[-80.3501130001142,25.981994000024],[-80.343871000046,25.9891059997429],[-80.3413479997097,25.9931940003037],[-80.3406370001967,25.9931940003037],[-80.3363989999133,25.9932310002114],[-80.3281079997837,25.9932569996117],[-80.31845699989,25.993268000119],[-80.3119710002608,25.9933009998421],[-80.3116129999393,25.9933039999805],[-80.3116089997549,25.9932019997734],[-80.3116049995704,25.9930570002812],[-80.3115840004006,25.9923199995692],[-80.3115770000778,25.992073999916],[-80.3115620002854,25.9896030001792],[-80.3114529997555,25.9859889998933],[-80.3114139997556,25.9839419999242],[-80.3112510003327,25.9789669998281],[-80.3110479999646,25.9789689999203],[-80.3110540002412,25.9787430002901],[-80.3116600003081,25.9787499997136],[-80.3148429996041,25.9788729999898],[-80.3181180004447,25.9789429996206],[-80.3213720003169,25.9789410004277],[-80.3216800001313,25.9789400003816],[-80.3246519995894,25.978935000151],[-80.3318139998156,25.9788849996439],[-80.3353809997327,25.9785589998988],[-80.3435650003238,25.9785820000601],[-80.3435729997934,25.9787349999212],[-80.3438590003919,25.9787339998751],[-80.3513080003632,25.9787180000366],[-80.3520300003835,25.9787250003593]]]]}},{"type":"Feature","id":"FL-12011-W015-2022","properties":{"state_po":"FL","county_fips":"12011","county_name":"Broward County","precinct_id":"W015","geometry_vintage":"2022"},"geometry":{"type":"MultiPolygon","coordinates":[[[[-80.3520880003602,25.9569679997742],[-80.3520890004064,25.9570029995896],[-80.3525399996206,25.9678200001937],[-80.3528179998502,25.9738680003089],[-80.3527039999889,25.9761409999081],[-80.3520929996915,25.9785440001064],[-80.3520300003835,25.9787250003593],[-80.3513080003632,25.9787180000366],[-80.3438590003919,25.9787339998751],[-80.3435729997934,25.9787349999212],[-80.3435650003238,25.9785820000601],[-80.3434650002089,25.9751049997968],[-80.343172000187,25.9644199998839],[-80.3426919996354,25.9644199998839],[-80.3419729997535,25.9644060001377],[-80.3369350003494,25.9644149996534],[-80.3366810003272,25.9644179997917],[-80.3342040003137,25.9644270002067],[-80.3339480001994,25.9644280002529],[-80.332516999859,25.9643720003684],[-80.3327800002961,25.964176000323],[-80.3348110004267,25.9643260000457],[-80.3430099999109,25.9643070000689],[-80.3431459998873,25.9641320000926],[-80.3432209997487,25.9634320001875],[-80.3430200003721,25.9576909998406],[-80.3431089999797,25.9571619997274],[-80.3441110003217,25.9570530000968],[-80.3493390003939,25.9570099999124],[-80.3513840002707,25.956963000443],[-80.3520880003602,25.9569679997742]]]]}},{"type":"Feature","id":"FL-12011-W016-2022","properties":{"state_po":"FL","county_fips":"12011","county_name":"Broward County","precinct_id":"W016","geometry_vintage":"2022"},"geometry":{"type":"MultiPolygon","coordinates":[[[[-80.3520300003835,25.9787250003593],[-80.3520929996915,25.9785440001064],[-80.3527039999889,25.9761409999081],[-80.3528179998502,25.9738680003089],[-80.3525399996206,25.9678200001937],[-80.3520890004064,25.9570029995896],[-80.3520880003602,25.9569679997742],[-80.3590510004027,25.9570469998201],[-80.3749770000878,25.9570730001198],[-80.3750669997416,25.9570720000736],[-80.3753150003863,25.9649940002737],[-80.3755009999705,25.9712110000884],[-80.3756949999237,25.9756349999562],[-80.3758109998771,25.978479999853],[-80.3758210003382,25.9786519996909],[-80.3756359999008,25.9786519996909],[-80.3652090001946,25.9786719997139],[-80.3597769997081,25.9786889995986],[-80.3596439998701,25.9786889995986],[-80.3520300003835,25.9787250003593]]]]}},{"type":"Feature","id":"FL-12011-W017-2022","properties":{"state_po":"FL","county_fips":"12011","county_name":"Broward County","precinct_id":"W017","geometry_vintage":"2022"},"geometry":{"type":"MultiPolygon","coordinates":[[[[-80.3758210003382,25.9786519996909],[-80.3758109998771,25.978479999853],[-80.3756949999237,25.9756349999562],[-80.3755009999705,25.9712110000884],[-80.3753150003863,25.9649940002737],[-80.3750669997416,25.9570720000736],[-80.3871379997183,25.9570699999814],[-80.4073819997788,25.9569390002355],[-80.4077099996162,25.9708870004356],[-80.4054590001321,25.9708909997207],[-80.3962809995678,25.9710489998124],[-80.3938829996001,25.9711130000658],[-80.3917819998388,25.9713530003416],[-80.3918989998383,25.9784579997378],[-80.3919070002073,25.978641000083],[-80.3827499997121,25.9786569999215],[-80.3807459999273,25.9786549998292],[-80.3758210003382,25.9786519996909]]]]}},{"type":"Feature","id":"FL-12011-W018-2022","properties":{"state_po":"FL","county_fips":"12011","county_name":"Broward County","precinct_id":"W018","geometry_vintage":"2022"},"geometry":{"type":"MultiPolygon","coordinates":[[[[-80.3922950001135,25.9931869999809],[-80.3862890001366,25.9931740002808],[-80.379436999817,25.9931859999348],[-80.3762339995988,25.9930829996816],[-80.376103999899,25.9930809995893],[-80.3619249998382,25.9930800004425],[-80.3617620004154,25.9930800004425],[-80.3579900000378,25.9931029997045],[-80.3520899995532,25.9931130001657],[-80.3455480000395,25.9931940003037],[-80.3442290003674,25.9931930002576],[-80.3440710002758,25.9931940003037],[-80.3439979996073,25.9931950003499],[-80.3413479997097,25.9931940003037],[-80.343871000046,25.9891059997429],[-80.3501130001142,25.981994000024],[-80.3520300003835,25.9787250003593],[-80.3596439998701,25.9786889995986],[-80.3597769997081,25.9786889995986],[-80.3652090001946,25.9786719997139],[-80.3756359999008,25.9786519996909],[-80.3758210003382,25.9786519996909],[-80.3807459999273,25.9786549998292],[-80.3827499997121,25.9786569999215],[-80.3919070002073,25.978641000083],[-80.3920850003218,25.9857709997327],[-80.392088999607,25.9859530000318],[-80.3922950001135,25.9931869999809]]]]}},{"type":"Feature","id":"FL-12011-W019-2022","properties":{"state_po":"FL","county_fips":"12011","county_name":"Broward County","precinct_id":"W019","geometry_vintage":"2022"},"geometry":{"type":"MultiPolygon","coordinates":[[[[-80.3919070002073,25.978641000083],[-80.3918989998383,25.9784579997378],[-80.3917819998388,25.9713530003416],[-80.3938829996001,25.9711130000658],[-80.3962809995678,25.9710489998124],[-80.4054590001321,25.9708909997207],[-80.4077099996162,25.9708870004356],[-80.4073819997788,25.9569390002355],[-80.4087259997045,25.956903000374],[-80.4308170004036,25.956965999682],[-80.431359000217,25.9569649996359],[-80.4357700003845,25.9568499997286],[-80.4393890000017,25.9568519998208],[-80.4393930001862,25.9569889998434],[-80.4404900004125,25.9929449996129],[-80.4404739996747,25.9931770004191],[-80.4328109997272,25.9931799996581],[-80.4324239998671,25.9931799996581],[-80.4324259999592,25.9932259999808],[-80.4319270003301,25.9932290001191],[-80.4083040000289,25.9931890000732],[-80.4082579997063,25.9931890000732],[-80.4081579995914,25.9931940003037],[-80.4081570004445,25.9931409996583],[-80.3946530000352,25.9931819997503],[-80.3922950001135,25.9931869999809],[-80.392088999607,25.9859530000318],[-80.3920850003218,25.9857709997327],[-80.3919070002073,25.978641000083]]]]}},{"type":"Feature","id":"FL-12011-X001-2022","properties":{"state_po":"FL","county_fips":"12011","county_name":"Broward County","precinct_id":"X001","geometry_vintage":"2022"},"geometry":{"type":"MultiPolygon","coordinates":[[[[-80.2249770003876,25.9951369999734],[-80.225093000341,25.994989000343],[-80.2271459996875,25.9923740002608],[-80.2271420004024,25.9930459997739],[-80.2271719999871,25.9940740004156],[-80.2271879998257,25.9949219999512],[-80.227190999964,25.9950630001582],[-80.2259890002915,25.995092999743],[-80.2249770003876,25.9951369999734]]]]}},{"type":"Feature","id":"FL-12011-X002-2022","properties":{"state_po":"FL","county_fips":"12011","county_name":"Broward County","precinct_id":"X002","geometry_vintage":"2022"},"geometry":{"type":"MultiPolygon","coordinates":[[[[-80.2159790000302,26.0076590000637],[-80.2165110839188,26.0068561626826],[-80.2162239996372,26.0060060002776],[-80.2150529995956,26.0054980002334],[-80.2170180002798,26.0026270000369],[-80.2200679997378,25.9995159995646],[-80.2204280001515,25.9991580001425],[-80.2204209998286,25.9989179998667],[-80.220383999921,25.9979130002856],[-80.2203870000594,25.9974169998955],[-80.2203609997597,25.9966959999213],[-80.2203259999443,25.9959640003392],[-80.2203219997599,25.9952889997884],[-80.2193289998328,25.9953279997882],[-80.2193229995561,25.9951660004115],[-80.2193010003402,25.9945200002986],[-80.2212419999177,25.9944640004142],[-80.2231859996335,25.9943879996074],[-80.2232049996104,25.9950490004119],[-80.2232099998409,25.9951889996735],[-80.2242350003443,25.9951679996044],[-80.2244710004356,25.9951610001809],[-80.2249770003876,25.9951369999734],[-80.2259890002915,25.995092999743],[-80.227190999964,25.9950630001582],[-80.2282409998217,25.9950359998124],[-80.2287439996352,25.995010000412],[-80.2291470002332,25.9950030000892],[-80.2295459997474,25.9949910004352],[-80.2300600000683,25.9949759997435],[-80.2312750003403,25.9949650001355],[-80.2313090001096,25.9963239998536],[-80.2313029998329,25.9970399995972],[-80.2313110002018,25.9977590003784],[-80.2313280000865,25.9984970002373],[-80.231343999925,25.9992380002344],[-80.2313589997174,25.9999519998858],[-80.2313839999709,26.0006699997216],[-80.2313969996711,26.0013969999724],[-80.2314169996941,26.0021719997389],[-80.2315149997168,26.0048310000515],[-80.231616999924,26.0073460000187],[-80.2316739998545,26.0094800004026],[-80.2316790000851,26.0096429998255],[-80.2292640002328,26.0096910002404],[-80.227829999754,26.009728000148],[-80.2277129997545,26.0097330003786],[-80.2232289998178,26.0098379998247],[-80.2213209999635,26.0098769998245],[-80.2170340001184,26.0099759998933],[-80.2156760004464,26.0100089996165],[-80.2136529997854,26.010042000239],[-80.2132540002713,26.0100509997547],[-80.2132979996023,26.009869000355],[-80.2135870003391,26.0087930001977],[-80.2143196932985,26.0084447449299],[-80.2145069995977,26.0079510000395],[-80.2159790000302,26.0076590000637]]]]}},{"type":"Feature","id":"FL-12011-X003-2022","properties":{"state_po":"FL","county_fips":"12011","county_name":"Broward County","precinct_id":"X003","geometry_vintage":"2022"},"geometry":{"type":"MultiPolygon","coordinates":[[[[-80.2481600001832,26.0090440000814],[-80.2480050002299,26.0090470002198],[-80.2480109996073,26.0092250003344],[-80.2481479996299,26.0121690003],[-80.2483170002287,26.0164469997301],[-80.2475809995628,26.0164489998223],[-80.2439999998994,26.0165679999141],[-80.2432139996257,26.0166009996373],[-80.2424949997438,26.0166100000523],[-80.2410400000953,26.016658999614],[-80.240035999661,26.01669899966],[-80.2399999997995,26.0159520002854],[-80.239973000353,26.0152219998962],[-80.2399480000994,26.0144979997837],[-80.2399140003302,26.0137690003399],[-80.2398839998461,26.0130450002275],[-80.2398540002612,26.0123220001611],[-80.2398389995695,26.0119130001857],[-80.239822999731,26.0116010001869],[-80.2398039997541,26.0112290001192],[-80.2398019996619,26.0112019997733],[-80.2378139997157,26.0112510002343],[-80.2357780002538,26.0113130003955],[-80.2350069997726,26.0113280001879],[-80.2341540000064,26.0113520003954],[-80.2333940000324,26.0113650000956],[-80.2326180002199,26.0113880002569],[-80.2317970001308,26.0114050001415],[-80.231749999762,26.0107860003745],[-80.2317190001311,26.0101020003079],[-80.2316790000851,26.0096429998255],[-80.2316739998545,26.0094800004026],[-80.231616999924,26.0073460000187],[-80.2315149997168,26.0048310000515],[-80.2314169996941,26.0021719997389],[-80.2313969996711,26.0013969999724],[-80.2313839999709,26.0006699997216],[-80.2313589997174,25.9999519998858],[-80.231343999925,25.9992380002344],[-80.2313280000865,25.9984970002373],[-80.2313110002018,25.9977590003784],[-80.2313029998329,25.9970399995972],[-80.2313090001096,25.9963239998536],[-80.2312750003403,25.9949650001355],[-80.2345999998894,25.9949270001818],[-80.2384090001746,25.9948730003895],[-80.2431389997644,25.9948159995596],[-80.247582999655,25.9948039999056],[-80.247743999885,25.994798999675],[-80.247936999792,26.001482000295],[-80.2480569999299,26.0049540003277],[-80.2480699996301,26.0054810003488],[-80.2481600001832,26.0090440000814]]]]}},{"type":"Feature","id":"FL-12011-X004-2022","properties":{"state_po":"FL","county_fips":"12011","county_name":"Broward County","precinct_id":"X004","geometry_vintage":"2022"},"geometry":{"type":"MultiPolygon","coordinates":[[[[-80.2424949997438,26.0166100000523],[-80.2432139996257,26.0166009996373],[-80.2439999998994,26.0165679999141],[-80.2475809995628,26.0164489998223],[-80.2483170002287,26.0164469997301],[-80.2484979995824,26.0200739997162],[-80.2486140004351,26.0200700004311],[-80.2486710003657,26.0221320001925],[-80.2487149996968,26.0236829997715],[-80.2485750004353,26.02369899961],[-80.2487939997426,26.0282200003536],[-80.248685000112,26.0310050001815],[-80.2486629999968,26.0311970000424],[-80.2446009997357,26.0311139998121],[-80.2445300000588,26.0311169999505],[-80.2426050003198,26.0311869995812],[-80.240612000143,26.0312349999961],[-80.238616999874,26.0312980002034],[-80.2366239996971,26.0313590003185],[-80.232629999874,26.0314710000874],[-80.2326229995512,26.0313289998343],[-80.2325339999435,26.0292710002573],[-80.2325139999205,26.028549000237],[-80.2324770000129,26.0278339996402],[-80.2324549998977,26.0270999999659],[-80.232428999598,26.0263889995535],[-80.2323990000132,26.0256610001559],[-80.23236600029,26.0249519998358],[-80.2323220000596,26.0242190002076],[-80.2344259999593,26.024162000277],[-80.2351950003483,26.0241410002079],[-80.2359540002763,26.024122000231],[-80.2367189995815,26.0241159999543],[-80.2402769999829,26.0240299995857],[-80.2403329998674,26.0240290004389],[-80.2402970000059,26.0232309996118],[-80.240268999614,26.0225430002601],[-80.2402410001214,26.0218529999169],[-80.2402159998679,26.0211590002885],[-80.240176999868,26.0203180001764],[-80.2411940000025,26.0202909998306],[-80.2411620003254,26.0196049996718],[-80.2411319998413,26.0189190004124],[-80.2411139999105,26.0182340002997],[-80.2410770000029,26.0175450000026],[-80.2425250002279,26.01749899968],[-80.2424949997438,26.0166100000523]]]]}},{"type":"Feature","id":"FL-12011-X005-2022","properties":{"state_po":"FL","county_fips":"12011","county_name":"Broward County","precinct_id":"X005","geometry_vintage":"2022"},"geometry":{"type":"MultiPolygon","coordinates":[[[[-80.2645860004429,26.0307399996522],[-80.2565440001049,26.0309860002046],[-80.2528440003497,26.0311030002042],[-80.2490699998799,26.0312099997426],[-80.2488159998579,26.0312010002269],[-80.2486629999968,26.0311970000424],[-80.248685000112,26.0310050001815],[-80.2487939997426,26.0282200003536],[-80.2485750004353,26.02369899961],[-80.2487149996968,26.0236829997715],[-80.2486710003657,26.0221320001925],[-80.2486140004351,26.0200700004311],[-80.2484979995824,26.0200739997162],[-80.2483170002287,26.0164469997301],[-80.2481479996299,26.0121690003],[-80.2480109996073,26.0092250003344],[-80.2480050002299,26.0090470002198],[-80.2481600001832,26.0090440000814],[-80.2522279998217,26.008948000151],[-80.2548320002959,26.0088569995518],[-80.2579829999149,26.0087679999441],[-80.2636909996393,26.0086079997603],[-80.2636990000082,26.0088029997595],[-80.2637519997543,26.0100450003773],[-80.2638000001692,26.0106799999829],[-80.2638289997079,26.0110639997047],[-80.2638889997768,26.0125800003676],[-80.2639079997537,26.0131299996506],[-80.2640029996381,26.0159520002854],[-80.2640289999378,26.0167130003056],[-80.2640469998685,26.0174019997034],[-80.2640710000759,26.0181289999543],[-80.2640970003756,26.0188439996517],[-80.264132000191,26.0195570001563],[-80.2641439998451,26.0202729998999],[-80.2641740003292,26.0209749998972],[-80.2641989996835,26.0216969999175],[-80.2642350004443,26.022389000353],[-80.2642629999368,26.0231939997042],[-80.2643789998902,26.0267700000363],[-80.2644060002361,26.0274970002872],[-80.2644319996364,26.0280169999854],[-80.264486000328,26.0289279997283],[-80.2645830003046,26.0305449996529],[-80.2645860004429,26.0307399996522]]]]}},{"type":"Feature","id":"FL-12011-X006-2022","properties":{"state_po":"FL","county_fips":"12011","county_name":"Broward County","precinct_id":"X006","geometry_vintage":"2022"},"geometry":{"type":"MultiPolygon","coordinates":[[[[-80.2636909996393,26.0086079997603],[-80.2579829999149,26.0087679999441],[-80.2548320002959,26.0088569995518],[-80.2522279998217,26.008948000151],[-80.2481600001832,26.0090440000814],[-80.2480699996301,26.0054810003488],[-80.2480569999299,26.0049540003277],[-80.247936999792,26.001482000295],[-80.247743999885,25.994798999675],[-80.2493490001556,25.9947510001594],[-80.2541290002525,25.9944950000451],[-80.2568859996885,25.99438200023],[-80.2569320000111,25.9943810001839],[-80.2569930001262,25.9943790000917],[-80.2610059999263,25.9942860002995],[-80.2632279998716,25.9942919996769],[-80.2633700001247,25.9987609998212],[-80.2634940004471,26.0013440002263],[-80.2634999998245,26.0014780001105],[-80.2635270001703,26.0022879996923],[-80.2635500003316,26.002962000197],[-80.2635779998242,26.0038000001708],[-80.263595999755,26.0045800001677],[-80.2636080003083,26.0051359997275],[-80.2636119995935,26.0052749998422],[-80.2636909996393,26.0086079997603]]]]}},{"type":"Feature","id":"FL-12011-X007-2022","properties":{"state_po":"FL","county_fips":"12011","county_name":"Broward County","precinct_id":"X007","geometry_vintage":"2022"},"geometry":{"type":"MultiPolygon","coordinates":[[[[-80.2686920000351,26.0078109998787],[-80.2687130001042,26.0080609997162],[-80.2687560002885,26.008452999807],[-80.265835999631,26.0085580001524],[-80.2638600002381,26.0086039995758],[-80.2636909996393,26.0086079997603],[-80.2636119995935,26.0052749998422],[-80.2636080003083,26.0051359997275],[-80.263595999755,26.0045800001677],[-80.2635779998242,26.0038000001708],[-80.2635500003316,26.002962000197],[-80.2635270001703,26.0022879996923],[-80.2634999998245,26.0014780001105],[-80.2634940004471,26.0013440002263],[-80.2633700001247,25.9987609998212],[-80.2632279998716,25.9942919996769],[-80.2633979996173,25.9942830001612],[-80.2658100002307,25.9941670002078],[-80.2672479999945,25.9941260001157],[-80.2700099996611,25.9940470000699],[-80.271689999793,25.9939849999087],[-80.2725733112087,25.9939627281982],[-80.2725811110288,25.994644589677],[-80.2733367591835,25.9946526287167],[-80.2734010688037,25.9975064050974],[-80.2726936539883,25.997554636638],[-80.2727016930281,25.9985675268707],[-80.271536067335,25.9985996821305],[-80.2715759351806,26.0013219002864],[-80.2684390000592,26.0014149999032],[-80.2685630003815,26.004148000031],[-80.2686289998278,26.0044830001912],[-80.2686279997817,26.0050090001661],[-80.2685230003356,26.0050140003967],[-80.2685847091164,26.0055127428197],[-80.2685807089319,26.0057307429803],[-80.2685727490325,26.0058373558102],[-80.2685477083094,26.0061727426788],[-80.2685167086785,26.00644774277],[-80.2685297083787,26.0066257437839],[-80.2685677083324,26.006859743783],[-80.2686377088625,26.0071757439663],[-80.2686721214206,26.0074819981965],[-80.2686920000351,26.0078109998787]]]]}},{"type":"Feature","id":"FL-12011-X008-2022","properties":{"state_po":"FL","county_fips":"12011","county_name":"Broward County","precinct_id":"X008","geometry_vintage":"2022"},"geometry":{"type":"MultiPolygon","coordinates":[[[[-80.2687130001042,26.0080609997162],[-80.2686920000351,26.0078109998787],[-80.2686807090468,26.0075497441263],[-80.2686721214206,26.0074819981965],[-80.2686717086318,26.0074787444494],[-80.2686377088625,26.0071757439663],[-80.2685677083324,26.006859743783],[-80.2685297083787,26.0066257437839],[-80.2685167086785,26.00644774277],[-80.2685477083094,26.0061727426788],[-80.2685727490325,26.0058373558102],[-80.2685807089319,26.0057307429803],[-80.2685847091164,26.0055127428197],[-80.2685230003356,26.0050140003967],[-80.2686279997817,26.0050090001661],[-80.2686289998278,26.0044830001912],[-80.2685630003815,26.004148000031],[-80.2684390000592,26.0014149999032],[-80.2715759351806,26.0013219002864],[-80.271536067335,25.9985996821305],[-80.2727016930281,25.9985675268707],[-80.2726936539883,25.997554636638],[-80.2734010688037,25.9975064050974],[-80.2733367591835,25.9946526287167],[-80.2725811110288,25.994644589677],[-80.2725733112087,25.9939627281982],[-80.2791609998796,25.9937770002093],[-80.2794060003859,26.000987999997],[-80.2794390001091,26.0025869999909],[-80.2795659996705,26.0054299997955],[-80.2796600004081,26.008076000408],[-80.2796619996009,26.0083319996229],[-80.2759219997998,26.0084289995995],[-80.275872000192,26.0082779998307],[-80.2744149995519,26.008300999992],[-80.2744700002896,26.0084689996455],[-80.2734120000631,26.0085010002219],[-80.2687780004038,26.0086360001521],[-80.2687560002885,26.008452999807],[-80.2687130001042,26.0080609997162]]]]}},{"type":"Feature","id":"FL-12011-X009-2022","properties":{"state_po":"FL","county_fips":"12011","county_name":"Broward County","precinct_id":"X009","geometry_vintage":"2022"},"geometry":{"type":"MultiPolygon","coordinates":[[[[-80.3058199998924,26.0131650003653],[-80.3057954286155,26.0131635569535],[-80.3053817197898,26.0130697450735],[-80.3052107199981,26.0130357444049],[-80.3051077197448,26.0130167444281],[-80.3047937196538,26.0129647438287],[-80.3044477198857,26.0129377443823],[-80.3040327187343,26.012912745028],[-80.3037457189891,26.0129097448897],[-80.3034537190132,26.0129227436905],[-80.3032567189218,26.0129387444284],[-80.3031137186226,26.0129507449818],[-80.3028016107051,26.0129876810375],[-80.3027757192234,26.0129907450277],[-80.3027047995862,26.0130027941445],[-80.3025697187169,26.0130257448431],[-80.3022617189026,26.0130897450965],[-80.3020487189726,26.0131417447965],[-80.3018787183275,26.0131897452114],[-80.3016847183744,26.0132487452342],[-80.3015981118628,26.0132753166034],[-80.3015059997015,26.0132980002034],[-80.3014446497501,26.0133263297472],[-80.3011447177539,26.0134367449107],[-80.3007127176171,26.0136367451406],[-80.3003860173002,26.0138151913189],[-80.3001067175503,26.0139677451162],[-80.2999227180583,26.014066745185],[-80.2996747183129,26.0142027451614],[-80.2994687178064,26.0143087446537],[-80.2991937177152,26.014440745345],[-80.2988387184315,26.0145627446758],[-80.2986957181323,26.0146017446756],[-80.2986934347535,26.0145967993037],[-80.298693000381,26.0145969998525],[-80.2984467174414,26.0146707451597],[-80.2982507173961,26.0147127452978],[-80.2980437177427,26.0147507461509],[-80.2978777181815,26.0147747445597],[-80.2977297167524,26.0147917453437],[-80.2973957166383,26.0148157446517],[-80.2973627169152,26.0148147446056],[-80.2964647168725,26.0148107453205],[-80.2964730868628,26.0148741619139],[-80.2964653257135,26.0148743669594],[-80.296462235643,26.0148108559371],[-80.2958587168057,26.014837744767],[-80.2958067171057,26.0148407449053],[-80.2953057155856,26.0148397448592],[-80.2949907172472,26.0148457460352],[-80.2949037168324,26.0148427449976],[-80.2947537171097,26.0148347446286],[-80.2945317158653,26.0148127454128],[-80.2943397160045,26.0147767446519],[-80.2943197159814,26.0147717453207],[-80.2940987156825,26.0147187446752],[-80.2940537172046,26.0147027448366],[-80.2937257155687,26.0145867448832],[-80.2937067155918,26.0145807446066],[-80.2934877171837,26.0144867447683],[-80.2934027159619,26.0144417453911],[-80.2931507160321,26.0143067445615],[-80.2930667157557,26.0142627461297],[-80.2930669001167,26.0142595427446],[-80.2930639998031,26.0142580004073],[-80.2921991874419,26.0137982256085],[-80.2921950001984,26.0137959997865],[-80.2921809410969,26.0137920652525],[-80.2919967158751,26.0136967452095],[-80.291791716314,26.0136127449331],[-80.2915657148852,26.0135307447489],[-80.2915317160152,26.0135207451871],[-80.2913477147246,26.0134657453487],[-80.2911267162243,26.0134147447955],[-80.2909147163404,26.0133777448879],[-80.290697716226,26.0133507454414],[-80.2905605534261,26.0133385911039],[-80.2905370001818,26.0133319999727],[-80.2886579998661,26.0133780002953],[-80.2881869997296,26.0133940001339],[-80.2881640975944,26.0133993546973],[-80.2878957138155,26.0134057452798],[-80.2878757137925,26.0134037451876],[-80.2876657140009,26.0134177449339],[-80.2874997153389,26.0134377449568],[-80.2874797153159,26.0134407450952],[-80.2872967140714,26.0134767449567],[-80.2871247142335,26.0135257454177],[-80.286987714211,26.0135867446334],[-80.2869597138191,26.0136037454174],[-80.2866942105687,26.0137430414091],[-80.2866757142122,26.013752745094],[-80.2863877144208,26.0139197447014],[-80.2855227141013,26.0144217453681],[-80.2852357143561,26.0145897459209],[-80.2849687128352,26.0147447458742],[-80.2849457135732,26.0147587447212],[-80.2847297144041,26.0148827459428],[-80.2847107144273,26.0148907454124],[-80.2845397128368,26.014976745781],[-80.2845217129061,26.0149867453429],[-80.2843567142903,26.0150577459191],[-80.2841867136453,26.0151107447659],[-80.2841667136223,26.0151147458497],[-80.2841307128614,26.0151227453193],[-80.2840327128388,26.0151467446274],[-80.2838277132777,26.0151757459648],[-80.2838273994143,26.0151700019949],[-80.2838250000231,26.0151710002423],[-80.2835889999317,26.0151839999425],[-80.2812570003097,26.0152450000576],[-80.2800379998532,26.0153189998728],[-80.2798949995539,26.0153369998036],[-80.2792739996947,26.0154159998494],[-80.2787190001811,26.0154579999876],[-80.2777990000232,26.0154830002411],[-80.2754810001474,26.0156220003559],[-80.2738820001535,26.015665999687],[-80.2702570002597,26.0157740001708],[-80.2684109996673,26.0158350002859],[-80.267648999601,26.0158530002167],[-80.2649130002341,26.0159399997321],[-80.2641370004216,26.0159470000549],[-80.2640029996381,26.0159520002854],[-80.2639079997537,26.0131299996506],[-80.2638889997768,26.0125800003676],[-80.2638289997079,26.0110639997047],[-80.2638000001692,26.0106799999829],[-80.2637519997543,26.0100450003773],[-80.2636990000082,26.0088029997595],[-80.2636909996393,26.0086079997603],[-80.2638600002381,26.0086039995758],[-80.265835999631,26.0085580001524],[-80.2687560002885,26.008452999807],[-80.2687780004038,26.0086360001521],[-80.2734120000631,26.0085010002219],[-80.2744700002896,26.0084689996455],[-80.2744149995519,26.008300999992],[-80.275872000192,26.0082779998307],[-80.2759219997998,26.0084289995995],[-80.2796619996009,26.0083319996229],[-80.2798179996004,26.0083280003378],[-80.2810089996649,26.0082989998998],[-80.2834940000474,26.0082219999462],[-80.2873089997099,26.0081029998544],[-80.2906790004349,26.0080049998318],[-80.2962959995601,26.0078360001322],[-80.3003230000058,26.0078309999016],[-80.3061119998682,26.0078329999938],[-80.3118370003766,26.007855000109],[-80.312015999638,26.0078560001551],[-80.3122159998678,26.0149600004046],[-80.3120100002607,26.014955000174],[-80.3116859997085,26.0149479998512],[-80.3105169997591,26.0148160000592],[-80.3058199998924,26.0131650003653]]]]}},{"type":"Feature","id":"FL-12011-X010-2022","properties":{"state_po":"FL","county_fips":"12011","county_name":"Broward County","precinct_id":"X010","geometry_vintage":"2022"},"geometry":{"type":"MultiPolygon","coordinates":[[[[-80.2640029996381,26.0159520002854],[-80.2641370004216,26.0159470000549],[-80.2649130002341,26.0159399997321],[-80.267648999601,26.0158530002167],[-80.2684109996673,26.0158350002859],[-80.2702570002597,26.0157740001708],[-80.2738820001535,26.015665999687],[-80.2754810001474,26.0156220003559],[-80.2777990000232,26.0154830002411],[-80.2787190001811,26.0154579999876],[-80.2792739996947,26.0154159998494],[-80.2798949995539,26.0153369998036],[-80.2798989997384,26.0154220001261],[-80.2799149995769,26.0157619996174],[-80.2799799998765,26.0174449998877],[-80.2800220000146,26.0191439999965],[-80.2801640002677,26.0226489997524],[-80.2802210001984,26.025003000389],[-80.280259000152,26.0265160000143],[-80.280442999644,26.0299370003931],[-80.2804590003819,26.0300930003925],[-80.2765449997513,26.0301929996081],[-80.2714300003936,26.0303519997458],[-80.2645860004429,26.0307399996522],[-80.2645830003046,26.0305449996529],[-80.264486000328,26.0289279997283],[-80.2644319996364,26.0280169999854],[-80.2644060002361,26.0274970002872],[-80.2643789998902,26.0267700000363],[-80.2642629999368,26.0231939997042],[-80.2642350004443,26.022389000353],[-80.2641989996835,26.0216969999175],[-80.2641740003292,26.0209749998972],[-80.2641439998451,26.0202729998999],[-80.264132000191,26.0195570001563],[-80.2640970003756,26.0188439996517],[-80.2640710000759,26.0181289999543],[-80.2640469998685,26.0174019997034],[-80.2640289999378,26.0167130003056],[-80.2640029996381,26.0159520002854]]]]}},{"type":"Feature","id":"FL-12011-X011-2022","properties":{"state_po":"FL","county_fips":"12011","county_name":"Broward County","precinct_id":"X011","geometry_vintage":"2022"},"geometry":{"type":"MultiPolygon","coordinates":[[[[-80.2866730000583,26.0137480002709],[-80.2866942105687,26.0137430414091],[-80.2869597138191,26.0136037454174],[-80.286987714211,26.0135867446334],[-80.2871247142335,26.0135257454177],[-80.2872967140714,26.0134767449567],[-80.2874797153159,26.0134407450952],[-80.2874997153389,26.0134377449568],[-80.2876657140009,26.0134177449339],[-80.2878757137925,26.0134037451876],[-80.2878957138155,26.0134057452798],[-80.2881640975944,26.0133993546973],[-80.2881869997296,26.0133940001339],[-80.2886579998661,26.0133780002953],[-80.2905370001818,26.0133319999727],[-80.2905605534261,26.0133385911039],[-80.290697716226,26.0133507454414],[-80.2909147163404,26.0133777448879],[-80.2911267162243,26.0134147447955],[-80.2913477147246,26.0134657453487],[-80.2915317160152,26.0135207451871],[-80.2915657148852,26.0135307447489],[-80.291791716314,26.0136127449331],[-80.2919967158751,26.0136967452095],[-80.2921809410969,26.0137920652525],[-80.2921950001984,26.0137959997865],[-80.2930639998031,26.0142580004073],[-80.2930669001167,26.0142595427446],[-80.2930667157557,26.0142627461297],[-80.2931507160321,26.0143067445615],[-80.2934027159619,26.0144417453911],[-80.2934877171837,26.0144867447683],[-80.2937067155918,26.0145807446066],[-80.2937257155687,26.0145867448832],[-80.2940537172046,26.0147027448366],[-80.2940987156825,26.0147187446752],[-80.2943197159814,26.0147717453207],[-80.2943397160045,26.0147767446519],[-80.2945317158653,26.0148127454128],[-80.2947537171097,26.0148347446286],[-80.2949037168324,26.0148427449976],[-80.2949907172472,26.0148457460352],[-80.2953057155856,26.0148397448592],[-80.2958067171057,26.0148407449053],[-80.2958587168057,26.014837744767],[-80.296462235643,26.0148108559371],[-80.2964979998821,26.0155460004484],[-80.2965000260547,26.0155507299831],[-80.2965007311232,26.0155523766417],[-80.2965027168262,26.0157777458472],[-80.2965117172413,26.0158507447169],[-80.2965307172182,26.0159937459155],[-80.2965897181403,26.0162557454072],[-80.2966797168947,26.016570744645],[-80.2966897173559,26.016596745844],[-80.2967927167098,26.0168547460506],[-80.2968087174477,26.0168837455893],[-80.2968567169632,26.0169687459118],[-80.2968627181393,26.0169867458425],[-80.2969587180697,26.0171407457497],[-80.2969697167783,26.0171557464414],[-80.2970347179772,26.0172417459107],[-80.2972177174231,26.0174647463019],[-80.2972307180225,26.0174797460943],[-80.2974077180911,26.0176687458168],[-80.2975304944361,26.0177880660673],[-80.2988989999882,26.0191409998581],[-80.2994300001937,26.0199559996705],[-80.2996840002158,26.0210180000815],[-80.2990929999414,26.0230500002582],[-80.3006709998661,26.0236849998637],[-80.3013400001402,26.0239430000703],[-80.3020389999992,26.0241899997695],[-80.3050959997799,26.0243269997921],[-80.3065579997512,26.0238989998398],[-80.3072940004171,26.0236190004174],[-80.3074589999322,26.0235560002101],[-80.3079550003224,26.0233679996343],[-80.3081209998836,26.0233060003725],[-80.3091770000179,26.0229249998897],[-80.311062999757,26.022389000353],[-80.312226000329,26.0223339996153],[-80.3122280004212,26.0235780003253],[-80.312439000259,26.0235809995643],[-80.3125140001204,26.0260799996931],[-80.3125960003045,26.029411999565],[-80.3125999995897,26.0295430002101],[-80.3124150000515,26.0295489995875],[-80.3087340002733,26.0296109997487],[-80.2968079997887,26.0296210002099],[-80.2886480003043,26.0298530001168],[-80.2851669998565,26.0299819997704],[-80.2805760003815,26.0299330002086],[-80.280442999644,26.0299370003931],[-80.280259000152,26.0265160000143],[-80.2802210001984,26.025003000389],[-80.2801640002677,26.0226489997524],[-80.2800220000146,26.0191439999965],[-80.2799799998765,26.0174449998877],[-80.2799149995769,26.0157619996174],[-80.2798989997384,26.0154220001261],[-80.2798949995539,26.0153369998036],[-80.2800379998532,26.0153189998728],[-80.2812570003097,26.0152450000576],[-80.2835889999317,26.0151839999425],[-80.2838250000231,26.0151710002423],[-80.2838273994143,26.0151700019949],[-80.2838277132777,26.0151757459648],[-80.2840327128388,26.0151467446274],[-80.2841867136453,26.0151107447659],[-80.2843567142903,26.0150577459191],[-80.2845217129061,26.0149867453429],[-80.2847297144041,26.0148827459428],[-80.2852357143561,26.0145897459209],[-80.2852330002021,26.0145850001984],[-80.2866730000583,26.0137480002709]]]]}},{"type":"Feature","id":"FL-12011-X012-2022","properties":{"state_po":"FL","county_fips":"12011","county_name":"Broward County","precinct_id":"X012","geometry_vintage":"2022"},"geometry":{"type":"MultiPolygon","coordinates":[[[[-80.301508718352,26.0133027450265],[-80.3015981118628,26.0132753166034],[-80.3016847183744,26.0132487452342],[-80.3018787183275,26.0131897452114],[-80.3020487189726,26.0131417447965],[-80.3022617189026,26.0130897450965],[-80.3025697187169,26.0130257448431],[-80.3027047995862,26.0130027941445],[-80.3027757183241,26.0129907450277],[-80.3028016107051,26.0129876810375],[-80.3031137186226,26.0129507449818],[-80.3032567189218,26.0129387444284],[-80.3034537190132,26.0129227436905],[-80.3037457189891,26.0129097448897],[-80.3040327187343,26.012912745028],[-80.3044477198857,26.0129377443823],[-80.3047937196538,26.0129647438287],[-80.3051077197448,26.0130167444281],[-80.3052107199981,26.0130357444049],[-80.3053817197898,26.0130697450735],[-80.3057954286155,26.0131635569535],[-80.3058199998924,26.0131650003653],[-80.3105169997591,26.0148160000592],[-80.3116859997085,26.0149479998512],[-80.3120100002607,26.014955000174],[-80.312226000329,26.0223339996153],[-80.311062999757,26.022389000353],[-80.3091770000179,26.0229249998897],[-80.3081209998836,26.0233060003725],[-80.3079550003224,26.0233679996343],[-80.3074589999322,26.0235560002101],[-80.3072940004171,26.0236190004174],[-80.3065579997512,26.0238989998398],[-80.3050959997799,26.0243269997921],[-80.3020389999992,26.0241899997695],[-80.3013400001402,26.0239430000703],[-80.3006709998661,26.0236849998637],[-80.2990929999414,26.0230500002582],[-80.2996840002158,26.0210180000815],[-80.2994300001937,26.0199559996705],[-80.2988989999882,26.0191409998581],[-80.2987963585645,26.0190395266537],[-80.298166718019,26.0184047455834],[-80.2981537174195,26.0183937459755],[-80.2975304926375,26.017788065168],[-80.2974077180911,26.0176687458168],[-80.2972307180225,26.0174797460943],[-80.2972177174231,26.0174647463019],[-80.2970347179772,26.0172417459107],[-80.2969697167783,26.0171557464414],[-80.2969587180697,26.0171407457497],[-80.2968627181393,26.0169867458425],[-80.2968567169632,26.0169687459118],[-80.2968087174477,26.0168837455893],[-80.2967927167098,26.0168547460506],[-80.2966897173559,26.016596745844],[-80.2966797168947,26.016570744645],[-80.2965897181403,26.0162557454072],[-80.2965307172182,26.0159937459155],[-80.2965117172413,26.0158507447169],[-80.2965027168262,26.0157777458472],[-80.2965007311232,26.0155523766417],[-80.2965000260547,26.0155507299831],[-80.2964979998821,26.0155460004484],[-80.2964620000207,26.0148059995981],[-80.2964645945647,26.0148057567811],[-80.2964647168725,26.0148107453205],[-80.2973627169152,26.0148147446056],[-80.2973957166383,26.0148157446517],[-80.2977297167524,26.0147917453437],[-80.2978777181815,26.0147747445597],[-80.2980437177427,26.0147507461509],[-80.2982507173961,26.0147127452978],[-80.2984467174414,26.0146707451597],[-80.298693000381,26.0145969998525],[-80.2986934347535,26.0145967993037],[-80.2986957181323,26.0146017446756],[-80.2988387184315,26.0145627446758],[-80.2991937177152,26.014440745345],[-80.2994687178064,26.0143087446537],[-80.2996747183129,26.0142027451614],[-80.2999227180583,26.014066745185],[-80.3001067175503,26.0139677451162],[-80.3003860173002,26.0138151913189],[-80.3007127176171,26.0136367451406],[-80.3011447177539,26.0134367449107],[-80.3014446497501,26.0133263297472],[-80.301508718352,26.0133027450265]]]]}},{"type":"Feature","id":"FL-12011-X013-2022","properties":{"state_po":"FL","county_fips":"12011","county_name":"Broward County","precinct_id":"X013","geometry_vintage":"2022"},"geometry":{"type":"MultiPolygon","coordinates":[[[[-80.2796619996009,26.0083319996229],[-80.2796600004081,26.008076000408],[-80.2795659996705,26.0054299997955],[-80.2794390001091,26.0025869999909],[-80.2794060003859,26.000987999997],[-80.2793230001557,25.9986039997756],[-80.279266000225,25.9967180000365],[-80.2792319995565,25.995668000179],[-80.2791609998796,25.9937770002093],[-80.2792919996254,25.9937740000709],[-80.2795740000394,25.9937699998865],[-80.2823599999134,25.993673999956],[-80.2918329996925,25.993389000303],[-80.2958810002073,25.993299999796],[-80.2959160000227,25.9948500002282],[-80.2959859996535,25.9970289999893],[-80.2960089998148,25.9979460000088],[-80.2960390002989,25.9987120002595],[-80.2960730000683,26.000501000022],[-80.2961799996066,26.0041540003077],[-80.296232000206,26.0058959997015],[-80.2962870000443,26.0075680003638],[-80.2962959995601,26.0078360001322],[-80.2906790004349,26.0080049998318],[-80.2873089997099,26.0081029998544],[-80.2834940000474,26.0082219999462],[-80.2810089996649,26.0082989998998],[-80.2798179996004,26.0083280003378],[-80.2796619996009,26.0083319996229]]]]}},{"type":"Feature","id":"FL-12011-X014-2022","properties":{"state_po":"FL","county_fips":"12011","county_name":"Broward County","precinct_id":"X014","geometry_vintage":"2022"},"geometry":{"type":"MultiPolygon","coordinates":[[[[-80.312015999638,26.0078560001551],[-80.3118370003766,26.007855000109],[-80.3061119998682,26.0078329999938],[-80.3003230000058,26.0078309999016],[-80.2962959995601,26.0078360001322],[-80.2962870000443,26.0075680003638],[-80.296232000206,26.0058959997015],[-80.2961799996066,26.0041540003077],[-80.2960730000683,26.000501000022],[-80.2960390002989,25.9987120002595],[-80.2960089998148,25.9979460000088],[-80.2959859996535,25.9970289999893],[-80.2959160000227,25.9948500002282],[-80.2958810002073,25.993299999796],[-80.3001609997297,25.9932839999575],[-80.3019329996076,25.9932819998653],[-80.304975999642,25.9932819998653],[-80.3079330002071,25.9932870000958],[-80.3114109996173,25.9933029999344],[-80.3114780000091,25.9958830002012],[-80.3115970001008,26.0004979998836],[-80.3118079999386,26.0004999999759],[-80.3119369995922,26.0050809998891],[-80.3119379996383,26.0051909995658],[-80.3120080001684,26.007622000156],[-80.312015999638,26.0078560001551]]]]}},{"type":"Feature","id":"FL-12011-X015-2022","properties":{"state_po":"FL","county_fips":"12011","county_name":"Broward County","precinct_id":"X015","geometry_vintage":"2022"},"geometry":{"type":"MultiPolygon","coordinates":[[[[-80.3252940004171,26.0078530000168],[-80.3204470179149,26.0078530000168],[-80.3202997782116,26.0041148753022],[-80.3119092051451,26.0040939687625],[-80.3118079999386,26.0004999999759],[-80.3115970001008,26.0004979998836],[-80.3114780000091,25.9958830002012],[-80.3114109996173,25.9933029999344],[-80.3116129999393,25.9933039999805],[-80.3119710002608,25.9933009998421],[-80.31845699989,25.993268000119],[-80.3281079997837,25.9932569996117],[-80.3314171406878,25.993246623234],[-80.3314251518486,25.993937175761],[-80.3318270921459,25.9940657967999],[-80.3322209943028,25.9946043962767],[-80.3322370705837,25.994805366875],[-80.3330423963888,25.9948133429623],[-80.3331318906236,26.0044363559539],[-80.3284525381534,26.0044730500921],[-80.3285539996667,26.0076450003174],[-80.3285640001279,26.0078540000629],[-80.3252940004171,26.0078530000168]]]]}},{"type":"Feature","id":"FL-12011-X016-2022","properties":{"state_po":"FL","county_fips":"12011","county_name":"Broward County","precinct_id":"X016","geometry_vintage":"2022"},"geometry":{"type":"MultiPolygon","coordinates":[[[[-80.3252940004171,26.0078530000168],[-80.3285640001279,26.0078540000629],[-80.3285767264341,26.0086287426233],[-80.3286197257191,26.009089743198],[-80.3286527263416,26.00934374322],[-80.3286857269641,26.0095507428734],[-80.328739725857,26.0097667429417],[-80.32881172558,26.010002743033],[-80.3289516798754,26.010371515434],[-80.3290117258098,26.0105107430772],[-80.3291407236648,26.0107746023669],[-80.3291409997567,26.0107759999133],[-80.3296879998007,26.0118770003242],[-80.3298397271211,26.0123327443615],[-80.3299077266596,26.01265274383],[-80.3299757270975,26.0130257439438],[-80.3300097268668,26.0132327435971],[-80.3300467267743,26.0140487452543],[-80.3300609999146,26.0143959995766],[-80.3268470000883,26.0143560004299],[-80.3264077262349,26.0143437435698],[-80.3258497247843,26.0142827452533],[-80.3254867260309,26.0142257444234],[-80.3251117249255,26.0141397449542],[-80.3246567246275,26.0140097452544],[-80.3243887248591,26.0139117452317],[-80.3240897245605,26.0137917450938],[-80.3238147253686,26.0136647437338],[-80.3234337248858,26.0134667435962],[-80.3229507250952,26.0131687451424],[-80.3227307248424,26.0130037438286],[-80.3224237250742,26.0127587442215],[-80.3220137250527,26.0123547435774],[-80.3217939999925,26.0121260001157],[-80.3214197237406,26.0116517426347],[-80.3212497239949,26.0113917441346],[-80.3209747239037,26.0108977438367],[-80.3207487242735,26.0103497428472],[-80.3207486604217,26.010349518916],[-80.3207446917135,26.0103357646847],[-80.3205537242743,26.0096737431496],[-80.3204297239519,26.0088247426686],[-80.3204047236984,26.0084577428315],[-80.3203930001362,26.0078530000168],[-80.3252940004171,26.0078530000168]]]]}},{"type":"Feature","id":"FL-12011-X017-2022","properties":{"state_po":"FL","county_fips":"12011","county_name":"Broward County","precinct_id":"X017","geometry_vintage":"2022"},"geometry":{"type":"MultiPolygon","coordinates":[[[[-80.3286420001276,26.0193630002032],[-80.3284070000824,26.020596000406],[-80.3284157271034,26.0209777464268],[-80.3284437256967,26.0213487464484],[-80.3284797255582,26.021659746401],[-80.3285537271721,26.0220137456387],[-80.3286367256038,26.0223037464216],[-80.3288649996194,26.0228950003049],[-80.3279867271051,26.0232097468332],[-80.3275467257002,26.0233657468326],[-80.3272097263471,26.0234667469937],[-80.3268327260488,26.0235587467396],[-80.3263757256586,26.0236527465779],[-80.3258170002537,26.0237459999788],[-80.3254897261693,26.0237797470386],[-80.3252577262624,26.0237857473153],[-80.325101726263,26.0237907466465],[-80.3247757247192,26.0237717466696],[-80.3247060380526,26.0237653839662],[-80.3247046890695,26.0237652598597],[-80.3239727245609,26.0236987469005],[-80.3233337247709,26.023593746555],[-80.3230187246338,26.0235237469242],[-80.3227667247039,26.0234467469706],[-80.3224450246175,26.023348587768],[-80.3214806797889,26.0230076988471],[-80.3212177252172,26.022914746719],[-80.3209867253564,26.0228387468116],[-80.3205477239976,26.0227197467198],[-80.3201147238148,26.0226167455672],[-80.3195737240475,26.0225067467898],[-80.3192810001174,26.0224519996609],[-80.3192215081654,26.0224494069155],[-80.3186987241662,26.022387746698],[-80.3181487239838,26.0223467466059],[-80.3181057229002,26.0223437455683],[-80.317724724216,26.022335746998],[-80.3166129463298,26.022335746998],[-80.3165039997591,26.0223310003763],[-80.3149580004107,26.0223300003301],[-80.3127619998658,26.0223300003301],[-80.3123980001669,26.0223300003301],[-80.312226000329,26.0223339996153],[-80.3120100002607,26.014955000174],[-80.3122159998678,26.0149600004046],[-80.312015999638,26.0078560001551],[-80.3119092051451,26.0040939687625],[-80.3202997782116,26.0041148753022],[-80.3203930001362,26.0078530000168],[-80.3204297239519,26.0088247426686],[-80.3205537242743,26.0096737431496],[-80.3206767236512,26.0101067442317],[-80.3207336309517,26.0102576801487],[-80.3208032079011,26.0104422210326],[-80.3209787240882,26.0109077442978],[-80.3212497239949,26.0113917441346],[-80.3214197237406,26.0116517426347],[-80.3217967240389,26.0121307440395],[-80.3224237250742,26.0127587442215],[-80.3227307248424,26.0130037438286],[-80.3229507250952,26.0131687451424],[-80.3234337248858,26.0134667435962],[-80.3237337252306,26.0136227435956],[-80.3240897245605,26.0137917450938],[-80.3243887248591,26.0139117452317],[-80.3246567246275,26.0140097452544],[-80.3251117249255,26.0141397449542],[-80.3254867260309,26.0142257444234],[-80.3258497247843,26.0142827452533],[-80.3261987246908,26.0143237444461],[-80.3264077262349,26.0143437435698],[-80.3268497259335,26.014360745253],[-80.3300609999146,26.0143959995766],[-80.3300757263131,26.0155437449487],[-80.3300496180947,26.0157836283126],[-80.3299957271204,26.0161367444161],[-80.3299327269132,26.0164497435617],[-80.3297797270521,26.0169997446434],[-80.3296803061006,26.017196736641],[-80.3289197269632,26.018703745882],[-80.3287967266869,26.0189777459271],[-80.3286420001276,26.0193630002032]]]]}},{"type":"Feature","id":"FL-12011-X018-2022","properties":{"state_po":"FL","county_fips":"12011","county_name":"Broward County","precinct_id":"X018","geometry_vintage":"2022"},"geometry":{"type":"MultiPolygon","coordinates":[[[[-80.3192810001174,26.0224519996609],[-80.3195737240475,26.0225067467898],[-80.3201147238148,26.0226167455672],[-80.3205477239976,26.0227197467198],[-80.3212177252172,26.022914746719],[-80.3214806797889,26.0230076988471],[-80.3224450273155,26.023348587768],[-80.3230187246338,26.0235237469242],[-80.3233337247709,26.023593746555],[-80.3239727245609,26.0236987469005],[-80.3247060380526,26.0237653830669],[-80.325101726263,26.0237907466465],[-80.3252577262624,26.0237857473153],[-80.3254897261693,26.0237797470386],[-80.3258170002537,26.0237459999788],[-80.3263757256586,26.0236527465779],[-80.3268327260488,26.0235587467396],[-80.3272097263471,26.0234667469937],[-80.3275467257002,26.0233657468326],[-80.3279867271051,26.0232097468332],[-80.3288649996194,26.0228950003049],[-80.3290657274007,26.0234967465785],[-80.329215999618,26.0241749999772],[-80.3292557271694,26.0246587471044],[-80.3292477268005,26.025596747193],[-80.3292197273079,26.0258077479301],[-80.3291139931156,26.0262512782747],[-80.3290657274007,26.0264537471436],[-80.3290207271242,26.0268977478337],[-80.3290347268705,26.0270497476486],[-80.3290696763239,26.0271533252666],[-80.3290897267088,26.0272127479708],[-80.3291167270547,26.0273837477626],[-80.3291087266857,26.0275357475776],[-80.3290749814246,26.0276902861787],[-80.3290394159357,26.0277692520502],[-80.3290207271242,26.0278107476688],[-80.3290047272857,26.027905747553],[-80.3290100000108,26.0283679999841],[-80.3290120001031,26.0284959995916],[-80.3289960002646,26.0296529998869],[-80.3208630002266,26.0296440003712],[-80.316896999896,26.0296780001404],[-80.3130739998646,26.0295309996568],[-80.3125999995897,26.0295430002101],[-80.3125960003045,26.029411999565],[-80.3125140001204,26.0260799996931],[-80.312439000259,26.0235809995643],[-80.3122280004212,26.0235780003253],[-80.312226000329,26.0223339996153],[-80.3123980001669,26.0223300003301],[-80.3127619998658,26.0223300003301],[-80.3149580004107,26.0223300003301],[-80.3165039997591,26.0223310003763],[-80.3166129463298,26.022335746998],[-80.317724724216,26.022335746998],[-80.3181057229002,26.0223437455683],[-80.3181487239838,26.0223467466059],[-80.3186987241662,26.022387746698],[-80.3192215081654,26.0224494069155],[-80.3192810001174,26.0224519996609]]]]}},{"type":"Feature","id":"FL-12011-X019-2022","properties":{"state_po":"FL","county_fips":"12011","county_name":"Broward County","precinct_id":"X019","geometry_vintage":"2022"},"geometry":{"type":"MultiPolygon","coordinates":[[[[-80.361220735348,26.0112237426824],[-80.3610207360175,26.0115377427735],[-80.3607777356033,26.0118457425878],[-80.3605417346127,26.0121077429789],[-80.3599919997304,26.0126000003906],[-80.3585139999205,26.0137620000171],[-80.3584200000823,26.0138499995787],[-80.3582589998523,26.0140040003852],[-80.3581409998067,26.0141190002925],[-80.3580920002449,26.0141669998081],[-80.3580540002912,26.0142140001768],[-80.3579219996,26.0143750004068],[-80.3576349998547,26.0147650004053],[-80.3576200000623,26.0147879996673],[-80.3574379997633,26.015076000358],[-80.3573340003632,26.0152720004033],[-80.3572269999254,26.015522000241],[-80.3570620004103,26.0159839999625],[-80.3569390001341,26.0164479997762],[-80.3568749998807,26.0167959996365],[-80.3568709996962,26.016819999844],[-80.3568579999961,26.0171869996811],[-80.3568600000883,26.0175159995646],[-80.3571720000871,26.0215260001257],[-80.3576800001313,26.0228550002589],[-80.3575579999011,26.0229069999589],[-80.3587459998274,26.0243200003686],[-80.3588449998962,26.0242119998848],[-80.3591119996184,26.0244540002528],[-80.359188999572,26.0245290001141],[-80.3593810003322,26.0247169997906],[-80.3594420004473,26.0247769998595],[-80.3598460001921,26.0251819996504],[-80.3600139998455,26.0253690001801],[-80.3600420002375,26.025399999811],[-80.3603100000058,26.0257210002248],[-80.3604779996593,26.025976000293],[-80.3604890001666,26.0259910000855],[-80.3606440001199,26.0262500003381],[-80.3607299995892,26.0264479995764],[-80.3607719997274,26.026544999553],[-80.3608109997272,26.0266469997601],[-80.3609919999802,26.0271369998735],[-80.3608549999576,26.0271769999195],[-80.3610849997723,26.0293450000726],[-80.3612369995872,26.0293419999342],[-80.3612449999561,26.029512999726],[-80.36108299968,26.0295139997721],[-80.3571370002717,26.0295390000257],[-80.3521240002217,26.0295759999333],[-80.3514420002475,26.0295909997257],[-80.3465040000589,26.0296129998409],[-80.3450990000182,26.0296170000254],[-80.3450359998109,26.0296159999793],[-80.3400160003375,26.0296499997486],[-80.340063999853,26.0313560001801],[-80.3371810000025,26.0313590003185],[-80.3371290003025,26.029653999933],[-80.3290360003105,26.0296529998869],[-80.3289960002646,26.0296529998869],[-80.3290047272857,26.027905747553],[-80.3290207271242,26.0278107476688],[-80.3290394159357,26.0277692520502],[-80.329079727147,26.0276797479229],[-80.3291087266857,26.0275357475776],[-80.3291167270547,26.0273837477626],[-80.3290897267088,26.0272127479708],[-80.3290696763239,26.0271533252666],[-80.3290347268705,26.0270497476486],[-80.3290207271242,26.0268977478337],[-80.3290657274007,26.0264537471436],[-80.3291128869495,26.0262737937015],[-80.3291417273082,26.02616374726],[-80.3292197273079,26.0258077479301],[-80.3292477268005,26.025596747193],[-80.3292557271694,26.0246767470351],[-80.329215999618,26.0241749999772],[-80.3290657274007,26.0234967465785],[-80.3288649996194,26.0228950003049],[-80.3287397267564,26.0226017457748],[-80.3286367256038,26.0223037464216],[-80.3285537271721,26.0220137456387],[-80.3284797255582,26.021659746401],[-80.3284437256967,26.0213487464484],[-80.3284167271496,26.0210037458271],[-80.3284098967986,26.0206105406448],[-80.3284070000824,26.020596000406],[-80.3286420001276,26.0193630002032],[-80.3297770003077,26.0169949998203],[-80.3299327269132,26.0164497435617],[-80.3299957271204,26.0161367444161],[-80.3300496180947,26.0157836283126],[-80.3300757263131,26.0155437449487],[-80.3300827266358,26.0152947451572],[-80.3300609999146,26.0143959995766],[-80.3319610002993,26.0142839998076],[-80.3343230004055,26.0134780004102],[-80.3353890001016,26.0130630001582],[-80.3347529995506,26.011389000303],[-80.3331090001795,26.008735000221],[-80.3330500001567,26.0078570002013],[-80.3400459999223,26.0078479997862],[-80.3407380003578,26.007845999694],[-80.3475610002393,26.007805999648],[-80.3511049999951,26.0077869996712],[-80.3618059997464,26.0077440003862],[-80.361922999746,26.0077440003862],[-80.3619256626386,26.0077440021848],[-80.361925736383,26.007748741612],[-80.361925736383,26.0091747417218],[-80.3619207361524,26.0092187419522],[-80.3618947358527,26.0094767421588],[-80.3618187359452,26.009843741996],[-80.3617237360609,26.0101667434014],[-80.361612736338,26.0104757432618],[-80.3614577363848,26.0108147418077],[-80.361220735348,26.0112237426824]]]]}},{"type":"Feature","id":"FL-12011-X020-2022","properties":{"state_po":"FL","county_fips":"12011","county_name":"Broward County","precinct_id":"X020","geometry_vintage":"2022"},"geometry":{"type":"MultiPolygon","coordinates":[[[[-80.3319610002993,26.0142839998076],[-80.3300609999146,26.0143959995766],[-80.3300097268668,26.0132327435971],[-80.3299757270975,26.0130077440131],[-80.3298397271211,26.0123327443615],[-80.3296907256458,26.0118817442479],[-80.3294567256467,26.0113657429355],[-80.3291409997567,26.0107759999133],[-80.3289516798754,26.010371515434],[-80.32881172558,26.010002743033],[-80.328739725857,26.0097667429417],[-80.3286857269641,26.0095507428734],[-80.3286527263416,26.00934374322],[-80.3286197257191,26.009089743198],[-80.3285767264341,26.0086287426233],[-80.3285640001279,26.0078540000629],[-80.3330500001567,26.0078570002013],[-80.3331090001795,26.008735000221],[-80.3347529995506,26.011389000303],[-80.3353890001016,26.0130630001582],[-80.3343230004055,26.0134780004102],[-80.3319610002993,26.0142839998076]]]]}},{"type":"Feature","id":"FL-12011-X021-2022","properties":{"state_po":"FL","county_fips":"12011","county_name":"Broward County","precinct_id":"X021","geometry_vintage":"2022"},"geometry":{"type":"MultiPolygon","coordinates":[[[[-80.3330423963888,25.9948133429623],[-80.3322370705837,25.994805366875],[-80.3322209943028,25.9946043962767],[-80.3318270921459,25.9940657967999],[-80.3314251518486,25.993937175761],[-80.3314171406878,25.993246623234],[-80.3363989999133,25.9932310002114],[-80.3406370001967,25.9931940003037],[-80.3392510001329,25.9974830002411],[-80.3389069995577,26.0004680002988],[-80.3392239997871,26.0048550002589],[-80.3399740001993,26.0076569999715],[-80.3400459999223,26.0078479997862],[-80.3330500001567,26.0078570002013],[-80.3285640001279,26.0078540000629],[-80.3285539996667,26.0076450003174],[-80.3284525381534,26.0044730500921],[-80.3331318906236,26.0044363559539],[-80.3330423963888,25.9948133429623]]]]}},{"type":"Feature","id":"FL-12011-X022-2022","properties":{"state_po":"FL","county_fips":"12011","county_name":"Broward County","precinct_id":"X022","geometry_vintage":"2022"},"geometry":{"type":"MultiPolygon","coordinates":[[[[-80.363598736192,25.9988577389943],[-80.3636665603628,25.9992505862464],[-80.3637167362377,25.9997637403052],[-80.3637260001542,26.0001629997236],[-80.3637077358227,26.0005667395642],[-80.3636728106511,26.0008955478921],[-80.3636017363304,26.0013157399303],[-80.363492000155,26.0017380004092],[-80.3633787359392,26.0021457413338],[-80.363163735917,26.0026247400406],[-80.3629757254487,26.0029923001554],[-80.3627370004116,26.00340800008],[-80.3623817358278,26.0041187405883],[-80.3622647358283,26.0043947416249],[-80.3621867358285,26.0046237413934],[-80.3620717359212,26.0050337414149],[-80.3619475368487,26.0057298337657],[-80.3619427362676,26.0057567423806],[-80.3619399996306,26.0057520002555],[-80.3619199996077,26.0075500004331],[-80.361922999746,26.0077440003862],[-80.3618059997464,26.0077440003862],[-80.3511049999951,26.0077869996712],[-80.3475610002393,26.007805999648],[-80.3407380003578,26.007845999694],[-80.3400459999223,26.0078479997862],[-80.3399740001993,26.0076569999715],[-80.3392239997871,26.0048550002589],[-80.3389069995577,26.0004680002988],[-80.3392510001329,25.9974830002411],[-80.3406370001967,25.9931940003037],[-80.3413479997097,25.9931940003037],[-80.3439979996073,25.9931950003499],[-80.3440710002758,25.9931940003037],[-80.3442290003674,25.9931930002576],[-80.3455480000395,25.9931940003037],[-80.3520899995532,25.9931130001657],[-80.3579900000378,25.9931029997045],[-80.3617620004154,25.9930800004425],[-80.3619249998382,25.9930800004425],[-80.3620199997226,25.9948740004356],[-80.3626099999509,25.9965579998527],[-80.3629587363559,25.9971867392775],[-80.3631987357324,25.9976537392296],[-80.363390999994,25.9981189998928],[-80.363598736192,25.9988577389943]]]]}},{"type":"Feature","id":"FL-12011-X023-2022","properties":{"state_po":"FL","county_fips":"12011","county_name":"Broward County","precinct_id":"X023","geometry_vintage":"2022"},"geometry":{"type":"MultiPolygon","coordinates":[[[[-80.3637260001542,26.0001629997236],[-80.3637167362377,25.9997637403052],[-80.363675737045,25.9993037397766],[-80.363598736192,25.9988577389943],[-80.3633937357317,25.99812373932],[-80.3631987357324,25.9976537392296],[-80.3629587363559,25.9971867392775],[-80.3626099999509,25.9965579998527],[-80.3620199997226,25.9948740004356],[-80.3619249998382,25.9930800004425],[-80.376103999899,25.9930809995893],[-80.3762339995988,25.9930829996816],[-80.379436999817,25.9931859999348],[-80.3862890001366,25.9931740002808],[-80.3922950001135,25.9931869999809],[-80.3923580003208,25.9950480003658],[-80.392595999605,26.003114000012],[-80.39276600025,26.0075250001795],[-80.3843980001669,26.0075389999258],[-80.3843970001208,26.007713999902],[-80.3766780002888,26.0077309997867],[-80.3765410002663,26.0077360000172],[-80.3716840002158,26.007733999925],[-80.368952000134,26.0077380001095],[-80.3651219997798,26.0077459995791],[-80.361922999746,26.0077440003862],[-80.3619199996077,26.0075500004331],[-80.3619399996306,26.0057520002555],[-80.3620717359212,26.0050337414149],[-80.3621867358285,26.0046237413934],[-80.362248739587,26.0044417024235],[-80.3623817358278,26.0041187405883],[-80.3627370004116,26.00340800008],[-80.3630007355948,26.002947741446],[-80.363163735917,26.0026247400406],[-80.3633787359392,26.0021457413338],[-80.363492000155,26.0017380004092],[-80.3636017363304,26.0013157399303],[-80.3636667357306,26.0009527402776],[-80.3637077358227,26.0005667395642],[-80.3637260001542,26.0001629997236]]]]}},{"type":"Feature","id":"FL-12011-X024-2022","properties":{"state_po":"FL","county_fips":"12011","county_name":"Broward County","precinct_id":"X024","geometry_vintage":"2022"},"geometry":{"type":"MultiPolygon","coordinates":[[[[-80.3651219997798,26.0077459995791],[-80.368952000134,26.0077380001095],[-80.3716840002158,26.007733999925],[-80.3765410002663,26.0077360000172],[-80.3766780002888,26.0077309997867],[-80.3767229996661,26.0097540004476],[-80.3767950002884,26.0127059998829],[-80.3769619998957,26.0184779998607],[-80.3770630000568,26.0219899999394],[-80.3771579999411,26.0253399997421],[-80.377246000402,26.0292429998654],[-80.3772479995948,26.0293749996574],[-80.3773430003785,26.0323779996459],[-80.3773669996866,26.0330880000121],[-80.3694349999246,26.0331239998736],[-80.3693359998559,26.034931999613],[-80.3612470000484,26.0349230000972],[-80.3611999996796,26.0333120004493],[-80.3611829997949,26.0316239999485],[-80.3612449999561,26.029512999726],[-80.3612369995872,26.0293419999342],[-80.3610849997723,26.0293450000726],[-80.3608549999576,26.0271769999195],[-80.3609919999802,26.0271369998735],[-80.3608109997272,26.0266469997601],[-80.3607719997274,26.026544999553],[-80.3607299995892,26.0264479995764],[-80.3606440001199,26.0262500003381],[-80.3604890001666,26.0259910000855],[-80.3604779996593,26.025976000293],[-80.3603100000058,26.0257210002248],[-80.3600420002375,26.025399999811],[-80.3600139998455,26.0253690001801],[-80.3598460001921,26.0251819996504],[-80.3594420004473,26.0247769998595],[-80.3593810003322,26.0247169997906],[-80.359188999572,26.0245290001141],[-80.3591119996184,26.0244540002528],[-80.3588449998962,26.0242119998848],[-80.3587459998274,26.0243200003686],[-80.3575579999011,26.0229069999589],[-80.3576800001313,26.0228550002589],[-80.3571720000871,26.0215260001257],[-80.3568600000883,26.0175159995646],[-80.3568579999961,26.0171869996811],[-80.3568709996962,26.016819999844],[-80.3568749998807,26.0167959996365],[-80.3569390001341,26.0164479997762],[-80.3570620004103,26.0159839999625],[-80.3572269999254,26.015522000241],[-80.3573340003632,26.0152720004033],[-80.3574379997633,26.015076000358],[-80.3576200000623,26.0147879996673],[-80.3576349998547,26.0147650004053],[-80.3579219996,26.0143750004068],[-80.3580540002912,26.0142140001768],[-80.3580920002449,26.0141669998081],[-80.3581409998067,26.0141190002925],[-80.3582589998523,26.0140040003852],[-80.3584200000823,26.0138499995787],[-80.3585139999205,26.0137620000171],[-80.3599919997304,26.0126000003906],[-80.3605417346127,26.0121077429789],[-80.3607777356033,26.0118457425878],[-80.3610207360175,26.0115377427735],[-80.361220735348,26.0112237426824],[-80.3614590556902,26.0108118540847],[-80.361612736338,26.0104757432618],[-80.3617237360609,26.0101667434014],[-80.3618187359452,26.009843741996],[-80.3618947358527,26.0094767421588],[-80.3619207361524,26.0092187419522],[-80.361925736383,26.0091747417218],[-80.361925736383,26.007748741612],[-80.3619256626386,26.0077440021848],[-80.3651219997798,26.0077459995791]]]]}},{"type":"Feature","id":"FL-12011-X025-2022","properties":{"state_po":"FL","county_fips":"12011","county_name":"Broward County","precinct_id":"X025","geometry_vintage":"2022"},"geometry":{"type":"MultiPolygon","coordinates":[[[[-80.4091799999564,26.021802000263],[-80.4092299995642,26.0256109996488],[-80.4093749999556,26.0295020001181],[-80.401690999939,26.0293349996114],[-80.3932170003636,26.029216000419],[-80.3932189995566,26.0293470001648],[-80.3772479995948,26.0293749996574],[-80.377246000402,26.0292429998654],[-80.3771579999411,26.0253399997421],[-80.3770630000568,26.0219899999394],[-80.3769619998957,26.0184779998607],[-80.3767950002884,26.0127059998829],[-80.3767229996661,26.0097540004476],[-80.3766780002888,26.0077309997867],[-80.3843970001208,26.007713999902],[-80.3843980001669,26.0075389999258],[-80.39276600025,26.0075250001795],[-80.3927739997197,26.0077289996945],[-80.3928579999961,26.0113840000724],[-80.3928850003418,26.0125930000678],[-80.3931299999489,26.0211000002657],[-80.3930930000413,26.0219309999166],[-80.3933249999481,26.0220999996161],[-80.4070549999876,26.0221330002386],[-80.4091799999564,26.021802000263]]]]}},{"type":"Feature","id":"FL-12011-X026-2022","properties":{"state_po":"FL","county_fips":"12011","county_name":"Broward County","precinct_id":"X026","geometry_vintage":"2022"},"geometry":{"type":"MultiPolygon","coordinates":[[[[-80.4138379998231,26.044076000408],[-80.4136090000546,26.0440779996009],[-80.4132630002866,26.0440819997854],[-80.4128670000114,26.0440859999698],[-80.4098120003229,26.044068000039],[-80.4098250000231,26.0441769996697],[-80.4087869998195,26.0441710002923],[-80.4078069995927,26.0441530003616],[-80.4077889996619,26.0477449996329],[-80.4077949999386,26.0495619997873],[-80.4058069999924,26.049558999649],[-80.4057950003383,26.0441059999928],[-80.403786000323,26.0440930002926],[-80.4036529995856,26.0395219999412],[-80.4016639995933,26.0395189998028],[-80.4006389999892,26.0395159996645],[-80.4006149997817,26.0385969995527],[-80.4036287493666,26.0386097492414],[-80.4036209999086,26.0384550001989],[-80.4035769996781,26.0369409996283],[-80.4035687151235,26.0361907159296],[-80.4035487492747,26.0358627475686],[-80.4016269996856,26.0358529998169],[-80.4016180001699,26.0354249998647],[-80.4016010002853,26.0348809999591],[-80.4015970001008,26.0347619998673],[-80.40150899964,26.0317890003629],[-80.4018399996156,26.0294650002104],[-80.4037699995852,26.0295179999566],[-80.4084790000052,26.0295759999333],[-80.4093770000479,26.0295580000026],[-80.4132339998486,26.0295549998642],[-80.4133879997557,26.035366999888],[-80.4135799996166,26.035366999888],[-80.4136500001467,26.0376419995795],[-80.4138349996848,26.0439780003853],[-80.4138379998231,26.044076000408]]],[[[-80.4204309998901,26.0557940002937],[-80.4191920003099,26.0551629999733],[-80.4182657525618,26.0556157528655],[-80.4178959998998,26.0556130000408],[-80.4178919997154,26.0533570003262],[-80.4167490000656,26.0533550002339],[-80.4158489999307,26.0533720001186],[-80.4158330000922,26.0544169997456],[-80.4148269995657,26.0544149996534],[-80.4138209999385,26.0544120004143],[-80.4138379998231,26.044076000408],[-80.4148479996348,26.044068000039],[-80.4157459996775,26.0440750003618],[-80.4256990000082,26.0440999997161],[-80.4254697556241,26.0441497502117],[-80.4257044022357,26.0441503482608],[-80.4259007710031,26.0441508491832],[-80.425899000238,26.0459640002393],[-80.4238890001766,26.0459610001009],[-80.423883999946,26.0514220001261],[-80.4259010003303,26.0514240002183],[-80.4259089997998,26.0559619999472],[-80.4268710000959,26.0559660001317],[-80.426862999727,26.0568539997132],[-80.4259570002147,26.0568690004049],[-80.4259740000994,26.061166999858],[-80.4246670000813,26.0611540001578],[-80.4246160004274,26.0588920001666],[-80.4238870000843,26.0588920001666],[-80.4238819998537,26.0560379998547],[-80.4218990001381,26.0557950003399],[-80.4204309998901,26.0557940002937]]]]}},{"type":"Feature","id":"FL-12011-X027-2022","properties":{"state_po":"FL","county_fips":"12011","county_name":"Broward County","precinct_id":"X027","geometry_vintage":"2022"},"geometry":{"type":"MultiPolygon","coordinates":[[[[-80.4228545783754,26.0146474931881],[-80.4225257538598,26.0145987418393],[-80.4222437543451,26.0146187418623],[-80.4219857541386,26.0146637421389],[-80.4215937540479,26.0147967419769],[-80.4213267534263,26.0149267416767],[-80.4210280004412,26.0150140001968],[-80.4208707539814,26.0154777419052],[-80.4207330003271,26.0172849997039],[-80.4090890002565,26.0172079997503],[-80.4091549997028,26.0195259996261],[-80.4091799999564,26.021802000263],[-80.4070549999876,26.0221330002386],[-80.3933249999481,26.0220999996161],[-80.3930930000413,26.0219309999166],[-80.3931299999489,26.0211000002657],[-80.3928850003418,26.0125930000678],[-80.3928579999961,26.0113840000724],[-80.3927739997197,26.0077289996945],[-80.3954899999629,26.0077319998328],[-80.3979459999073,26.0077400002017],[-80.4048790003649,26.0077750000171],[-80.4088239997271,26.0078129999708],[-80.408822999681,26.0075860002946],[-80.4128269999654,26.0076319997179],[-80.4323609996597,26.0076670004326],[-80.4323669999364,26.007865999717],[-80.4304299996441,26.0078689998553],[-80.4279820000686,26.0078679998092],[-80.4248329996425,26.007855000109],[-80.424896999896,26.0099359998474],[-80.4249339998036,26.0117129999559],[-80.4250250004028,26.0141119999697],[-80.4250620003104,26.0150910001504],[-80.4250597502066,26.0150946487],[-80.4241987536689,26.0150897419988],[-80.4238897538085,26.0150357431059],[-80.4228545783754,26.0146474931881]]]]}},{"type":"Feature","id":"FL-12011-X028-2022","properties":{"state_po":"FL","county_fips":"12011","county_name":"Broward County","precinct_id":"X028","geometry_vintage":"2022"},"geometry":{"type":"MultiPolygon","coordinates":[[[[-80.4404739996747,25.9931770004191],[-80.4408629996271,26.0077289996945],[-80.4332530003251,26.0077180000865],[-80.4328499997271,26.0078669997631],[-80.4323669999364,26.007865999717],[-80.4323609996597,26.0076670004326],[-80.4128269999654,26.0076319997179],[-80.408822999681,26.0075860002946],[-80.4088239997271,26.0078129999708],[-80.4048790003649,26.0077750000171],[-80.3979459999073,26.0077400002017],[-80.3954899999629,26.0077319998328],[-80.3927739997197,26.0077289996945],[-80.39276600025,26.0075250001795],[-80.392595999605,26.003114000012],[-80.3923580003208,25.9950480003658],[-80.3922950001135,25.9931869999809],[-80.3946530000352,25.9931819997503],[-80.4081570004445,25.9931409996583],[-80.4081579995914,25.9931940003037],[-80.4082579997063,25.9931890000732],[-80.4083040000289,25.9931890000732],[-80.4319270003301,25.9932290001191],[-80.4324259999592,25.9932259999808],[-80.4324239998671,25.9931799996581],[-80.4328109997272,25.9931799996581],[-80.4404739996747,25.9931770004191]]]]}},{"type":"Feature","id":"FL-12011-X029-2022","properties":{"state_po":"FL","county_fips":"12011","county_name":"Broward County","precinct_id":"X029","geometry_vintage":"2022"},"geometry":{"type":"MultiPolygon","coordinates":[[[[-80.4213267534263,26.0149267416767],[-80.4215937540479,26.0147967419769],[-80.4219857541386,26.0146637421389],[-80.4222437543451,26.0146187418623],[-80.4225257538598,26.0145987418393],[-80.4228545783754,26.0146474931881],[-80.4238897538085,26.0150357431059],[-80.4241987536689,26.0150897419988],[-80.4250620003104,26.0150910001504],[-80.4250250004028,26.0141119999697],[-80.4249339998036,26.0117129999559],[-80.424896999896,26.0099359998474],[-80.4248329996425,26.007855000109],[-80.4279820000686,26.0078679998092],[-80.4304299996441,26.0078689998553],[-80.4323669999364,26.007865999717],[-80.4328499997271,26.0078669997631],[-80.4332530003251,26.0077180000865],[-80.4408629996271,26.0077289996945],[-80.4404739996747,25.9931770004191],[-80.4404900004125,25.9929449996129],[-80.4393930001862,25.9569889998434],[-80.4393890000017,25.9568519998208],[-80.4403179996753,25.9568570000514],[-80.4409279999266,25.9568580000975],[-80.4512419998178,25.9567699996367],[-80.4552700003096,25.961858999594],[-80.4554509996633,25.9617370002632],[-80.461565000124,25.9696859999098],[-80.4997209997237,26.0027429999903],[-80.5098130001692,26.0113729995651],[-80.5096869997546,26.0115179999566],[-80.5038260001691,26.0064249998148],[-80.4997769996082,26.0031689998503],[-80.4969939998725,26.0013660003415],[-80.4950560004334,26.0004169997456],[-80.4769890000417,26.023718999633],[-80.4624509996133,26.0455879999871],[-80.4614650000091,26.0505779998756],[-80.4629760004414,26.054166999908],[-80.4439950001685,26.0609089996515],[-80.4431069996876,26.06087299979],[-80.4419939996228,26.0611170002502],[-80.4419209998536,26.0550369995587],[-80.4419809999226,26.0441749995774],[-80.4417170003387,26.0351570000964],[-80.4415519999242,26.029532999749],[-80.4338760002765,26.0295719997488],[-80.4335000000243,26.0295739998411],[-80.4330099999109,26.0295860003945],[-80.4214607533104,26.0295567463476],[-80.421615754163,26.0349797473183],[-80.4203977501554,26.0349714240928],[-80.4204149361997,26.035740332751],[-80.4176147531177,26.0357247474999],[-80.4174397531414,26.0295567463476],[-80.4132339998486,26.0295549998642],[-80.4093770000479,26.0295580000026],[-80.4084790000052,26.0295759999333],[-80.4037699995852,26.0295179999566],[-80.4018399996156,26.0294650002104],[-80.4016859997085,26.0294509995649],[-80.3953139999405,26.0293850001185],[-80.3932189995566,26.0293470001648],[-80.3932170003636,26.029216000419],[-80.401690999939,26.0293349996114],[-80.4093749999556,26.0295020001181],[-80.4092299995642,26.0256109996488],[-80.4091799999564,26.021802000263],[-80.4091549997028,26.0195259996261],[-80.4090890002565,26.0172079997503],[-80.4207330003271,26.0172849997039],[-80.4208707539814,26.0154777419052],[-80.4210280004412,26.0150140001968],[-80.4213267534263,26.0149267416767]]]]}},{"type":"Feature","id":"FL-12011-Y001-2022","properties":{"state_po":"FL","county_fips":"12011","county_name":"Broward County","precinct_id":"Y001","geometry_vintage":"2022"},"geometry":{"type":"MultiPolygon","coordinates":[[[[-80.1180810000375,25.98647299973],[-80.1180509995533,25.9868239997287],[-80.1180216636682,25.9872057421521],[-80.1176098299291,25.987160022418],[-80.1176356638542,25.9869957423605],[-80.1172470002482,25.9869920002815],[-80.1152109998871,25.9869989997049],[-80.1152920000251,25.9863409999381],[-80.1135149999167,25.97883399999],[-80.1127050003349,25.9754020000032],[-80.1137809995928,25.9753609999111],[-80.1180810000375,25.9752419998193],[-80.1194650000091,25.9751999996811],[-80.1195680002623,25.9751970004421],[-80.122209999791,25.9751259998659],[-80.1228230001806,25.9751089999812],[-80.122948999696,25.9751059998429],[-80.1233090001096,25.9751029997045],[-80.1237509998081,25.9750809995894],[-80.1238740000844,25.9744839999375],[-80.1304110002668,25.9742269997771],[-80.1338620002305,25.9741099997776],[-80.1338669995617,25.9748679996593],[-80.1421249999681,25.9746759997984],[-80.141931000015,25.97643399993],[-80.1419710000609,25.9774619996724],[-80.1419760002915,25.978002000293],[-80.1419819996689,25.9783080000151],[-80.1420259998993,25.9799870001008],[-80.1420789996454,25.9819560000702],[-80.1422900003826,25.985589000333],[-80.1384690004434,25.9856230001022],[-80.1342469999984,25.9857139998021],[-80.132248999591,25.9857719997788],[-80.1322569999599,25.9859810004237],[-80.1301099998759,25.9860580003773],[-80.1301099998759,25.9858980001934],[-80.1291879996258,25.9858960001012],[-80.1237719998772,25.9862019998233],[-80.1236179999701,25.9864070002837],[-80.1222089997449,25.986492999753],[-80.1221980001369,25.986492999753],[-80.1217660000003,25.9865119997299],[-80.1212959999098,25.986532999799],[-80.1193989996635,25.986401000007],[-80.1192700000099,25.9863660001916],[-80.1192649997793,25.9864270003067],[-80.1182149999216,25.9864670003527],[-80.1180810000375,25.98647299973]]]]}},{"type":"Feature","id":"FL-12011-Y002-2022","properties":{"state_po":"FL","county_fips":"12011","county_name":"Broward County","precinct_id":"Y002","geometry_vintage":"2022"},"geometry":{"type":"MultiPolygon","coordinates":[[[[-80.1222089997449,25.986492999753],[-80.1236179999701,25.9864070002837],[-80.1237719998772,25.9862019998233],[-80.1291879996258,25.9858960001012],[-80.1301099998759,25.9858980001934],[-80.1301099998759,25.9860580003773],[-80.1322569999599,25.9859810004237],[-80.132248999591,25.9857719997788],[-80.1342469999984,25.9857139998021],[-80.134252000229,25.9858980001934],[-80.1342710002059,25.9867130000058],[-80.1342940003672,25.9876740002558],[-80.134313000344,25.9884779995609],[-80.1343379996983,25.9895480003408],[-80.1343619999057,25.9905689997604],[-80.1344280002514,25.9932649999806],[-80.1344480002744,25.9941330004385],[-80.1345030001127,25.9951499996736],[-80.1345650002739,25.9963659999918],[-80.1345909996742,25.9969970003122],[-80.1340859997684,25.9970019996434],[-80.1303910002438,25.9971209997352],[-80.129542999809,25.997148000081],[-80.1286459998124,25.9971769996197],[-80.1269210003033,25.9971730003345],[-80.1253740000095,25.9972179997118],[-80.1243959998748,25.9972710003573],[-80.1236959999698,25.9973460002186],[-80.1216930002311,25.9974129997111],[-80.120020000422,25.9974719997339],[-80.1200520000991,25.997158999689],[-80.1204480003743,25.9926040000754],[-80.121338000048,25.99033000043],[-80.1216259998394,25.9895820001101],[-80.1218676647602,25.9889837432061],[-80.1220496659587,25.9878037418501],[-80.1221980001369,25.986492999753],[-80.1222089997449,25.986492999753]]]]}},{"type":"Feature","id":"FL-12011-Y003-2022","properties":{"state_po":"FL","county_fips":"12011","county_name":"Broward County","precinct_id":"Y003","geometry_vintage":"2022"},"geometry":{"type":"MultiPolygon","coordinates":[[[[-80.1484070000823,25.9856100004021],[-80.1484409998516,25.9863589998688],[-80.1484840000359,25.9878680002089],[-80.1485280002664,25.989186999881],[-80.1485630000817,25.990168000154],[-80.1485959998049,25.9910310003812],[-80.1486189999662,25.9919359998474],[-80.148648999551,25.9928790001666],[-80.1486769999429,25.9937849996788],[-80.1487149998967,25.9947039997907],[-80.1487410001964,25.9955930003176],[-80.1487810002423,25.9965149996684],[-80.1485939997127,25.9965169997606],[-80.1483480000595,25.9965110003832],[-80.1483510001979,25.9966349998063],[-80.1477430000388,25.9966389999907],[-80.1466849998122,25.9966549998293],[-80.1446919996354,25.9967119997598],[-80.1436409997317,25.9967430002901],[-80.1427609996198,25.9967749999672],[-80.1426089998048,25.9967800001977],[-80.1406389997894,25.9967810002439],[-80.1386089997049,25.9968560001052],[-80.1366019997818,25.996925999736],[-80.1345909996742,25.9969970003122],[-80.1345650002739,25.9963659999918],[-80.1345030001127,25.9951499996736],[-80.1344480002744,25.9941330004385],[-80.1344280002514,25.9932649999806],[-80.1343619999057,25.9905689997604],[-80.1343379996983,25.9895480003408],[-80.134313000344,25.9884779995609],[-80.1342940003672,25.9876740002558],[-80.1342710002059,25.9867130000058],[-80.134252000229,25.9858980001934],[-80.1342469999984,25.9857139998021],[-80.1384690004434,25.9856230001022],[-80.1422900003826,25.985589000333],[-80.1420789996454,25.9819560000702],[-80.1420259998993,25.9799870001008],[-80.1419819996689,25.9783080000151],[-80.1419760002915,25.978002000293],[-80.1419710000609,25.9774619996724],[-80.141931000015,25.97643399993],[-80.1421249999681,25.9746759997984],[-80.144473000328,25.9744940003987],[-80.1459910001839,25.9744670000529],[-80.1475920002699,25.9743970004221],[-80.1478640002228,25.97440800003],[-80.1480630004065,25.974406999984],[-80.148059000222,25.9751649998657],[-80.1480830004295,25.9759100000473],[-80.148119000291,25.9771279995584],[-80.1481499999219,25.9781610004307],[-80.1481849997373,25.9790370003582],[-80.1482269998755,25.9799559995706],[-80.1482560003135,25.9808939996592],[-80.1482879999905,25.9818499996786],[-80.1483209997137,25.9831920004113],[-80.1483690001286,25.984719999829],[-80.1483999997595,25.9854710002873],[-80.1484070000823,25.9856100004021]]]]}},{"type":"Feature","id":"FL-12011-Y004-2022","properties":{"state_po":"FL","county_fips":"12011","county_name":"Broward County","precinct_id":"Y004","geometry_vintage":"2022"},"geometry":{"type":"MultiPolygon","coordinates":[[[[-80.1480630004065,25.974406999984],[-80.150226000329,25.9743340002148],[-80.1517389999542,25.9742689999153],[-80.1526630002966,25.974255000169],[-80.1542109997372,25.9741869997311],[-80.156213000329,25.9741309998466],[-80.1574339999785,25.9740980001235],[-80.1575839997012,25.974093999939],[-80.1582259996295,25.9740760000083],[-80.1602690003135,25.9740240003082],[-80.1622970003057,25.9739660003315],[-80.1650359998109,25.9738850001935],[-80.1657240000619,25.9737829999863],[-80.1659770000379,25.9769989999048],[-80.1657830000847,25.9799300001703],[-80.1653950001785,25.9813370003032],[-80.1651119997184,25.9848129996211],[-80.1651319997413,25.9850849995739],[-80.16425699986,25.9850960000812],[-80.1626690003734,25.9851210003348],[-80.1626620000506,25.9849830002661],[-80.1616670000313,25.9850159999893],[-80.1616720002619,25.985155000104],[-80.1585989997434,25.9852730001497],[-80.1563280002364,25.9853849999187],[-80.1542149999216,25.9854510002643],[-80.1532870002942,25.9854749995724],[-80.1522160003674,25.9855029999644],[-80.1513069998175,25.9855240000334],[-80.1503889997519,25.9855510003792],[-80.1493409999865,25.9855939996642],[-80.1484070000823,25.9856100004021],[-80.1483999997595,25.9854710002873],[-80.1483690001286,25.984719999829],[-80.1483209997137,25.9831920004113],[-80.1482879999905,25.9818499996786],[-80.1482560003135,25.9808939996592],[-80.1482269998755,25.9799559995706],[-80.1481849997373,25.9790370003582],[-80.1481499999219,25.9781610004307],[-80.148119000291,25.9771279995584],[-80.1480830004295,25.9759100000473],[-80.148059000222,25.9751649998657],[-80.1480630004065,25.974406999984]]]]}},{"type":"Feature","id":"FL-12011-Y005-2022","properties":{"state_po":"FL","county_fips":"12011","county_name":"Broward County","precinct_id":"Y005","geometry_vintage":"2022"},"geometry":{"type":"MultiPolygon","coordinates":[[[[-80.1487859995736,25.9966290004289],[-80.1485979998971,25.9966319996679],[-80.1483510001979,25.9966349998063],[-80.1483480000595,25.9965110003832],[-80.1485939997127,25.9965169997606],[-80.1487810002423,25.9965149996684],[-80.1487410001964,25.9955930003176],[-80.1487149998967,25.9947039997907],[-80.1486769999429,25.9937849996788],[-80.148648999551,25.9928790001666],[-80.1486189999662,25.9919359998474],[-80.1485959998049,25.9910310003812],[-80.1485630000817,25.990168000154],[-80.1485280002664,25.989186999881],[-80.1484840000359,25.9878680002089],[-80.1484409998516,25.9863589998688],[-80.1484070000823,25.9856100004021],[-80.1493409999865,25.9855939996642],[-80.1503889997519,25.9855510003792],[-80.1513069998175,25.9855240000334],[-80.1522160003674,25.9855029999644],[-80.1532870002942,25.9854749995724],[-80.1542149999216,25.9854510002643],[-80.1563280002364,25.9853849999187],[-80.1585989997434,25.9852730001497],[-80.1616720002619,25.985155000104],[-80.1616670000313,25.9850159999893],[-80.1626620000506,25.9849830002661],[-80.1626690003734,25.9851210003348],[-80.16425699986,25.9850960000812],[-80.1651319997413,25.9850849995739],[-80.1656670001313,25.9892649998807],[-80.1657090002695,25.9906899999444],[-80.1654940002472,25.9959660004315],[-80.1655069999474,25.9962330001537],[-80.1628030002576,25.9962340001998],[-80.1607409995968,25.9962679999691],[-80.1588519997193,25.9963239998536],[-80.1569219997498,25.9963750004068],[-80.1559020003764,25.9963979996688],[-80.154876999873,25.9964290001991],[-80.153852000269,25.9964569996916],[-80.1528200003421,25.9964819999452],[-80.1518149998617,25.9965070001988],[-80.1507819998887,25.9965470002447],[-80.1487859995736,25.9966290004289]]]]}},{"type":"Feature","id":"FL-12011-Z001-2022","properties":{"state_po":"FL","county_fips":"12011","county_name":"Broward County","precinct_id":"Z001","geometry_vintage":"2022"},"geometry":{"type":"MultiPolygon","coordinates":[[[[-80.1742189997064,26.1297299996406],[-80.1742029998679,26.128952999782],[-80.1741269999604,26.1268980003433],[-80.1741209996837,26.1267509998596],[-80.1740289999377,26.1242699996616],[-80.1759539996767,26.1241640001693],[-80.1757046842231,26.1241587751082],[-80.1756456842003,26.1241427752697],[-80.1755576846388,26.1241177750162],[-80.175449684155,26.1240717755928],[-80.1753756843397,26.1240267753163],[-80.1753506840861,26.1240117764232],[-80.1752586843402,26.123931775432],[-80.1752216844325,26.123900775801],[-80.1751596842714,26.1238247749943],[-80.1751516848017,26.1238147754324],[-80.1750726847559,26.123669775041],[-80.1750396841335,26.1235677757331],[-80.175023684295,26.1234617753415],[-80.1750235610878,26.1234589397791],[-80.1750209998186,26.1234569999415],[-80.1749799997265,26.1224660001067],[-80.1745960000047,26.1224769997146],[-80.1745869995897,26.1224530004065],[-80.1745620002355,26.1217630000632],[-80.174952000234,26.1217549996944],[-80.1758959997,26.121729000294],[-80.1780219997149,26.1216769996947],[-80.1790090002645,26.1216559996255],[-80.179896999846,26.1216300002252],[-80.1807870004191,26.1216100002022],[-80.1816549999776,26.1215839999025],[-80.1825550001125,26.1215579996029],[-80.1834439997401,26.1215370004331],[-80.184323999852,26.1215170004101],[-80.1852090001946,26.1214910001104],[-80.1861899995682,26.1214649998108],[-80.1861820000986,26.1218389999707],[-80.1861939997526,26.1221669998081],[-80.1862339997986,26.1231930003576],[-80.1862440002598,26.1235159999643],[-80.186258000006,26.1242440002613],[-80.1862650003288,26.1249690004199],[-80.1862959999598,26.1256450001175],[-80.18630899966,26.1263530003915],[-80.1863159999828,26.1267590002286],[-80.1863220002595,26.1270399996971],[-80.186369999775,26.1277289999942],[-80.1864430004434,26.1286429998754],[-80.1864249996134,26.1293730002647],[-80.1864279997517,26.1300770003542],[-80.1864370001668,26.1305060003525],[-80.1864439995903,26.1308000004205],[-80.1864620004203,26.1315140000719],[-80.1864400003051,26.1322390002305],[-80.1864550000975,26.1329149999282],[-80.1864669997516,26.1333150003878],[-80.1865489999357,26.1340199996242],[-80.1866409996817,26.1361980002384],[-80.1864970002357,26.1361930000078],[-80.1865029996131,26.1363629997535],[-80.1865269998205,26.1370400003966],[-80.1865469998435,26.1379859999548],[-80.1865740001893,26.1398139997172],[-80.1865990004429,26.1416129999409],[-80.1857609995698,26.141623000402],[-80.184749999712,26.1416590002635],[-80.1826330001122,26.1417570002862],[-80.1826960003195,26.145412999811],[-80.178610999897,26.1455119998798],[-80.1745450003508,26.1456360002021],[-80.1745400001203,26.1452450001575],[-80.1744959998898,26.1431590001886],[-80.1744880004202,26.1424530000068],[-80.1748710000959,26.1424390002605],[-80.1785640004276,26.1423590001686],[-80.1785509998281,26.141665999687],[-80.1785349999896,26.1409619995975],[-80.178518000105,26.1397120004094],[-80.1785040003587,26.1390199999739],[-80.1785069995977,26.1388330003435],[-80.1785059995516,26.1388009997672],[-80.178498000082,26.1384699997915],[-80.1784949999436,26.1383349998612],[-80.1784949999436,26.1383089995616],[-80.1779499999918,26.1383190000227],[-80.1779499999918,26.1382509995848],[-80.1779370002916,26.1370029995896],[-80.1744179998901,26.1370360002121],[-80.1743880003053,26.1365500002831],[-80.1743809999825,26.1364199996841],[-80.1743809999825,26.1359769999395],[-80.1743799999364,26.1359359998474],[-80.1743799999364,26.1358159997095],[-80.1743799999364,26.1357759996635],[-80.1743759997519,26.1356930003326],[-80.1743670002362,26.1354449996879],[-80.1743640000979,26.135363000403],[-80.174355999729,26.1351430001502],[-80.1743219999597,26.1337760000632],[-80.17429599966,26.1329790001816],[-80.1742900002826,26.1326749996524],[-80.1742460000522,26.1311909995658],[-80.1742310002598,26.1304630001682],[-80.1742189997064,26.1297299996406]]]]}},{"type":"Feature","id":"FL-12011-Z002-2022","properties":{"state_po":"FL","county_fips":"12011","county_name":"Broward County","precinct_id":"Z002","geometry_vintage":"2022"},"geometry":{"type":"MultiPolygon","coordinates":[[[[-80.2034220001245,26.0893380003493],[-80.2035620002854,26.0888749996824],[-80.2019319997613,26.0884780002604],[-80.2020400002452,26.0881139996623],[-80.2107629996121,26.0902199996541],[-80.215906000261,26.0915030003641],[-80.2167480004192,26.0936860003096],[-80.2172750004403,26.0974650001106],[-80.2145970001508,26.1061139996622],[-80.214083999876,26.1061270002617],[-80.2131999995797,26.106141000008],[-80.2130529999953,26.1061420000541],[-80.2102749995909,26.106170000446],[-80.2098000001692,26.1061759998234],[-80.209493000401,26.106181000054],[-80.2088739997346,26.1061749997773],[-80.2078870000843,26.1061899995697],[-80.2042050002599,26.1062830002611],[-80.2021849997373,26.1063210002148],[-80.2025549997128,26.1049289998743],[-80.2015609997397,26.1046070003137],[-80.2015569995553,26.1045100003371],[-80.2014900000628,26.1035130002256],[-80.2014609996248,26.1028290001591],[-80.201400000409,26.1004199996841],[-80.2013639996482,26.0989510002893],[-80.201309999856,26.0977279996483],[-80.2012950000636,26.0968359998824],[-80.2012430003635,26.095241000073],[-80.2012149999716,26.0939560001701],[-80.201178000064,26.091635000156],[-80.2012096912736,26.0916357672777],[-80.2012097236492,26.0916353670794],[-80.2012386908123,26.0912827662875],[-80.2027329998274,26.0916530000868],[-80.2034220001245,26.0893380003493]]]]}},{"type":"Feature","id":"FL-12011-Z003-2022","properties":{"state_po":"FL","county_fips":"12011","county_name":"Broward County","precinct_id":"Z003","geometry_vintage":"2022"},"geometry":{"type":"MultiPolygon","coordinates":[[[[-80.2087900003576,26.0466650001905],[-80.2089240002418,26.0466630000982],[-80.2090319998263,26.0466620000522],[-80.2090230003106,26.0465110002833],[-80.208765000104,26.0429630003431],[-80.2046989996584,26.0430879998122],[-80.204582999705,26.0394239999185],[-80.2044730000283,26.0357939997941],[-80.2073929997864,26.0357280003478],[-80.2077289999927,26.0357969999325],[-80.2085160003125,26.0357899996097],[-80.2125540003661,26.0356500003481],[-80.2134979998322,26.0356399998869],[-80.2136359999008,26.035629000279],[-80.2165890002815,26.0355779997258],[-80.2165419999127,26.0336240004481],[-80.2164989997284,26.0320200002237],[-80.2164959995901,26.0318919997169],[-80.2207719998273,26.0317470002247],[-80.2207770000579,26.0318600000398],[-80.2205260001741,26.0318919997169],[-80.220676999943,26.039083000381],[-80.220312000198,26.0390980001734],[-80.2180300001837,26.0391560001502],[-80.2166820000736,26.0391920000117],[-80.2167149997967,26.0399899999394],[-80.2167270003501,26.0407879998672],[-80.2167480004192,26.0413529998419],[-80.21676600035,26.0415809995644],[-80.2167909997042,26.0420800000928],[-80.2168000001192,26.0424110000684],[-80.2168139998656,26.0427899995597],[-80.2168269995657,26.0431600004346],[-80.2168370000269,26.0434900003641],[-80.2168460004419,26.043845999694],[-80.2168539999115,26.0441809998541],[-80.2168610002343,26.0445390001756],[-80.2168640003727,26.0448579995979],[-80.2168830003495,26.0455639997796],[-80.2169069996576,26.0459620001471],[-80.216909999796,26.0462910000305],[-80.2169020003264,26.0464730003296],[-80.2151600000333,26.0464639999145],[-80.2151670003561,26.0467559998904],[-80.2154210003782,26.0537509996098],[-80.2150589998723,26.0537610000709],[-80.2148809997577,26.0537660003016],[-80.2076540001314,26.0539610003008],[-80.2074659995556,26.0539610003008],[-80.2074499997171,26.0534259999108],[-80.2074800002012,26.0526979996139],[-80.207356999925,26.0503269999919],[-80.2080240001069,26.0503069999689],[-80.2082820003134,26.0502940002688],[-80.2084970003356,26.0497300003401],[-80.2084799995517,26.0490779999506],[-80.2085570004046,26.0488619998823],[-80.2086759995971,26.0483460003685],[-80.208693000381,26.0482650002305],[-80.2084496923987,26.0482397553613],[-80.2084010004052,26.046671999614],[-80.2087900003576,26.0466650001905]]]]}},{"type":"Feature","id":"FL-12011-Z004-2022","properties":{"state_po":"FL","county_fips":"12011","county_name":"Broward County","precinct_id":"Z004","geometry_vintage":"2022"},"geometry":{"type":"MultiPolygon","coordinates":[[[[-80.190675999597,26.3213100003571],[-80.1946640000429,26.3213129995961],[-80.1946830000198,26.3215630003331],[-80.1944589995825,26.3215669996182],[-80.1934889998169,26.3215869996412],[-80.1934950000935,26.3219419998243],[-80.1936360003005,26.3219419998243],[-80.1936360003005,26.3220330004235],[-80.194705000135,26.3220339995703],[-80.1947009999506,26.323142000304],[-80.1947110004117,26.3246580000675],[-80.1936619997009,26.3246580000675],[-80.1936479999546,26.3231519998658],[-80.1931620000256,26.3231810003038],[-80.1931726956627,26.3240048260627],[-80.1930996949943,26.3240048260627],[-80.1931006950404,26.3244718260148],[-80.1930466952481,26.3244498258996],[-80.1930336946486,26.3244478258074],[-80.1929696952946,26.3244418246314],[-80.1926400002351,26.3244440000914],[-80.1926400002351,26.3250239998586],[-80.1946929995816,26.3250229998125],[-80.2011650003638,26.325018999628],[-80.201178000064,26.3261879995774],[-80.2021920000601,26.3261879995774],[-80.2024270001053,26.3261810001539],[-80.2024779997593,26.3278420003089],[-80.1925250003279,26.3278010002169],[-80.1901050002449,26.3277919998018],[-80.1900700004295,26.324745999629],[-80.1904520000591,26.3231800002577],[-80.1903459996675,26.3231800002577],[-80.1903529999903,26.3231030003041],[-80.190359000267,26.3230450003274],[-80.1903600003131,26.3229969999125],[-80.1903610003593,26.3229359997974],[-80.1903659996905,26.3228830000513],[-80.1903719999672,26.3228260001207],[-80.19037900029,26.3227700002362],[-80.1896140000854,26.3227690001901],[-80.1896180002698,26.3231790002115],[-80.18866999972,26.3231780001654],[-80.1886600001582,26.3220240000085],[-80.1886632143352,26.3220227499508],[-80.189604205569,26.322022342558],[-80.1896029123439,26.321657312236],[-80.1896016937625,26.3213138251738],[-80.1904960002895,26.3213100003571],[-80.190675999597,26.3213100003571]]],[[[-80.1809669997266,26.3194970003871],[-80.1809669997266,26.3195379995799],[-80.1809669997266,26.3197159996945],[-80.1809669997266,26.3201020004079],[-80.1804769996132,26.3201010003618],[-80.1803669999364,26.3200980002234],[-80.1803619997058,26.3194219996265],[-80.1802029995681,26.3194439997417],[-80.1802059997065,26.3194029996496],[-80.1802210003982,26.3194039996957],[-80.1804740003741,26.3194059997879],[-80.18055300042,26.3194059997879],[-80.1807919997503,26.319406999834],[-80.1808719998423,26.3194079998802],[-80.1809329999573,26.3194079998802],[-80.1809689998188,26.3194089999263],[-80.1809669997266,26.3194970003871]]],[[[-80.1885470003431,26.3231780001654],[-80.1876630000468,26.323173999981],[-80.1876520004388,26.3222990000996],[-80.1885290004124,26.3223089996615],[-80.1885470003431,26.3231780001654]]],[[[-80.1785030003126,26.3231780001654],[-80.1773550004323,26.323163000373],[-80.1772819997638,26.3213169997806],[-80.1787669998965,26.3213120004493],[-80.1787746908986,26.3219158250562],[-80.1786672327059,26.3220171741541],[-80.1784756906,26.3221978245708],[-80.1784916913379,26.3230748254437],[-80.1785030003126,26.3231780001654]]],[[[-80.1824109997672,26.3231810003038],[-80.1814070002322,26.3231729999349],[-80.181385000117,26.321319999919],[-80.1823889996519,26.3213040000804],[-80.1824109997672,26.3231810003038]]],[[[-80.1828819999037,26.3209540001279],[-80.1828740004341,26.3202130001307],[-80.1823679995829,26.3202110000385],[-80.1823600001132,26.3194209995803],[-80.1826960003195,26.3194279999032],[-80.1828789997654,26.3194320000876],[-80.1843910002438,26.3194259998109],[-80.1843789996904,26.3231719998888],[-80.1829149996269,26.3231849995889],[-80.1828890002265,26.3216719999637],[-80.183229999764,26.3216719999637],[-80.1834039996942,26.3216709999176],[-80.1834009995558,26.3212769997346],[-80.1833970002707,26.3209499999434],[-80.1828819999037,26.3209540001279]]],[[[-80.1803940002822,26.3231729999349],[-80.1804140003052,26.3250300001352],[-80.1794059996865,26.3250280000431],[-80.1793919999402,26.3231699997965],[-80.1803940002822,26.3231729999349]]],[[[-80.1864299998439,26.3231640004192],[-80.1865390003739,26.3246060003675],[-80.1865980003968,26.3249629997435],[-80.1866009996357,26.3251359996275],[-80.1854559998938,26.3251179996968],[-80.1854519997094,26.3250259999508],[-80.1854509996633,26.3248740001359],[-80.1854499996171,26.3247729999749],[-80.1854499996171,26.3246250003444],[-80.1854450002859,26.3243219998613],[-80.1846339997586,26.3243229999074],[-80.1844589997824,26.3243239999535],[-80.184473000428,26.323163000373],[-80.1864299998439,26.3231640004192]]]]}},{"type":"Feature","id":"FL-12011-Z073-2022","properties":{"state_po":"FL","county_fips":"12011","county_name":"Broward County","precinct_id":"Z073","geometry_vintage":"2022"},"geometry":{"type":"MultiPolygon","coordinates":[[[[-80.1445779997742,26.1221560002001],[-80.1434980003318,26.1222209996003],[-80.1434039995942,26.1205629995836],[-80.1445140004201,26.1205390002755],[-80.1445779997742,26.1221560002001]]]]}}]}